-- MySQL dump 10.14  Distrib 5.5.46-MariaDB, for debian-linux-gnu (x86_64)
--
-- Host: localhost    Database: mfc
-- ------------------------------------------------------
-- Server version	5.5.46-MariaDB-1~wheezy-log

/*!40101 SET @OLD_CHARACTER_SET_CLIENT=@@CHARACTER_SET_CLIENT */;
/*!40101 SET @OLD_CHARACTER_SET_RESULTS=@@CHARACTER_SET_RESULTS */;
/*!40101 SET @OLD_COLLATION_CONNECTION=@@COLLATION_CONNECTION */;
/*!40101 SET NAMES utf8 */;
/*!40103 SET @OLD_TIME_ZONE=@@TIME_ZONE */;
/*!40103 SET TIME_ZONE='+00:00' */;
/*!40014 SET @OLD_UNIQUE_CHECKS=@@UNIQUE_CHECKS, UNIQUE_CHECKS=0 */;
/*!40014 SET @OLD_FOREIGN_KEY_CHECKS=@@FOREIGN_KEY_CHECKS, FOREIGN_KEY_CHECKS=0 */;
/*!40101 SET @OLD_SQL_MODE=@@SQL_MODE, SQL_MODE='NO_AUTO_VALUE_ON_ZERO' */;
/*!40111 SET @OLD_SQL_NOTES=@@SQL_NOTES, SQL_NOTES=0 */;

--
-- Table structure for table `admin_activity`
--

DROP TABLE IF EXISTS `admin_activity`;
/*!40101 SET @saved_cs_client     = @@character_set_client */;
/*!40101 SET character_set_client = utf8 */;
CREATE TABLE `admin_activity` (
  `id` int(10) unsigned NOT NULL AUTO_INCREMENT,
  `created` timestamp NOT NULL DEFAULT CURRENT_TIMESTAMP ON UPDATE CURRENT_TIMESTAMP,
  `user_id` int(10) unsigned NOT NULL,
  `group_id` int(10) unsigned NOT NULL,
  `event` char(32) NOT NULL,
  `controller_id` int(10) unsigned NOT NULL,
  `extended` text NOT NULL,
  PRIMARY KEY (`id`),
  KEY `user_id` (`user_id`),
  KEY `created` (`created`),
  KEY `group_id` (`group_id`),
  KEY `controller_id` (`controller_id`),
  KEY `event` (`event`,`created`),
  FULLTEXT KEY `extended` (`extended`)
) ENGINE=MyISAM AUTO_INCREMENT=474 DEFAULT CHARSET=utf8;
/*!40101 SET character_set_client = @saved_cs_client */;

--
-- Dumping data for table `admin_activity`
--
LOCK TABLES `admin_activity` WRITE;
/*!40000 ALTER TABLE `admin_activity` DISABLE KEYS */;
INSERT INTO `admin_activity` VALUES (6,'2015-10-19 14:43:08',4,3,'update',4,'a:4:{s:10:\"controller\";s:29:\"Структура сайта\";s:12:\"controllerID\";s:9:\"s\";s:5:\"title\";s:9:\"О МФЦ\";s:2:\"id\";s:1:\"1\";}'),(7,'2015-10-19 14:44:02',4,3,'update',4,'a:4:{s:10:\"controller\";s:29:\"Структура сайта\";s:12:\"controllerID\";s:9:\"structure\";s:5:\"title\";s:12:\"Услуги\";s:2:\"id\";s:1:\"2\";}'),(8,'2015-10-19 14:44:28',4,3,'update',4,'a:4:{s:10:\"controller\";s:29:\"Структура сайта\";s:12:\"controllerID\";s:9:\"structure\";s:5:\"title\";s:18:\"Отделения\";s:2:\"id\";s:1:\"3\";}'),(9,'2015-10-19 14:45:00',4,3,'update',4,'a:4:{s:10:\"controller\";s:29:\"Структура сайта\";s:12:\"controllerID\";s:9:\"structure\";s:5:\"title\";s:42:\"Документы и регламенты\";s:2:\"id\";s:1:\"4\";}'),(10,'2015-10-19 14:45:27',4,3,'update',4,'a:4:{s:10:\"controller\";s:29:\"Структура сайта\";s:12:\"controllerID\";s:9:\"structure\";s:5:\"title\";s:43:\"Услуги, оказываемые МФЦ\";s:2:\"id\";s:1:\"2\";}'),(11,'2015-10-19 14:45:54',4,3,'update',4,'a:4:{s:10:\"controller\";s:29:\"Структура сайта\";s:12:\"controllerID\";s:9:\"structure\";s:5:\"title\";s:21:\"История МФЦ\";s:2:\"id\";s:1:\"6\";}'),(12,'2015-10-19 14:46:15',4,3,'update',4,'a:4:{s:10:\"controller\";s:29:\"Структура сайта\";s:12:\"controllerID\";s:9:\"structure\";s:5:\"title\";s:31:\"Цели и задачи МФЦ\";s:2:\"id\";s:1:\"7\";}'),(13,'2015-10-19 14:46:28',4,3,'update',4,'a:4:{s:10:\"controller\";s:29:\"Структура сайта\";s:12:\"controllerID\";s:9:\"structure\";s:5:\"title\";s:9:\"О МФЦ\";s:2:\"id\";s:1:\"1\";}'),(14,'2015-10-19 14:46:49',4,3,'update',4,'a:4:{s:10:\"controller\";s:29:\"Структура сайта\";s:12:\"controllerID\";s:9:\"structure\";s:5:\"title\";s:20:\"Сотрудники\";s:2:\"id\";s:1:\"8\";}'),(15,'2015-10-19 14:47:08',4,3,'update',4,'a:4:{s:10:\"controller\";s:29:\"Структура сайта\";s:12:\"controllerID\";s:9:\"structure\";s:5:\"title\";s:22:\"Руководство\";s:2:\"id\";s:1:\"9\";}'),(16,'2015-10-19 14:47:26',4,3,'update',4,'a:4:{s:10:\"controller\";s:29:\"Структура сайта\";s:12:\"controllerID\";s:9:\"structure\";s:5:\"title\";s:18:\"Реквизиты\";s:2:\"id\";s:2:\"10\";}'),(17,'2015-10-19 14:47:47',4,3,'update',4,'a:4:{s:10:\"controller\";s:29:\"Структура сайта\";s:12:\"controllerID\";s:9:\"structure\";s:5:\"title\";s:14:\"Новости\";s:2:\"id\";s:1:\"5\";}'),(18,'2015-10-19 14:48:20',4,3,'update',4,'a:4:{s:10:\"controller\";s:29:\"Структура сайта\";s:12:\"controllerID\";s:9:\"structure\";s:5:\"title\";s:42:\"Контакты отделений МФЦ\";s:2:\"id\";s:2:\"11\";}'),(19,'2015-10-19 14:57:53',4,1,'update',12,'a:4:{s:10:\"controller\";s:39:\"Группы пользователей\";s:12:\"controllerID\";s:10:\"usergroups\";s:5:\"title\";s:6:\"МФЦ\";s:2:\"id\";s:1:\"3\";}'),(20,'2015-10-20 07:52:03',4,1,'login',0,'a:1:{s:2:\"ip\";s:9:\"127.0.0.1\";}'),(21,'2015-10-21 11:08:48',4,1,'login',0,'a:1:{s:2:\"ip\";s:14:\"87.251.184.148\";}'),(22,'2015-10-21 11:08:53',4,1,'login',0,'a:1:{s:2:\"ip\";s:14:\"87.251.184.148\";}'),(23,'2015-10-21 11:10:51',4,1,'login',0,'a:1:{s:2:\"ip\";s:14:\"87.251.184.148\";}'),(24,'2015-10-21 11:15:14',4,1,'login',0,'a:1:{s:2:\"ip\";s:14:\"87.251.184.148\";}'),(25,'2015-10-21 11:15:31',4,1,'login',0,'a:1:{s:2:\"ip\";s:14:\"87.251.184.148\";}'),(26,'2015-10-21 11:15:58',4,1,'login',0,'a:1:{s:2:\"ip\";s:14:\"87.251.184.148\";}'),(27,'2015-10-21 11:17:16',4,1,'login',0,'a:1:{s:2:\"ip\";s:14:\"87.251.184.148\";}'),(28,'2015-10-21 11:18:41',4,1,'login',0,'a:1:{s:2:\"ip\";s:14:\"87.251.184.148\";}'),(29,'2015-10-21 11:20:58',4,1,'login',0,'a:1:{s:2:\"ip\";s:14:\"87.251.184.148\";}'),(30,'2015-10-21 11:22:46',4,1,'update',12,'a:4:{s:10:\"controller\";s:39:\"Группы пользователей\";s:12:\"controllerID\";s:10:\"usergroups\";s:5:\"title\";s:6:\"МФЦ\";s:2:\"id\";s:1:\"3\";}'),(31,'2015-10-21 11:22:58',4,1,'update',12,'a:4:{s:10:\"controller\";s:39:\"Группы пользователей\";s:12:\"controllerID\";s:10:\"usergroups\";s:5:\"title\";s:6:\"МФЦ\";s:2:\"id\";s:1:\"3\";}'),(32,'2015-10-21 11:24:36',4,1,'login',0,'a:1:{s:2:\"ip\";s:14:\"87.251.184.148\";}'),(33,'2015-10-21 11:25:13',4,1,'login',0,'a:1:{s:2:\"ip\";s:14:\"87.251.184.148\";}'),(34,'2015-10-21 11:25:16',4,1,'login',0,'a:1:{s:2:\"ip\";s:14:\"87.251.184.148\";}'),(35,'2015-10-21 11:25:58',4,1,'login',0,'a:1:{s:2:\"ip\";s:14:\"87.251.184.148\";}'),(36,'2015-10-21 11:27:09',4,1,'login',0,'a:1:{s:2:\"ip\";s:14:\"87.251.184.148\";}'),(37,'2015-10-21 11:37:36',4,1,'login',0,'a:1:{s:2:\"ip\";s:14:\"87.251.184.148\";}'),(38,'2015-10-21 11:38:56',4,1,'login',0,'a:1:{s:2:\"ip\";s:14:\"87.251.184.148\";}'),(39,'2015-10-21 11:39:30',4,1,'login',0,'a:1:{s:2:\"ip\";s:14:\"87.251.184.148\";}'),(40,'2015-10-21 11:41:13',4,1,'login',0,'a:1:{s:2:\"ip\";s:14:\"87.251.184.148\";}'),(41,'2015-10-21 11:41:55',0,0,'login_wrong',0,'a:2:{s:5:\"login\";s:0:\"\";s:2:\"ip\";s:14:\"87.251.184.148\";}'),(42,'2015-10-21 11:41:56',0,0,'login_wrong',0,'a:2:{s:5:\"login\";s:0:\"\";s:2:\"ip\";s:14:\"87.251.184.148\";}'),(43,'2015-10-21 11:51:17',4,1,'login',0,'a:1:{s:2:\"ip\";s:14:\"87.251.184.148\";}'),(44,'2015-10-21 12:13:55',4,1,'insert',11,'a:4:{s:10:\"controller\";s:23:\"Модули сайта\";s:12:\"controllerID\";s:7:\"modules\";s:5:\"title\";s:14:\"Новости\";s:2:\"id\";s:3:\"115\";}'),(45,'2015-10-21 12:19:27',4,1,'update',1,'a:4:{s:10:\"controller\";s:24:\"Пользователи\";s:12:\"controllerID\";s:5:\"users\";s:5:\"title\";s:15:\"serge@ekburg.ru\";s:2:\"id\";s:1:\"6\";}'),(46,'2015-10-22 10:07:19',0,0,'login_wrong',0,'a:2:{s:5:\"login\";s:5:\"admin\";s:2:\"ip\";s:14:\"87.251.184.148\";}'),(47,'2015-10-22 10:07:36',6,1,'login',0,'a:1:{s:2:\"ip\";s:14:\"87.251.184.148\";}'),(48,'2015-10-22 10:10:02',6,1,'insert',1,'a:4:{s:10:\"controller\";s:24:\"Пользователи\";s:12:\"controllerID\";s:5:\"users\";s:5:\"title\";s:22:\"siluyanova_mp@ekadm.ru\";s:2:\"id\";s:1:\"7\";}'),(49,'2015-10-26 11:10:42',0,0,'login_wrong',0,'a:2:{s:5:\"login\";s:18:\"info@web-otdel.com\";s:2:\"ip\";s:14:\"194.213.116.30\";}'),(50,'2015-10-26 11:10:52',0,0,'login_wrong',0,'a:2:{s:5:\"login\";s:18:\"info@web-otdel.com\";s:2:\"ip\";s:14:\"194.213.116.30\";}'),(51,'2015-10-26 11:11:50',6,1,'login',0,'a:1:{s:2:\"ip\";s:14:\"194.213.116.30\";}'),(52,'2015-10-26 11:13:22',6,1,'update',4,'a:4:{s:10:\"controller\";s:29:\"Структура сайта\";s:12:\"controllerID\";s:9:\"structure\";s:5:\"title\";s:9:\"О МФЦ\";s:2:\"id\";s:2:\"12\";}'),(53,'2015-10-26 11:24:54',6,1,'logout',0,''),(54,'2015-10-26 11:25:03',6,1,'login',0,'a:1:{s:2:\"ip\";s:14:\"194.213.116.30\";}'),(55,'2015-10-26 11:38:16',6,1,'update',4,'a:4:{s:10:\"controller\";s:29:\"Структура сайта\";s:12:\"controllerID\";s:9:\"structure\";s:5:\"title\";s:14:\"История\";s:2:\"id\";s:2:\"13\";}'),(56,'2015-10-26 11:39:30',4,1,'login',0,'a:1:{s:2:\"ip\";s:14:\"87.251.184.148\";}'),(57,'2015-10-26 11:42:02',6,3,'logout',0,''),(58,'2015-10-26 11:42:19',7,1,'login',0,'a:1:{s:2:\"ip\";s:14:\"194.213.116.30\";}'),(59,'2015-10-26 11:49:35',7,1,'update',4,'a:4:{s:10:\"controller\";s:29:\"Структура сайта\";s:12:\"controllerID\";s:9:\"structure\";s:5:\"title\";s:14:\"История\";s:2:\"id\";s:2:\"15\";}'),(60,'2015-10-26 11:52:08',7,1,'update',4,'a:4:{s:10:\"controller\";s:29:\"Структура сайта\";s:12:\"controllerID\";s:9:\"structure\";s:5:\"title\";s:14:\"История\";s:2:\"id\";s:2:\"15\";}'),(61,'2015-10-26 11:53:07',7,1,'update',4,'a:4:{s:10:\"controller\";s:29:\"Структура сайта\";s:12:\"controllerID\";s:9:\"structure\";s:5:\"title\";s:14:\"История\";s:2:\"id\";s:2:\"14\";}'),(62,'2015-10-26 11:54:49',7,1,'logout',0,''),(63,'2015-10-26 11:55:20',6,1,'login',0,'a:1:{s:2:\"ip\";s:14:\"194.213.116.30\";}'),(64,'2015-10-26 11:56:03',6,1,'update',1,'a:4:{s:10:\"controller\";s:24:\"Пользователи\";s:12:\"controllerID\";s:5:\"users\";s:5:\"title\";s:22:\"siluyanova_mp@ekadm.ru\";s:2:\"id\";s:1:\"7\";}'),(65,'2015-10-26 11:56:07',6,1,'logout',0,''),(66,'2015-10-26 11:56:18',6,1,'login',0,'a:1:{s:2:\"ip\";s:14:\"194.213.116.30\";}'),(67,'2015-10-26 11:56:21',6,1,'logout',0,''),(68,'2015-10-26 11:56:26',6,1,'login',0,'a:1:{s:2:\"ip\";s:14:\"194.213.116.30\";}'),(69,'2015-10-26 11:56:28',6,1,'logout',0,''),(70,'2015-10-26 11:57:07',7,3,'login',0,'a:1:{s:2:\"ip\";s:14:\"194.213.116.30\";}'),(71,'2015-10-26 11:57:46',7,3,'update',4,'a:4:{s:10:\"controller\";s:29:\"Структура сайта\";s:12:\"controllerID\";s:9:\"structure\";s:5:\"title\";s:21:\"История МФЦ\";s:2:\"id\";s:1:\"6\";}'),(72,'2015-10-26 11:59:55',7,3,'update',4,'a:4:{s:10:\"controller\";s:29:\"Структура сайта\";s:12:\"controllerID\";s:9:\"structure\";s:5:\"title\";s:43:\"Услуги, оказываемые МФЦ\";s:2:\"id\";s:1:\"2\";}'),(73,'2015-10-26 12:13:55',7,3,'insert',10,'a:4:{s:10:\"controller\";s:37:\"Галерея изображений\";s:12:\"controllerID\";s:7:\"gallery\";s:5:\"title\";s:55:\"/media/gallery/c/d/cd58823cb8cb8b11e4234df9dcb3f662.jpg\";s:2:\"id\";i:0;}'),(74,'2015-10-26 12:14:15',7,3,'update',4,'a:4:{s:10:\"controller\";s:29:\"Структура сайта\";s:12:\"controllerID\";s:9:\"structure\";s:5:\"title\";s:43:\"Услуги, оказываемые МФЦ\";s:2:\"id\";s:1:\"2\";}'),(75,'2015-10-26 12:26:16',7,3,'update',4,'a:4:{s:10:\"controller\";s:29:\"Структура сайта\";s:12:\"controllerID\";s:9:\"structure\";s:5:\"title\";s:43:\"Услуги, оказываемые МФЦ\";s:2:\"id\";s:1:\"2\";}'),(76,'2015-10-26 12:27:57',7,3,'update',4,'a:4:{s:10:\"controller\";s:29:\"Структура сайта\";s:12:\"controllerID\";s:9:\"structure\";s:5:\"title\";s:43:\"Услуги, оказываемые МФЦ\";s:2:\"id\";s:1:\"2\";}'),(77,'2015-10-26 12:28:31',7,3,'update',4,'a:4:{s:10:\"controller\";s:29:\"Структура сайта\";s:12:\"controllerID\";s:9:\"structure\";s:5:\"title\";s:43:\"Услуги, оказываемые МФЦ\";s:2:\"id\";s:1:\"2\";}'),(78,'2015-10-26 12:33:29',7,3,'restore',0,'a:4:{s:10:\"controller\";s:30:\"Тексты для сайта\";s:12:\"controllerID\";s:12:\"contenttexts\";s:5:\"title\";s:43:\"Услуги, оказываемые МФЦ\";s:2:\"id\";s:1:\"5\";}'),(79,'2015-10-26 12:44:24',7,3,'logout',0,''),(80,'2015-10-26 12:44:44',6,1,'login',0,'a:1:{s:2:\"ip\";s:14:\"194.213.116.30\";}'),(81,'2015-10-27 09:54:47',6,1,'login',0,'a:1:{s:2:\"ip\";s:14:\"87.251.184.148\";}'),(82,'2015-10-27 09:54:47',6,1,'restore',0,'a:4:{s:10:\"controller\";s:30:\"Тексты для сайта\";s:12:\"controllerID\";s:12:\"contenttexts\";s:5:\"title\";s:43:\"Услуги, оказываемые МФЦ\";s:2:\"id\";s:1:\"5\";}'),(83,'2015-10-27 12:05:19',6,1,'insert',1,'a:4:{s:10:\"controller\";s:24:\"Пользователи\";s:12:\"controllerID\";s:5:\"users\";s:5:\"title\";s:21:\"maria.s@mfc.ekburg.ru\";s:2:\"id\";s:1:\"8\";}'),(84,'2015-10-27 12:08:14',6,1,'update',1,'a:4:{s:10:\"controller\";s:24:\"Пользователи\";s:12:\"controllerID\";s:5:\"users\";s:5:\"title\";s:20:\"kryazhev_av@ekadm.ru\";s:2:\"id\";s:1:\"8\";}'),(85,'2015-10-27 12:08:23',6,1,'update',1,'a:4:{s:10:\"controller\";s:24:\"Пользователи\";s:12:\"controllerID\";s:5:\"users\";s:5:\"title\";s:22:\"siluyanova_mp@ekadm.ru\";s:2:\"id\";s:1:\"7\";}'),(86,'2015-10-27 13:33:28',8,3,'login',0,'a:1:{s:2:\"ip\";s:14:\"194.213.116.25\";}'),(87,'2015-10-27 13:40:59',8,3,'update',23,'a:4:{s:10:\"controller\";s:29:\"Настройки сайта\";s:12:\"controllerID\";s:11:\"siteoptions\";s:5:\"title\";s:66:\"МКУ МФЦ МО &quot;город Екатеринбург&quot;\";s:2:\"id\";s:1:\"1\";}'),(88,'2015-10-27 13:50:33',8,3,'insert',10,'a:4:{s:10:\"controller\";s:37:\"Галерея изображений\";s:12:\"controllerID\";s:7:\"gallery\";s:5:\"title\";s:55:\"/media/gallery/1/8/18898a7bf89dbf001373c7004fec2324.jpg\";s:2:\"id\";i:0;}'),(89,'2015-10-27 13:52:12',8,3,'update',4,'a:4:{s:10:\"controller\";s:29:\"Структура сайта\";s:12:\"controllerID\";s:9:\"structure\";s:5:\"title\";s:21:\"История МФЦ\";s:2:\"id\";s:1:\"6\";}'),(90,'2015-10-27 13:53:02',8,3,'update',4,'a:4:{s:10:\"controller\";s:29:\"Структура сайта\";s:12:\"controllerID\";s:9:\"structure\";s:5:\"title\";s:21:\"История МФЦ\";s:2:\"id\";s:1:\"6\";}'),(91,'2015-10-27 13:53:18',8,3,'update',4,'a:4:{s:10:\"controller\";s:29:\"Структура сайта\";s:12:\"controllerID\";s:9:\"structure\";s:5:\"title\";s:21:\"История МФЦ\";s:2:\"id\";s:1:\"6\";}'),(92,'2015-10-27 13:53:31',8,3,'update',4,'a:4:{s:10:\"controller\";s:29:\"Структура сайта\";s:12:\"controllerID\";s:9:\"structure\";s:5:\"title\";s:21:\"История МФЦ\";s:2:\"id\";s:1:\"6\";}'),(93,'2015-10-27 13:54:05',8,3,'update',4,'a:4:{s:10:\"controller\";s:29:\"Структура сайта\";s:12:\"controllerID\";s:9:\"structure\";s:5:\"title\";s:21:\"История МФЦ\";s:2:\"id\";s:1:\"6\";}'),(94,'2015-10-27 13:54:22',8,3,'update',4,'a:4:{s:10:\"controller\";s:29:\"Структура сайта\";s:12:\"controllerID\";s:9:\"structure\";s:5:\"title\";s:21:\"История МФЦ\";s:2:\"id\";s:1:\"6\";}'),(95,'2015-10-27 13:54:50',8,3,'update',4,'a:4:{s:10:\"controller\";s:29:\"Структура сайта\";s:12:\"controllerID\";s:9:\"structure\";s:5:\"title\";s:21:\"История МФЦ\";s:2:\"id\";s:1:\"6\";}'),(96,'2015-10-27 13:55:00',8,3,'update',4,'a:4:{s:10:\"controller\";s:29:\"Структура сайта\";s:12:\"controllerID\";s:9:\"structure\";s:5:\"title\";s:21:\"История МФЦ\";s:2:\"id\";s:1:\"6\";}'),(97,'2015-10-27 13:55:09',8,3,'update',4,'a:4:{s:10:\"controller\";s:29:\"Структура сайта\";s:12:\"controllerID\";s:9:\"structure\";s:5:\"title\";s:21:\"История МФЦ\";s:2:\"id\";s:1:\"6\";}'),(98,'2015-10-27 13:55:18',8,3,'update',4,'a:4:{s:10:\"controller\";s:29:\"Структура сайта\";s:12:\"controllerID\";s:9:\"structure\";s:5:\"title\";s:21:\"История МФЦ\";s:2:\"id\";s:1:\"6\";}'),(99,'2015-10-27 13:55:26',8,3,'update',4,'a:4:{s:10:\"controller\";s:29:\"Структура сайта\";s:12:\"controllerID\";s:9:\"structure\";s:5:\"title\";s:21:\"История МФЦ\";s:2:\"id\";s:1:\"6\";}'),(100,'2015-10-27 13:55:34',8,3,'update',4,'a:4:{s:10:\"controller\";s:29:\"Структура сайта\";s:12:\"controllerID\";s:9:\"structure\";s:5:\"title\";s:21:\"История МФЦ\";s:2:\"id\";s:1:\"6\";}'),(101,'2015-10-27 13:56:15',8,3,'update',4,'a:4:{s:10:\"controller\";s:29:\"Структура сайта\";s:12:\"controllerID\";s:9:\"structure\";s:5:\"title\";s:21:\"История МФЦ\";s:2:\"id\";s:1:\"6\";}'),(102,'2015-10-27 13:57:05',8,3,'update',4,'a:4:{s:10:\"controller\";s:29:\"Структура сайта\";s:12:\"controllerID\";s:9:\"structure\";s:5:\"title\";s:21:\"История МФЦ\";s:2:\"id\";s:1:\"6\";}'),(103,'2015-10-27 13:57:24',8,3,'update',4,'a:4:{s:10:\"controller\";s:29:\"Структура сайта\";s:12:\"controllerID\";s:9:\"structure\";s:5:\"title\";s:21:\"История МФЦ\";s:2:\"id\";s:1:\"6\";}'),(104,'2015-10-27 13:57:33',8,3,'update',4,'a:4:{s:10:\"controller\";s:29:\"Структура сайта\";s:12:\"controllerID\";s:9:\"structure\";s:5:\"title\";s:21:\"История МФЦ\";s:2:\"id\";s:1:\"6\";}'),(105,'2015-10-27 13:58:03',8,3,'update',4,'a:4:{s:10:\"controller\";s:29:\"Структура сайта\";s:12:\"controllerID\";s:9:\"structure\";s:5:\"title\";s:21:\"История МФЦ\";s:2:\"id\";s:1:\"6\";}'),(106,'2015-10-27 13:58:54',8,3,'update',4,'a:4:{s:10:\"controller\";s:29:\"Структура сайта\";s:12:\"controllerID\";s:9:\"structure\";s:5:\"title\";s:21:\"История МФЦ\";s:2:\"id\";s:1:\"6\";}'),(107,'2015-10-27 13:59:23',8,3,'update',4,'a:4:{s:10:\"controller\";s:29:\"Структура сайта\";s:12:\"controllerID\";s:9:\"structure\";s:5:\"title\";s:21:\"История МФЦ\";s:2:\"id\";s:1:\"6\";}'),(108,'2015-10-27 13:59:45',8,3,'update',4,'a:4:{s:10:\"controller\";s:29:\"Структура сайта\";s:12:\"controllerID\";s:9:\"structure\";s:5:\"title\";s:21:\"История МФЦ\";s:2:\"id\";s:1:\"6\";}'),(109,'2015-10-27 14:01:31',8,3,'update',4,'a:4:{s:10:\"controller\";s:29:\"Структура сайта\";s:12:\"controllerID\";s:9:\"structure\";s:5:\"title\";s:31:\"Цели и задачи МФЦ\";s:2:\"id\";s:1:\"7\";}'),(110,'2015-10-27 14:08:07',8,3,'insert',10,'a:4:{s:10:\"controller\";s:37:\"Галерея изображений\";s:12:\"controllerID\";s:7:\"gallery\";s:5:\"title\";s:55:\"/media/gallery/8/3/834f03753d2bbce652849b066e76a0d0.jpg\";s:2:\"id\";i:0;}'),(111,'2015-10-27 14:08:41',8,3,'insert',10,'a:4:{s:10:\"controller\";s:37:\"Галерея изображений\";s:12:\"controllerID\";s:7:\"gallery\";s:5:\"title\";s:55:\"/media/gallery/5/e/5ea6573279e4c7c50aad44b57541e8e1.jpg\";s:2:\"id\";i:0;}'),(112,'2015-10-27 14:09:32',8,3,'update',4,'a:4:{s:10:\"controller\";s:29:\"Структура сайта\";s:12:\"controllerID\";s:9:\"structure\";s:5:\"title\";s:20:\"Сотрудники\";s:2:\"id\";s:1:\"8\";}'),(113,'2015-10-27 14:09:58',8,3,'update',4,'a:4:{s:10:\"controller\";s:29:\"Структура сайта\";s:12:\"controllerID\";s:9:\"structure\";s:5:\"title\";s:20:\"Сотрудники\";s:2:\"id\";s:1:\"8\";}'),(114,'2015-10-27 14:10:58',8,3,'update',4,'a:4:{s:10:\"controller\";s:29:\"Структура сайта\";s:12:\"controllerID\";s:9:\"structure\";s:5:\"title\";s:20:\"Сотрудники\";s:2:\"id\";s:1:\"8\";}'),(115,'2015-10-27 14:12:09',8,3,'update',4,'a:4:{s:10:\"controller\";s:29:\"Структура сайта\";s:12:\"controllerID\";s:9:\"structure\";s:5:\"title\";s:20:\"Сотрудники\";s:2:\"id\";s:1:\"8\";}'),(116,'2015-10-27 14:12:37',8,3,'update',4,'a:4:{s:10:\"controller\";s:29:\"Структура сайта\";s:12:\"controllerID\";s:9:\"structure\";s:5:\"title\";s:20:\"Сотрудники\";s:2:\"id\";s:1:\"8\";}'),(117,'2015-10-27 14:12:46',8,3,'update',4,'a:4:{s:10:\"controller\";s:29:\"Структура сайта\";s:12:\"controllerID\";s:9:\"structure\";s:5:\"title\";s:20:\"Сотрудники\";s:2:\"id\";s:1:\"8\";}'),(118,'2015-10-27 14:13:55',8,3,'update',4,'a:4:{s:10:\"controller\";s:29:\"Структура сайта\";s:12:\"controllerID\";s:9:\"structure\";s:5:\"title\";s:111:\"Отдел приема и выдачи документов по Железнодорожному району\";s:2:\"id\";s:2:\"16\";}'),(119,'2015-10-27 14:15:02',8,3,'update',4,'a:4:{s:10:\"controller\";s:29:\"Структура сайта\";s:12:\"controllerID\";s:9:\"structure\";s:5:\"title\";s:111:\"Отдел приема и выдачи документов по Железнодорожному району\";s:2:\"id\";s:2:\"16\";}'),(120,'2015-10-27 14:17:09',8,3,'insert',10,'a:4:{s:10:\"controller\";s:37:\"Галерея изображений\";s:12:\"controllerID\";s:7:\"gallery\";s:5:\"title\";s:8:\"Фото\";s:2:\"id\";s:1:\"1\";}'),(121,'2015-10-27 14:17:41',8,3,'insert',10,'a:4:{s:10:\"controller\";s:37:\"Галерея изображений\";s:12:\"controllerID\";s:7:\"gallery\";s:5:\"title\";s:55:\"/media/gallery/a/4/a49ef646caed8fbd3c27c610f50dec92.jpg\";s:2:\"id\";i:1;}'),(122,'2015-10-27 14:18:13',8,3,'insert',10,'a:4:{s:10:\"controller\";s:37:\"Галерея изображений\";s:12:\"controllerID\";s:7:\"gallery\";s:5:\"title\";s:55:\"/media/gallery/a/f/af3c22242f49286fa2a562314045a034.jpg\";s:2:\"id\";i:1;}'),(123,'2015-10-27 14:18:33',8,3,'insertlinked',4,'a:5:{s:10:\"controller\";s:29:\"Структура сайта\";s:12:\"controllerID\";s:9:\"structure\";s:5:\"title\";s:111:\"Отдел приема и выдачи документов по Железнодорожному району\";s:6:\"linked\";s:8:\"Фото\";s:2:\"id\";i:16;}'),(124,'2015-10-27 14:18:36',8,3,'update',4,'a:4:{s:10:\"controller\";s:29:\"Структура сайта\";s:12:\"controllerID\";s:9:\"structure\";s:5:\"title\";s:111:\"Отдел приема и выдачи документов по Железнодорожному району\";s:2:\"id\";s:2:\"16\";}'),(125,'2015-10-27 14:21:37',8,3,'insert',25,'a:4:{s:10:\"controller\";s:10:\"Файлы\";s:12:\"controllerID\";s:5:\"files\";s:5:\"title\";s:8:\"176-ФЗ\";s:2:\"id\";s:1:\"1\";}'),(126,'2015-10-27 14:22:54',8,3,'update',4,'a:4:{s:10:\"controller\";s:29:\"Структура сайта\";s:12:\"controllerID\";s:9:\"structure\";s:5:\"title\";s:111:\"Отдел приема и выдачи документов по Железнодорожному району\";s:2:\"id\";s:2:\"16\";}'),(127,'2015-10-27 14:23:32',8,3,'update',4,'a:4:{s:10:\"controller\";s:29:\"Структура сайта\";s:12:\"controllerID\";s:9:\"structure\";s:5:\"title\";s:111:\"Отдел приема и выдачи документов по Железнодорожному району\";s:2:\"id\";s:2:\"16\";}'),(128,'2015-10-27 14:29:17',8,3,'insert',115,'a:4:{s:10:\"controller\";s:14:\"Новости\";s:12:\"controllerID\";s:4:\"news\";s:5:\"title\";s:100:\"Изменился порядок расчета компенсации расходов на ЖКУ\";s:2:\"id\";s:1:\"4\";}'),(129,'2015-10-27 14:29:43',8,3,'update',115,'a:4:{s:10:\"controller\";s:14:\"Новости\";s:12:\"controllerID\";s:4:\"news\";s:5:\"title\";s:100:\"Изменился порядок расчета компенсации расходов на ЖКУ\";s:2:\"id\";s:1:\"4\";}'),(130,'2015-10-28 05:29:47',7,1,'login',0,'a:1:{s:2:\"ip\";s:14:\"194.213.116.25\";}'),(131,'2015-10-28 05:45:26',7,1,'insert',1,'a:4:{s:10:\"controller\";s:24:\"Пользователи\";s:12:\"controllerID\";s:5:\"users\";s:5:\"title\";s:15:\"lyscov@ekadm.ru\";s:2:\"id\";s:1:\"9\";}'),(132,'2015-10-28 05:48:08',7,1,'insert',12,'a:4:{s:10:\"controller\";s:39:\"Группы пользователей\";s:12:\"controllerID\";s:10:\"usergroups\";s:5:\"title\";s:18:\"Отказники\";s:2:\"id\";s:1:\"4\";}'),(133,'2015-10-28 05:49:15',7,1,'insert',15,'a:4:{s:10:\"controller\";s:25:\"Права доступа\";s:12:\"controllerID\";s:11:\"grouprights\";s:5:\"title\";s:18:\"Отказники\";s:2:\"id\";s:2:\"11\";}'),(134,'2015-10-28 05:54:48',9,3,'login',0,'a:1:{s:2:\"ip\";s:14:\"194.213.116.25\";}'),(135,'2015-10-28 06:00:30',9,3,'logout',0,''),(136,'2015-10-28 06:02:48',7,1,'login',0,'a:1:{s:2:\"ip\";s:14:\"194.213.116.25\";}'),(137,'2015-10-28 06:03:01',7,1,'update',1,'a:4:{s:10:\"controller\";s:24:\"Пользователи\";s:12:\"controllerID\";s:5:\"users\";s:5:\"title\";s:15:\"lyscov@ekadm.ru\";s:2:\"id\";s:1:\"9\";}'),(138,'2015-10-28 06:04:55',9,4,'login',0,'a:1:{s:2:\"ip\";s:14:\"194.213.116.25\";}'),(139,'2015-10-28 06:05:17',9,4,'logout',0,''),(140,'2015-10-28 06:06:37',7,1,'login',0,'a:1:{s:2:\"ip\";s:14:\"194.213.116.25\";}'),(141,'2015-10-28 06:06:50',7,1,'update',1,'a:4:{s:10:\"controller\";s:24:\"Пользователи\";s:12:\"controllerID\";s:5:\"users\";s:5:\"title\";s:15:\"lyscov@ekadm.ru\";s:2:\"id\";s:1:\"9\";}'),(142,'2015-10-28 06:08:47',9,3,'login',0,'a:1:{s:2:\"ip\";s:14:\"194.213.116.25\";}'),(143,'2015-10-28 06:10:13',9,3,'update',4,'a:4:{s:10:\"controller\";s:29:\"Структура сайта\";s:12:\"controllerID\";s:9:\"structure\";s:5:\"title\";s:35:\"Тестовое отделение\";s:2:\"id\";s:2:\"17\";}'),(144,'2015-10-28 06:11:07',9,3,'update',4,'a:4:{s:10:\"controller\";s:29:\"Структура сайта\";s:12:\"controllerID\";s:9:\"structure\";s:5:\"title\";s:35:\"Тестовое отделение\";s:2:\"id\";s:2:\"17\";}'),(145,'2015-10-28 06:12:44',9,3,'update',4,'a:4:{s:10:\"controller\";s:29:\"Структура сайта\";s:12:\"controllerID\";s:9:\"structure\";s:5:\"title\";s:35:\"Тестовое отделение\";s:2:\"id\";s:2:\"17\";}'),(146,'2015-10-28 06:14:13',9,3,'logout',0,''),(147,'2015-10-28 06:15:15',7,1,'login',0,'a:1:{s:2:\"ip\";s:14:\"194.213.116.25\";}'),(148,'2015-10-28 07:59:24',0,0,'login_wrong',0,'a:2:{s:5:\"login\";s:20:\"kryazhev_av@ekadm.ru\";s:2:\"ip\";s:14:\"194.213.116.25\";}'),(149,'2015-10-28 07:59:45',8,3,'login',0,'a:1:{s:2:\"ip\";s:14:\"194.213.116.25\";}'),(150,'2015-10-28 10:40:57',8,3,'login',0,'a:1:{s:2:\"ip\";s:14:\"194.213.116.25\";}'),(151,'2015-10-28 10:42:19',8,3,'update',4,'a:4:{s:10:\"controller\";s:29:\"Структура сайта\";s:12:\"controllerID\";s:9:\"structure\";s:5:\"title\";s:21:\"История МФЦ\";s:2:\"id\";s:1:\"6\";}'),(152,'2015-10-28 10:44:30',8,3,'update',4,'a:4:{s:10:\"controller\";s:29:\"Структура сайта\";s:12:\"controllerID\";s:9:\"structure\";s:5:\"title\";s:21:\"История МФЦ\";s:2:\"id\";s:1:\"6\";}'),(153,'2015-10-28 10:54:01',7,1,'login',0,'a:1:{s:2:\"ip\";s:14:\"194.213.116.25\";}'),(154,'2015-10-29 08:55:10',8,3,'login',0,'a:1:{s:2:\"ip\";s:14:\"194.213.116.25\";}'),(155,'2015-10-29 08:56:40',8,3,'update',4,'a:4:{s:10:\"controller\";s:29:\"Структура сайта\";s:12:\"controllerID\";s:9:\"structure\";s:5:\"title\";s:31:\"Цели и задачи МФЦ\";s:2:\"id\";s:1:\"7\";}'),(156,'2015-10-29 09:05:14',8,3,'update',4,'a:4:{s:10:\"controller\";s:29:\"Структура сайта\";s:12:\"controllerID\";s:9:\"structure\";s:5:\"title\";s:20:\"Сотрудники\";s:2:\"id\";s:1:\"8\";}'),(157,'2015-10-29 09:05:25',8,3,'update',4,'a:4:{s:10:\"controller\";s:29:\"Структура сайта\";s:12:\"controllerID\";s:9:\"structure\";s:5:\"title\";s:20:\"Сотрудники\";s:2:\"id\";s:1:\"8\";}'),(158,'2015-10-29 09:06:13',8,3,'update',4,'a:4:{s:10:\"controller\";s:29:\"Структура сайта\";s:12:\"controllerID\";s:9:\"structure\";s:5:\"title\";s:20:\"Сотрудники\";s:2:\"id\";s:1:\"8\";}'),(159,'2015-10-29 09:07:49',8,3,'update',4,'a:4:{s:10:\"controller\";s:29:\"Структура сайта\";s:12:\"controllerID\";s:9:\"structure\";s:5:\"title\";s:20:\"Сотрудники\";s:2:\"id\";s:1:\"8\";}'),(160,'2015-10-29 09:17:46',8,3,'update',4,'a:4:{s:10:\"controller\";s:29:\"Структура сайта\";s:12:\"controllerID\";s:9:\"structure\";s:5:\"title\";s:22:\"Руководство\";s:2:\"id\";s:1:\"9\";}'),(161,'2015-10-29 09:19:35',8,3,'update',4,'a:4:{s:10:\"controller\";s:29:\"Структура сайта\";s:12:\"controllerID\";s:9:\"structure\";s:5:\"title\";s:22:\"Руководство\";s:2:\"id\";s:1:\"9\";}'),(162,'2015-10-29 09:19:46',8,3,'update',4,'a:4:{s:10:\"controller\";s:29:\"Структура сайта\";s:12:\"controllerID\";s:9:\"structure\";s:5:\"title\";s:22:\"Руководство\";s:2:\"id\";s:1:\"9\";}'),(163,'2015-10-29 09:20:49',8,3,'update',4,'a:4:{s:10:\"controller\";s:29:\"Структура сайта\";s:12:\"controllerID\";s:9:\"structure\";s:5:\"title\";s:18:\"Реквизиты\";s:2:\"id\";s:2:\"10\";}'),(164,'2015-10-29 09:21:23',8,3,'update',4,'a:4:{s:10:\"controller\";s:29:\"Структура сайта\";s:12:\"controllerID\";s:9:\"structure\";s:5:\"title\";s:18:\"Реквизиты\";s:2:\"id\";s:2:\"10\";}'),(165,'2015-10-29 09:21:35',8,3,'update',4,'a:4:{s:10:\"controller\";s:29:\"Структура сайта\";s:12:\"controllerID\";s:9:\"structure\";s:5:\"title\";s:18:\"Реквизиты\";s:2:\"id\";s:2:\"10\";}'),(166,'2015-10-29 09:21:43',8,3,'update',4,'a:4:{s:10:\"controller\";s:29:\"Структура сайта\";s:12:\"controllerID\";s:9:\"structure\";s:5:\"title\";s:18:\"Реквизиты\";s:2:\"id\";s:2:\"10\";}'),(167,'2015-10-29 10:34:50',8,3,'update',4,'a:4:{s:10:\"controller\";s:29:\"Структура сайта\";s:12:\"controllerID\";s:9:\"structure\";s:5:\"title\";s:18:\"Реквизиты\";s:2:\"id\";s:2:\"10\";}'),(168,'2015-10-29 11:37:47',8,3,'update',4,'a:4:{s:10:\"controller\";s:29:\"Структура сайта\";s:12:\"controllerID\";s:9:\"structure\";s:5:\"title\";s:106:\"Отдел приема и выдачи документов по Верх-Исетскому району\";s:2:\"id\";s:2:\"18\";}'),(169,'2015-10-29 13:05:39',8,3,'update',4,'a:4:{s:10:\"controller\";s:29:\"Структура сайта\";s:12:\"controllerID\";s:9:\"structure\";s:5:\"title\";s:106:\"Отдел приема и выдачи документов по Верх-Исетскому району\";s:2:\"id\";s:2:\"18\";}'),(170,'2015-10-29 13:09:14',8,3,'update',4,'a:4:{s:10:\"controller\";s:29:\"Структура сайта\";s:12:\"controllerID\";s:9:\"structure\";s:5:\"title\";s:115:\"Отдел приема и выдачи документов по Орджоникидзевскому району\";s:2:\"id\";s:2:\"19\";}'),(171,'2015-10-29 13:09:26',8,3,'update',4,'a:4:{s:10:\"controller\";s:29:\"Структура сайта\";s:12:\"controllerID\";s:9:\"structure\";s:5:\"title\";s:115:\"Отдел приема и выдачи документов по Орджоникидзевскому району\";s:2:\"id\";s:2:\"19\";}'),(172,'2015-10-29 13:09:45',8,3,'update',4,'a:4:{s:10:\"controller\";s:29:\"Структура сайта\";s:12:\"controllerID\";s:9:\"structure\";s:5:\"title\";s:115:\"Отдел приема и выдачи документов по Орджоникидзевскому району\";s:2:\"id\";s:2:\"19\";}'),(173,'2015-10-29 13:10:26',8,3,'update',4,'a:4:{s:10:\"controller\";s:29:\"Структура сайта\";s:12:\"controllerID\";s:9:\"structure\";s:5:\"title\";s:115:\"Отдел приема и выдачи документов по Орджоникидзевскому району\";s:2:\"id\";s:2:\"19\";}'),(174,'2015-10-29 13:10:41',8,3,'update',4,'a:4:{s:10:\"controller\";s:29:\"Структура сайта\";s:12:\"controllerID\";s:9:\"structure\";s:5:\"title\";s:115:\"Отдел приема и выдачи документов по Орджоникидзевскому району\";s:2:\"id\";s:2:\"19\";}'),(175,'2015-10-29 13:13:53',8,3,'logout',0,''),(176,'2015-10-29 13:14:20',7,1,'login',0,'a:1:{s:2:\"ip\";s:14:\"194.213.116.25\";}'),(177,'2015-10-29 13:15:53',7,3,'logout',0,''),(178,'2015-10-29 13:16:12',0,0,'login_wrong',0,'a:2:{s:5:\"login\";s:22:\"siluyanova_mp@ekadm.ru\";s:2:\"ip\";s:14:\"194.213.116.25\";}'),(179,'2015-10-29 13:16:16',7,1,'login',0,'a:1:{s:2:\"ip\";s:14:\"194.213.116.25\";}'),(180,'2015-10-29 13:16:39',7,1,'logout',0,''),(181,'2015-10-29 13:17:02',8,3,'login',0,'a:1:{s:2:\"ip\";s:14:\"194.213.116.25\";}'),(182,'2015-11-02 06:46:01',8,3,'login',0,'a:1:{s:2:\"ip\";s:14:\"194.213.116.25\";}'),(183,'2015-11-02 06:47:26',8,3,'delete',4,'a:4:{s:10:\"controller\";s:29:\"Структура сайта\";s:12:\"controllerID\";s:9:\"structure\";s:5:\"title\";s:106:\"Отдел приема и выдачи документов по Верх-Исетскому району\";s:2:\"id\";s:2:\"18\";}'),(184,'2015-11-02 06:51:29',8,3,'update',4,'a:4:{s:10:\"controller\";s:29:\"Структура сайта\";s:12:\"controllerID\";s:9:\"structure\";s:5:\"title\";s:106:\"Отдел приема и выдачи документов по Верх-Исетскому району\";s:2:\"id\";s:2:\"20\";}'),(185,'2015-11-02 07:00:14',8,3,'update',4,'a:4:{s:10:\"controller\";s:29:\"Структура сайта\";s:12:\"controllerID\";s:9:\"structure\";s:5:\"title\";s:99:\"Отдел приема и выдачи документов по Кировскому району\";s:2:\"id\";s:2:\"21\";}'),(186,'2015-11-02 07:00:28',8,3,'update',4,'a:4:{s:10:\"controller\";s:29:\"Структура сайта\";s:12:\"controllerID\";s:9:\"structure\";s:5:\"title\";s:99:\"Отдел приема и выдачи документов по Кировскому району\";s:2:\"id\";s:2:\"21\";}'),(187,'2015-11-02 07:00:46',8,3,'update',4,'a:4:{s:10:\"controller\";s:29:\"Структура сайта\";s:12:\"controllerID\";s:9:\"structure\";s:5:\"title\";s:99:\"Отдел приема и выдачи документов по Кировскому району\";s:2:\"id\";s:2:\"21\";}'),(188,'2015-11-02 07:01:16',8,3,'update',4,'a:4:{s:10:\"controller\";s:29:\"Структура сайта\";s:12:\"controllerID\";s:9:\"structure\";s:5:\"title\";s:99:\"Отдел приема и выдачи документов по Кировскому району\";s:2:\"id\";s:2:\"21\";}'),(189,'2015-11-02 07:01:33',8,3,'update',4,'a:4:{s:10:\"controller\";s:29:\"Структура сайта\";s:12:\"controllerID\";s:9:\"structure\";s:5:\"title\";s:99:\"Отдел приема и выдачи документов по Кировскому району\";s:2:\"id\";s:2:\"21\";}'),(190,'2015-11-02 07:03:13',8,3,'update',4,'a:4:{s:10:\"controller\";s:29:\"Структура сайта\";s:12:\"controllerID\";s:9:\"structure\";s:5:\"title\";s:99:\"Отдел приема и выдачи документов по Кировскому району\";s:2:\"id\";s:2:\"21\";}'),(191,'2015-11-02 07:04:28',8,3,'update',4,'a:4:{s:10:\"controller\";s:29:\"Структура сайта\";s:12:\"controllerID\";s:9:\"structure\";s:5:\"title\";s:111:\"Отдел приема и выдачи документов по Железнодорожному району\";s:2:\"id\";s:2:\"16\";}'),(192,'2015-11-02 07:04:39',8,3,'update',4,'a:4:{s:10:\"controller\";s:29:\"Структура сайта\";s:12:\"controllerID\";s:9:\"structure\";s:5:\"title\";s:111:\"Отдел приема и выдачи документов по Железнодорожному району\";s:2:\"id\";s:2:\"16\";}'),(193,'2015-11-02 07:06:46',8,3,'update',4,'a:4:{s:10:\"controller\";s:29:\"Структура сайта\";s:12:\"controllerID\";s:9:\"structure\";s:5:\"title\";s:99:\"Отдел приема и выдачи документов по Ленинскому району\";s:2:\"id\";s:2:\"22\";}'),(194,'2015-11-02 07:08:11',8,3,'update',4,'a:4:{s:10:\"controller\";s:29:\"Структура сайта\";s:12:\"controllerID\";s:9:\"structure\";s:5:\"title\";s:99:\"Отдел приема и выдачи документов по Ленинскому району\";s:2:\"id\";s:2:\"22\";}'),(195,'2015-11-02 07:09:03',8,3,'update',4,'a:4:{s:10:\"controller\";s:29:\"Структура сайта\";s:12:\"controllerID\";s:9:\"structure\";s:5:\"title\";s:99:\"Отдел приема и выдачи документов по Ленинскому району\";s:2:\"id\";s:2:\"22\";}'),(196,'2015-11-02 07:10:13',8,3,'update',4,'a:4:{s:10:\"controller\";s:29:\"Структура сайта\";s:12:\"controllerID\";s:9:\"structure\";s:5:\"title\";s:101:\"Отдел приема и выдачи документов по Чкаловскому району\";s:2:\"id\";s:2:\"23\";}'),(197,'2015-11-02 07:10:21',8,3,'update',4,'a:4:{s:10:\"controller\";s:29:\"Структура сайта\";s:12:\"controllerID\";s:9:\"structure\";s:5:\"title\";s:101:\"Отдел приема и выдачи документов по Чкаловскому району\";s:2:\"id\";s:2:\"23\";}'),(198,'2015-11-02 07:10:56',8,3,'insertlinked',4,'a:5:{s:10:\"controller\";s:29:\"Структура сайта\";s:12:\"controllerID\";s:9:\"structure\";s:5:\"title\";s:101:\"Отдел приема и выдачи документов по Чкаловскому району\";s:6:\"linked\";s:8:\"Фото\";s:2:\"id\";i:23;}'),(199,'2015-11-02 07:10:59',8,3,'update',4,'a:4:{s:10:\"controller\";s:29:\"Структура сайта\";s:12:\"controllerID\";s:9:\"structure\";s:5:\"title\";s:101:\"Отдел приема и выдачи документов по Чкаловскому району\";s:2:\"id\";s:2:\"23\";}'),(200,'2015-11-02 07:11:36',8,3,'update',4,'a:4:{s:10:\"controller\";s:29:\"Структура сайта\";s:12:\"controllerID\";s:9:\"structure\";s:5:\"title\";s:101:\"Отдел приема и выдачи документов по Чкаловскому району\";s:2:\"id\";s:2:\"23\";}'),(201,'2015-11-02 07:12:28',8,3,'update',4,'a:4:{s:10:\"controller\";s:29:\"Структура сайта\";s:12:\"controllerID\";s:9:\"structure\";s:5:\"title\";s:103:\"Отдел приема и выдачи документов по Октябрьскому району\";s:2:\"id\";s:2:\"24\";}'),(202,'2015-11-02 07:12:46',8,3,'update',4,'a:4:{s:10:\"controller\";s:29:\"Структура сайта\";s:12:\"controllerID\";s:9:\"structure\";s:5:\"title\";s:103:\"Отдел приема и выдачи документов по Октябрьскому району\";s:2:\"id\";s:2:\"24\";}'),(203,'2015-11-02 07:12:54',8,3,'insertlinked',4,'a:5:{s:10:\"controller\";s:29:\"Структура сайта\";s:12:\"controllerID\";s:9:\"structure\";s:5:\"title\";s:103:\"Отдел приема и выдачи документов по Октябрьскому району\";s:6:\"linked\";s:8:\"Фото\";s:2:\"id\";i:24;}'),(204,'2015-11-02 07:12:57',8,3,'update',4,'a:4:{s:10:\"controller\";s:29:\"Структура сайта\";s:12:\"controllerID\";s:9:\"structure\";s:5:\"title\";s:103:\"Отдел приема и выдачи документов по Октябрьскому району\";s:2:\"id\";s:2:\"24\";}'),(205,'2015-11-02 07:19:51',8,3,'update',4,'a:4:{s:10:\"controller\";s:29:\"Структура сайта\";s:12:\"controllerID\";s:9:\"structure\";s:5:\"title\";s:91:\"Окна приема и выдачи документов в пос. Малый Исток\";s:2:\"id\";s:2:\"25\";}'),(206,'2015-11-02 07:20:10',8,3,'update',4,'a:4:{s:10:\"controller\";s:29:\"Структура сайта\";s:12:\"controllerID\";s:9:\"structure\";s:5:\"title\";s:91:\"Окна приема и выдачи документов в пос. Малый Исток\";s:2:\"id\";s:2:\"25\";}'),(207,'2015-11-02 07:25:02',8,3,'update',4,'a:4:{s:10:\"controller\";s:29:\"Структура сайта\";s:12:\"controllerID\";s:9:\"structure\";s:5:\"title\";s:18:\"Отделения\";s:2:\"id\";s:1:\"3\";}'),(208,'2015-11-02 07:26:19',8,3,'update',4,'a:4:{s:10:\"controller\";s:29:\"Структура сайта\";s:12:\"controllerID\";s:9:\"structure\";s:5:\"title\";s:29:\"Тестовый раздел\";s:2:\"id\";s:2:\"26\";}'),(209,'2015-11-02 07:27:46',8,3,'update',4,'a:4:{s:10:\"controller\";s:29:\"Структура сайта\";s:12:\"controllerID\";s:9:\"structure\";s:5:\"title\";s:29:\"Тестовый раздел\";s:2:\"id\";s:2:\"26\";}'),(210,'2015-11-02 07:28:57',8,3,'update',4,'a:4:{s:10:\"controller\";s:29:\"Структура сайта\";s:12:\"controllerID\";s:9:\"structure\";s:5:\"title\";s:23:\"Видео раздел\";s:2:\"id\";s:2:\"26\";}'),(211,'2015-11-02 07:40:04',8,3,'update',4,'a:4:{s:10:\"controller\";s:29:\"Структура сайта\";s:12:\"controllerID\";s:9:\"structure\";s:5:\"title\";s:9:\"О МФЦ\";s:2:\"id\";s:1:\"1\";}'),(212,'2015-11-02 07:41:14',8,3,'update',4,'a:4:{s:10:\"controller\";s:29:\"Структура сайта\";s:12:\"controllerID\";s:9:\"structure\";s:5:\"title\";s:9:\"О МФЦ\";s:2:\"id\";s:1:\"1\";}'),(213,'2015-11-02 07:44:29',8,3,'update',4,'a:4:{s:10:\"controller\";s:29:\"Структура сайта\";s:12:\"controllerID\";s:9:\"structure\";s:5:\"title\";s:9:\"О МФЦ\";s:2:\"id\";s:1:\"1\";}'),(214,'2015-11-02 07:46:53',8,3,'update',4,'a:4:{s:10:\"controller\";s:29:\"Структура сайта\";s:12:\"controllerID\";s:9:\"structure\";s:5:\"title\";s:21:\"История МФЦ\";s:2:\"id\";s:1:\"6\";}'),(215,'2015-11-02 07:47:03',8,3,'update',4,'a:4:{s:10:\"controller\";s:29:\"Структура сайта\";s:12:\"controllerID\";s:9:\"structure\";s:5:\"title\";s:21:\"История МФЦ\";s:2:\"id\";s:1:\"6\";}'),(216,'2015-11-02 07:47:37',8,3,'update',4,'a:4:{s:10:\"controller\";s:29:\"Структура сайта\";s:12:\"controllerID\";s:9:\"structure\";s:5:\"title\";s:9:\"О МФЦ\";s:2:\"id\";s:1:\"1\";}'),(217,'2015-11-02 07:50:52',8,3,'update',4,'a:4:{s:10:\"controller\";s:29:\"Структура сайта\";s:12:\"controllerID\";s:9:\"structure\";s:5:\"title\";s:9:\"О МФЦ\";s:2:\"id\";s:1:\"1\";}'),(218,'2015-11-02 07:56:02',8,3,'update',4,'a:4:{s:10:\"controller\";s:29:\"Структура сайта\";s:12:\"controllerID\";s:9:\"structure\";s:5:\"title\";s:20:\"Сотрудники\";s:2:\"id\";s:1:\"8\";}'),(219,'2015-11-02 08:46:10',8,3,'update',4,'a:4:{s:10:\"controller\";s:29:\"Структура сайта\";s:12:\"controllerID\";s:9:\"structure\";s:5:\"title\";s:43:\"Услуги, оказываемые МФЦ\";s:2:\"id\";s:1:\"2\";}'),(220,'2015-11-02 08:46:50',8,3,'update',4,'a:4:{s:10:\"controller\";s:29:\"Структура сайта\";s:12:\"controllerID\";s:9:\"structure\";s:5:\"title\";s:43:\"Услуги, оказываемые МФЦ\";s:2:\"id\";s:1:\"2\";}'),(221,'2015-11-02 08:47:34',8,3,'update',4,'a:4:{s:10:\"controller\";s:29:\"Структура сайта\";s:12:\"controllerID\";s:9:\"structure\";s:5:\"title\";s:43:\"Услуги, оказываемые МФЦ\";s:2:\"id\";s:1:\"2\";}'),(222,'2015-11-02 08:47:53',8,3,'update',4,'a:4:{s:10:\"controller\";s:29:\"Структура сайта\";s:12:\"controllerID\";s:9:\"structure\";s:5:\"title\";s:43:\"Услуги, оказываемые МФЦ\";s:2:\"id\";s:1:\"2\";}'),(223,'2015-11-02 08:48:52',8,3,'update',4,'a:4:{s:10:\"controller\";s:29:\"Структура сайта\";s:12:\"controllerID\";s:9:\"structure\";s:5:\"title\";s:43:\"Услуги, оказываемые МФЦ\";s:2:\"id\";s:1:\"2\";}'),(224,'2015-11-02 08:49:24',8,3,'update',4,'a:4:{s:10:\"controller\";s:29:\"Структура сайта\";s:12:\"controllerID\";s:9:\"structure\";s:5:\"title\";s:43:\"Услуги, оказываемые МФЦ\";s:2:\"id\";s:1:\"2\";}'),(225,'2015-11-02 10:14:19',4,1,'login',0,'a:1:{s:2:\"ip\";s:14:\"87.251.184.148\";}'),(226,'2015-11-02 10:15:02',4,1,'insert',11,'a:4:{s:10:\"controller\";s:23:\"Модули сайта\";s:12:\"controllerID\";s:7:\"modules\";s:5:\"title\";s:45:\"Структура администрации\";s:2:\"id\";s:3:\"116\";}'),(227,'2015-11-02 10:15:22',4,1,'insert',11,'a:4:{s:10:\"controller\";s:23:\"Модули сайта\";s:12:\"controllerID\";s:7:\"modules\";s:5:\"title\";s:45:\"Работники администрации\";s:2:\"id\";s:3:\"117\";}'),(228,'2015-11-02 10:15:45',4,1,'insert',11,'a:4:{s:10:\"controller\";s:23:\"Модули сайта\";s:12:\"controllerID\";s:7:\"modules\";s:5:\"title\";s:61:\"Доступ к структуре администрации\";s:2:\"id\";s:3:\"118\";}'),(229,'2015-11-02 10:16:06',4,1,'update',11,'a:4:{s:10:\"controller\";s:23:\"Модули сайта\";s:12:\"controllerID\";s:7:\"modules\";s:5:\"title\";s:61:\"Доступ к структуре администрации\";s:2:\"id\";s:3:\"118\";}'),(230,'2015-11-02 10:50:11',4,3,'update',4,'a:4:{s:10:\"controller\";s:29:\"Структура сайта\";s:12:\"controllerID\";s:9:\"structure\";s:5:\"title\";s:20:\"Сотрудники\";s:2:\"id\";s:1:\"8\";}'),(231,'2015-11-02 11:02:23',6,1,'login',0,'a:1:{s:2:\"ip\";s:14:\"194.213.116.30\";}'),(232,'2015-11-02 11:18:01',6,1,'logout',0,''),(233,'2015-11-02 11:18:09',7,1,'login',0,'a:1:{s:2:\"ip\";s:14:\"194.213.116.30\";}'),(234,'2015-11-02 11:18:13',7,1,'logout',0,''),(235,'2015-11-02 12:26:46',8,3,'login',0,'a:1:{s:2:\"ip\";s:14:\"194.213.116.25\";}'),(236,'2015-11-02 12:27:49',8,3,'update',4,'a:4:{s:10:\"controller\";s:29:\"Структура сайта\";s:12:\"controllerID\";s:9:\"structure\";s:5:\"title\";s:43:\"Услуги, оказываемые МФЦ\";s:2:\"id\";s:1:\"2\";}'),(237,'2015-11-02 12:31:13',8,3,'update',4,'a:4:{s:10:\"controller\";s:29:\"Структура сайта\";s:12:\"controllerID\";s:9:\"structure\";s:5:\"title\";s:38:\"Жилье и недвижимость\";s:2:\"id\";s:2:\"27\";}'),(238,'2015-11-02 12:31:42',8,3,'update',4,'a:4:{s:10:\"controller\";s:29:\"Структура сайта\";s:12:\"controllerID\";s:9:\"structure\";s:5:\"title\";s:43:\"Услуги, оказываемые МФЦ\";s:2:\"id\";s:1:\"2\";}'),(239,'2015-11-02 12:32:36',8,3,'update',4,'a:4:{s:10:\"controller\";s:29:\"Структура сайта\";s:12:\"controllerID\";s:9:\"structure\";s:5:\"title\";s:192:\"Предоставление информации об очередности предоставления жилых помещений на условиях социального найма\";s:2:\"id\";s:2:\"28\";}'),(240,'2015-11-02 12:33:00',8,3,'update',4,'a:4:{s:10:\"controller\";s:29:\"Структура сайта\";s:12:\"controllerID\";s:9:\"structure\";s:5:\"title\";s:38:\"Жилье и недвижимость\";s:2:\"id\";s:2:\"27\";}'),(241,'2015-11-02 12:35:58',8,3,'logout',0,''),(242,'2015-11-02 12:36:35',7,1,'login',0,'a:1:{s:2:\"ip\";s:14:\"194.213.116.25\";}'),(243,'2015-11-02 12:37:46',7,1,'logout',0,''),(244,'2015-11-02 12:38:19',8,3,'login',0,'a:1:{s:2:\"ip\";s:14:\"194.213.116.25\";}'),(245,'2015-11-02 13:14:07',8,3,'update',116,'a:4:{s:10:\"controller\";s:45:\"Структура администрации\";s:12:\"controllerID\";s:7:\"admtree\";s:5:\"title\";s:111:\"Отдел приема и выдачи документов по Железнодорожному району\";s:2:\"id\";s:1:\"3\";}'),(246,'2015-11-02 13:15:18',8,3,'insert',117,'a:4:{s:10:\"controller\";s:45:\"Работники администрации\";s:12:\"controllerID\";s:9:\"admpeople\";s:5:\"title\";s:52:\"Сахратуллина Юлия Линатовна\";s:2:\"id\";s:1:\"1\";}'),(247,'2015-11-02 13:16:32',8,3,'insert',117,'a:4:{s:10:\"controller\";s:45:\"Работники администрации\";s:12:\"controllerID\";s:9:\"admpeople\";s:5:\"title\";s:46:\"Потоцкая Юлия Валерьевна\";s:2:\"id\";s:1:\"2\";}'),(248,'2015-11-02 13:16:48',8,3,'update',116,'a:4:{s:10:\"controller\";s:45:\"Структура администрации\";s:12:\"controllerID\";s:7:\"admtree\";s:5:\"title\";s:122:\"Отдел приема и выдачи документов по Железнодорожному району новый\";s:2:\"id\";s:1:\"3\";}'),(249,'2015-11-02 13:17:22',8,3,'logout',0,''),(250,'2015-11-03 04:27:18',8,3,'login',0,'a:1:{s:2:\"ip\";s:14:\"194.213.116.25\";}'),(251,'2015-11-03 04:29:38',8,3,'insert',117,'a:4:{s:10:\"controller\";s:45:\"Работники администрации\";s:12:\"controllerID\";s:9:\"admpeople\";s:5:\"title\";s:52:\"Назарова Елена Владимировна\";s:2:\"id\";s:1:\"3\";}'),(252,'2015-11-03 04:30:20',8,3,'insert',117,'a:4:{s:10:\"controller\";s:45:\"Работники администрации\";s:12:\"controllerID\";s:9:\"admpeople\";s:5:\"title\";s:46:\"Ширкова Зоя Владимировна\";s:2:\"id\";s:1:\"4\";}'),(253,'2015-11-03 04:31:39',8,3,'insert',117,'a:4:{s:10:\"controller\";s:45:\"Работники администрации\";s:12:\"controllerID\";s:9:\"admpeople\";s:5:\"title\";s:40:\"Порунов Иван Павлович\";s:2:\"id\";s:1:\"5\";}'),(254,'2015-11-03 04:33:15',8,3,'update',116,'a:4:{s:10:\"controller\";s:45:\"Структура администрации\";s:12:\"controllerID\";s:7:\"admtree\";s:5:\"title\";s:117:\"Отдел приема и выдачи документов по Верх-Исетскому району новый\";s:2:\"id\";s:1:\"4\";}'),(255,'2015-11-03 04:34:30',8,3,'insert',117,'a:4:{s:10:\"controller\";s:45:\"Работники администрации\";s:12:\"controllerID\";s:9:\"admpeople\";s:5:\"title\";s:46:\"Юрьева Елена Анатольевна\";s:2:\"id\";s:1:\"6\";}'),(256,'2015-11-03 04:35:10',8,3,'insert',117,'a:4:{s:10:\"controller\";s:45:\"Работники администрации\";s:12:\"controllerID\";s:9:\"admpeople\";s:5:\"title\";s:48:\"Осинцев Дмитрий Сергеевич\";s:2:\"id\";s:1:\"7\";}'),(257,'2015-11-03 04:35:16',8,3,'update',117,'a:4:{s:10:\"controller\";s:45:\"Работники администрации\";s:12:\"controllerID\";s:9:\"admpeople\";s:5:\"title\";s:48:\"Осинцев Дмитрий Сергеевич\";s:2:\"id\";s:1:\"7\";}'),(258,'2015-11-03 04:36:04',8,3,'insert',117,'a:4:{s:10:\"controller\";s:45:\"Работники администрации\";s:12:\"controllerID\";s:9:\"admpeople\";s:5:\"title\";s:50:\"Галимова Анна Владимировна\";s:2:\"id\";s:1:\"8\";}'),(259,'2015-11-03 04:36:10',8,3,'update',117,'a:4:{s:10:\"controller\";s:45:\"Работники администрации\";s:12:\"controllerID\";s:9:\"admpeople\";s:5:\"title\";s:50:\"Галимова Анна Владимировна\";s:2:\"id\";s:1:\"8\";}'),(260,'2015-11-03 04:36:53',8,3,'insert',117,'a:4:{s:10:\"controller\";s:45:\"Работники администрации\";s:12:\"controllerID\";s:9:\"admpeople\";s:5:\"title\";s:48:\"Павлова Марина Алексеевна\";s:2:\"id\";s:1:\"9\";}'),(261,'2015-11-03 04:37:19',8,3,'insert',117,'a:4:{s:10:\"controller\";s:45:\"Работники администрации\";s:12:\"controllerID\";s:9:\"admpeople\";s:5:\"title\";s:38:\"Онохина Анна Юрьевна\";s:2:\"id\";s:2:\"10\";}'),(262,'2015-11-03 04:38:05',8,3,'insert',117,'a:4:{s:10:\"controller\";s:45:\"Работники администрации\";s:12:\"controllerID\";s:9:\"admpeople\";s:5:\"title\";s:56:\"Дербенева Светлана Викторовна\";s:2:\"id\";s:2:\"11\";}'),(263,'2015-11-03 04:41:16',8,3,'update',116,'a:4:{s:10:\"controller\";s:45:\"Структура администрации\";s:12:\"controllerID\";s:7:\"admtree\";s:5:\"title\";s:126:\"Отдел приема и выдачи документов по Орджоникидзевскому району новый\";s:2:\"id\";s:1:\"5\";}'),(264,'2015-11-03 04:45:07',8,3,'insert',117,'a:4:{s:10:\"controller\";s:45:\"Работники администрации\";s:12:\"controllerID\";s:9:\"admpeople\";s:5:\"title\";s:44:\"Абаева Танзиля Алимовна\";s:2:\"id\";s:2:\"12\";}'),(265,'2015-11-03 04:45:41',8,3,'update',117,'a:4:{s:10:\"controller\";s:45:\"Работники администрации\";s:12:\"controllerID\";s:9:\"admpeople\";s:5:\"title\";s:44:\"Абаева Танзиля Алимовна\";s:2:\"id\";s:2:\"12\";}'),(266,'2015-11-03 04:46:11',8,3,'insert',117,'a:4:{s:10:\"controller\";s:45:\"Работники администрации\";s:12:\"controllerID\";s:9:\"admpeople\";s:5:\"title\";s:60:\"Лоскутова Наталья Александровна\";s:2:\"id\";s:2:\"13\";}'),(267,'2015-11-03 04:46:48',8,3,'insert',117,'a:4:{s:10:\"controller\";s:45:\"Работники администрации\";s:12:\"controllerID\";s:9:\"admpeople\";s:5:\"title\";s:54:\"Ставрова Юлия Константиновна\";s:2:\"id\";s:2:\"14\";}'),(268,'2015-11-03 04:47:21',8,3,'insert',117,'a:4:{s:10:\"controller\";s:45:\"Работники администрации\";s:12:\"controllerID\";s:9:\"admpeople\";s:5:\"title\";s:56:\"Тимофеева Екатерина Вадимовна\";s:2:\"id\";s:2:\"15\";}'),(269,'2015-11-03 04:47:59',8,3,'insert',117,'a:4:{s:10:\"controller\";s:45:\"Работники администрации\";s:12:\"controllerID\";s:9:\"admpeople\";s:5:\"title\";s:54:\"Зайнулина Юлия Александровна\";s:2:\"id\";s:2:\"16\";}'),(270,'2015-11-03 04:48:27',8,3,'insert',117,'a:4:{s:10:\"controller\";s:45:\"Работники администрации\";s:12:\"controllerID\";s:9:\"admpeople\";s:5:\"title\";s:48:\"Чечетина Ольга Викторовна\";s:2:\"id\";s:2:\"17\";}'),(271,'2015-11-03 04:51:39',8,3,'logout',0,''),(272,'2015-11-03 04:52:39',7,1,'login',0,'a:1:{s:2:\"ip\";s:14:\"194.213.116.25\";}'),(273,'2015-11-03 05:01:56',7,1,'logout',0,''),(274,'2015-11-03 05:02:35',8,3,'login',0,'a:1:{s:2:\"ip\";s:14:\"194.213.116.25\";}'),(275,'2015-11-03 05:11:47',8,3,'update',4,'a:4:{s:10:\"controller\";s:29:\"Структура сайта\";s:12:\"controllerID\";s:9:\"structure\";s:5:\"title\";s:16:\"Мультики\";s:2:\"id\";s:2:\"29\";}'),(276,'2015-11-03 05:12:08',8,3,'update',4,'a:4:{s:10:\"controller\";s:29:\"Структура сайта\";s:12:\"controllerID\";s:9:\"structure\";s:5:\"title\";s:16:\"Мультики\";s:2:\"id\";s:2:\"29\";}'),(277,'2015-11-03 05:13:12',8,3,'update',4,'a:4:{s:10:\"controller\";s:29:\"Структура сайта\";s:12:\"controllerID\";s:9:\"structure\";s:5:\"title\";s:23:\"Видео раздел\";s:2:\"id\";s:2:\"26\";}'),(278,'2015-11-03 05:13:19',8,3,'update',4,'a:4:{s:10:\"controller\";s:29:\"Структура сайта\";s:12:\"controllerID\";s:9:\"structure\";s:5:\"title\";s:23:\"Видео раздел\";s:2:\"id\";s:2:\"26\";}'),(279,'2015-11-03 05:13:51',8,3,'update',4,'a:4:{s:10:\"controller\";s:29:\"Структура сайта\";s:12:\"controllerID\";s:9:\"structure\";s:5:\"title\";s:16:\"Мультики\";s:2:\"id\";s:2:\"29\";}'),(280,'2015-11-03 05:14:03',8,3,'update',4,'a:4:{s:10:\"controller\";s:29:\"Структура сайта\";s:12:\"controllerID\";s:9:\"structure\";s:5:\"title\";s:16:\"Мультики\";s:2:\"id\";s:2:\"29\";}'),(281,'2015-11-03 05:14:18',8,3,'update',4,'a:4:{s:10:\"controller\";s:29:\"Структура сайта\";s:12:\"controllerID\";s:9:\"structure\";s:5:\"title\";s:16:\"Мультики\";s:2:\"id\";s:2:\"29\";}'),(282,'2015-11-05 05:41:36',8,3,'login',0,'a:1:{s:2:\"ip\";s:14:\"194.213.116.25\";}'),(283,'2015-11-05 06:09:27',8,3,'update',4,'a:4:{s:10:\"controller\";s:29:\"Структура сайта\";s:12:\"controllerID\";s:9:\"structure\";s:5:\"title\";s:21:\"История МФЦ\";s:2:\"id\";s:1:\"6\";}'),(284,'2015-11-05 06:09:41',8,3,'update',4,'a:4:{s:10:\"controller\";s:29:\"Структура сайта\";s:12:\"controllerID\";s:9:\"structure\";s:5:\"title\";s:21:\"История МФЦ\";s:2:\"id\";s:1:\"6\";}'),(285,'2015-11-05 06:09:51',8,3,'update',4,'a:4:{s:10:\"controller\";s:29:\"Структура сайта\";s:12:\"controllerID\";s:9:\"structure\";s:5:\"title\";s:21:\"История МФЦ\";s:2:\"id\";s:1:\"6\";}'),(286,'2015-11-05 06:11:05',8,3,'update',4,'a:4:{s:10:\"controller\";s:29:\"Структура сайта\";s:12:\"controllerID\";s:9:\"structure\";s:5:\"title\";s:21:\"История МФЦ\";s:2:\"id\";s:1:\"6\";}'),(287,'2015-11-05 06:11:19',8,3,'update',4,'a:4:{s:10:\"controller\";s:29:\"Структура сайта\";s:12:\"controllerID\";s:9:\"structure\";s:5:\"title\";s:21:\"История МФЦ\";s:2:\"id\";s:1:\"6\";}'),(288,'2015-11-05 06:11:28',8,3,'update',4,'a:4:{s:10:\"controller\";s:29:\"Структура сайта\";s:12:\"controllerID\";s:9:\"structure\";s:5:\"title\";s:21:\"История МФЦ\";s:2:\"id\";s:1:\"6\";}'),(289,'2015-11-05 06:11:40',8,3,'update',4,'a:4:{s:10:\"controller\";s:29:\"Структура сайта\";s:12:\"controllerID\";s:9:\"structure\";s:5:\"title\";s:21:\"История МФЦ\";s:2:\"id\";s:1:\"6\";}'),(290,'2015-11-05 06:11:57',8,3,'update',4,'a:4:{s:10:\"controller\";s:29:\"Структура сайта\";s:12:\"controllerID\";s:9:\"structure\";s:5:\"title\";s:21:\"История МФЦ\";s:2:\"id\";s:1:\"6\";}'),(291,'2015-11-05 06:14:42',8,3,'update',4,'a:4:{s:10:\"controller\";s:29:\"Структура сайта\";s:12:\"controllerID\";s:9:\"structure\";s:5:\"title\";s:21:\"История МФЦ\";s:2:\"id\";s:1:\"6\";}'),(292,'2015-11-05 06:15:05',8,3,'update',4,'a:4:{s:10:\"controller\";s:29:\"Структура сайта\";s:12:\"controllerID\";s:9:\"structure\";s:5:\"title\";s:21:\"История МФЦ\";s:2:\"id\";s:1:\"6\";}'),(293,'2015-11-05 06:15:18',8,3,'update',4,'a:4:{s:10:\"controller\";s:29:\"Структура сайта\";s:12:\"controllerID\";s:9:\"structure\";s:5:\"title\";s:21:\"История МФЦ\";s:2:\"id\";s:1:\"6\";}'),(294,'2015-11-05 15:31:03',6,1,'login',0,'a:1:{s:2:\"ip\";s:13:\"95.82.229.187\";}'),(295,'2015-11-05 15:48:30',6,3,'update',116,'a:4:{s:10:\"controller\";s:45:\"Структура администрации\";s:12:\"controllerID\";s:7:\"admtree\";s:5:\"title\";s:31:\"Центральный офис\";s:2:\"id\";s:1:\"6\";}'),(296,'2015-11-05 15:49:28',6,3,'update',116,'a:4:{s:10:\"controller\";s:45:\"Структура администрации\";s:12:\"controllerID\";s:7:\"admtree\";s:5:\"title\";s:31:\"Центральный офис\";s:2:\"id\";s:1:\"6\";}'),(297,'2015-11-05 15:55:24',6,3,'update',116,'a:4:{s:10:\"controller\";s:45:\"Структура администрации\";s:12:\"controllerID\";s:7:\"admtree\";s:5:\"title\";s:99:\"Отдел приема и выдачи документов по Кировскому району\";s:2:\"id\";s:1:\"7\";}'),(298,'2015-11-05 16:00:51',6,3,'update',23,'a:4:{s:10:\"controller\";s:29:\"Настройки сайта\";s:12:\"controllerID\";s:11:\"siteoptions\";s:5:\"title\";s:66:\"МКУ МФЦ МО &quot;город Екатеринбург&quot;\";s:2:\"id\";s:1:\"1\";}'),(299,'2015-11-05 16:50:10',6,3,'update',23,'a:4:{s:10:\"controller\";s:29:\"Настройки сайта\";s:12:\"controllerID\";s:11:\"siteoptions\";s:5:\"title\";s:66:\"МКУ МФЦ МО &quot;город Екатеринбург&quot;\";s:2:\"id\";s:1:\"1\";}'),(300,'2015-11-06 04:41:50',8,3,'login',0,'a:1:{s:2:\"ip\";s:14:\"194.213.116.25\";}'),(301,'2015-11-06 04:54:55',8,3,'logout',0,''),(302,'2015-11-06 04:55:38',7,1,'login',0,'a:1:{s:2:\"ip\";s:14:\"194.213.116.25\";}'),(303,'2015-11-06 04:58:28',7,1,'logout',0,''),(304,'2015-11-06 05:37:03',6,1,'login',0,'a:1:{s:2:\"ip\";s:14:\"87.251.184.148\";}'),(305,'2015-11-06 06:24:22',0,0,'login_wrong',0,'a:2:{s:5:\"login\";s:15:\"olpot@yandex.ru\";s:2:\"ip\";s:14:\"87.251.184.148\";}'),(306,'2015-11-06 06:25:20',0,0,'login_wrong',0,'a:2:{s:5:\"login\";s:15:\"olpot@yandex.ru\";s:2:\"ip\";s:14:\"87.251.184.148\";}'),(307,'2015-11-06 06:26:14',6,1,'update',11,'a:4:{s:10:\"controller\";s:23:\"Модули сайта\";s:12:\"controllerID\";s:7:\"modules\";s:5:\"title\";s:41:\"Структура сотрудников\";s:2:\"id\";s:3:\"116\";}'),(308,'2015-11-06 06:26:26',6,1,'update',11,'a:4:{s:10:\"controller\";s:23:\"Модули сайта\";s:12:\"controllerID\";s:7:\"modules\";s:5:\"title\";s:41:\"Структура организации\";s:2:\"id\";s:3:\"116\";}'),(309,'2015-11-06 06:35:18',0,0,'login_wrong',0,'a:2:{s:5:\"login\";s:15:\"olpot@yandex.ru\";s:2:\"ip\";s:14:\"87.251.184.148\";}'),(310,'2015-11-06 06:39:02',0,0,'login_wrong',0,'a:2:{s:5:\"login\";s:15:\"olpot@yandex.ru\";s:2:\"ip\";s:14:\"87.251.184.148\";}'),(311,'2015-11-06 06:41:12',0,0,'login_wrong',0,'a:2:{s:5:\"login\";s:15:\"olpot@yandex.ru\";s:2:\"ip\";s:14:\"87.251.184.148\";}'),(312,'2015-11-06 06:41:29',0,0,'login_wrong',0,'a:2:{s:5:\"login\";s:15:\"olpot@yandex.ru\";s:2:\"ip\";s:14:\"87.251.184.148\";}'),(313,'2015-11-06 06:41:37',6,1,'insert',1,'a:4:{s:10:\"controller\";s:24:\"Пользователи\";s:12:\"controllerID\";s:5:\"users\";s:5:\"title\";s:15:\"olpot@yandex.ru\";s:2:\"id\";s:2:\"10\";}'),(314,'2015-11-06 06:41:43',10,3,'login',0,'a:1:{s:2:\"ip\";s:14:\"87.251.184.148\";}'),(315,'2015-11-06 06:48:18',6,1,'update',11,'a:4:{s:10:\"controller\";s:23:\"Модули сайта\";s:12:\"controllerID\";s:7:\"modules\";s:5:\"title\";s:20:\"Сотрудники\";s:2:\"id\";s:3:\"117\";}'),(316,'2015-11-06 06:49:01',6,1,'update',11,'a:4:{s:10:\"controller\";s:23:\"Модули сайта\";s:12:\"controllerID\";s:7:\"modules\";s:5:\"title\";s:57:\"Доступ к структуре организации\";s:2:\"id\";s:3:\"118\";}'),(317,'2015-11-06 06:50:06',8,3,'login',0,'a:1:{s:2:\"ip\";s:14:\"194.213.116.25\";}'),(318,'2015-11-06 06:58:26',10,3,'insert',115,'a:4:{s:10:\"controller\";s:14:\"Новости\";s:12:\"controllerID\";s:4:\"news\";s:5:\"title\";s:155:\"Александр Якоб открыл первое отделение муниципального многофункционального центра\";s:2:\"id\";s:1:\"5\";}'),(319,'2015-11-06 06:59:56',10,3,'update',115,'a:4:{s:10:\"controller\";s:14:\"Новости\";s:12:\"controllerID\";s:4:\"news\";s:5:\"title\";s:155:\"Александр Якоб открыл первое отделение муниципального многофункционального центра\";s:2:\"id\";s:1:\"5\";}'),(320,'2015-11-06 07:02:02',10,3,'update',115,'a:4:{s:10:\"controller\";s:14:\"Новости\";s:12:\"controllerID\";s:4:\"news\";s:5:\"title\";s:155:\"Александр Якоб открыл первое отделение муниципального многофункционального центра\";s:2:\"id\";s:1:\"5\";}'),(321,'2015-11-06 07:02:44',10,3,'update',115,'a:4:{s:10:\"controller\";s:14:\"Новости\";s:12:\"controllerID\";s:4:\"news\";s:5:\"title\";s:155:\"Александр Якоб открыл первое отделение муниципального многофункционального центра\";s:2:\"id\";s:1:\"5\";}'),(322,'2015-11-06 07:03:56',8,3,'update',4,'a:4:{s:10:\"controller\";s:29:\"Структура сайта\";s:12:\"controllerID\";s:9:\"structure\";s:5:\"title\";s:21:\"История МФЦ\";s:2:\"id\";s:1:\"6\";}'),(323,'2015-11-06 07:08:50',10,3,'insert',115,'a:4:{s:10:\"controller\";s:14:\"Новости\";s:12:\"controllerID\";s:4:\"news\";s:5:\"title\";s:83:\"Отделение МФЦ открылось в Октябрьском районе\";s:2:\"id\";s:1:\"6\";}'),(324,'2015-11-06 07:09:09',10,3,'insertlinked',115,'a:5:{s:10:\"controller\";s:14:\"Новости\";s:12:\"controllerID\";s:4:\"news\";s:5:\"title\";s:83:\"Отделение МФЦ открылось в Октябрьском районе\";s:6:\"linked\";s:155:\"Александр Якоб открыл первое отделение муниципального многофункционального центра\";s:2:\"id\";i:6;}'),(325,'2015-11-06 07:09:22',10,3,'update',115,'a:4:{s:10:\"controller\";s:14:\"Новости\";s:12:\"controllerID\";s:4:\"news\";s:5:\"title\";s:83:\"Отделение МФЦ открылось в Октябрьском районе\";s:2:\"id\";s:1:\"6\";}'),(326,'2015-11-06 07:16:39',8,3,'update',4,'a:4:{s:10:\"controller\";s:29:\"Структура сайта\";s:12:\"controllerID\";s:9:\"structure\";s:5:\"title\";s:21:\"История МФЦ\";s:2:\"id\";s:1:\"6\";}'),(327,'2015-11-06 07:20:49',8,3,'update',4,'a:4:{s:10:\"controller\";s:29:\"Структура сайта\";s:12:\"controllerID\";s:9:\"structure\";s:5:\"title\";s:111:\"Отдел приема и выдачи документов по Железнодорожному району\";s:2:\"id\";s:2:\"16\";}'),(328,'2015-11-06 07:21:04',8,3,'update',4,'a:4:{s:10:\"controller\";s:29:\"Структура сайта\";s:12:\"controllerID\";s:9:\"structure\";s:5:\"title\";s:111:\"Отдел приема и выдачи документов по Железнодорожному району\";s:2:\"id\";s:2:\"16\";}'),(329,'2015-11-06 07:22:46',6,3,'update',4,'a:4:{s:10:\"controller\";s:29:\"Структура сайта\";s:12:\"controllerID\";s:9:\"structure\";s:5:\"title\";s:42:\"Контакты отделений МФЦ\";s:2:\"id\";s:2:\"11\";}'),(330,'2015-11-06 07:24:55',10,3,'insert',115,'a:4:{s:10:\"controller\";s:14:\"Новости\";s:12:\"controllerID\";s:4:\"news\";s:5:\"title\";s:129:\"Муниципальные услуги стали доступнее: МФЦ получил прописку в Кольцово\";s:2:\"id\";s:1:\"7\";}'),(331,'2015-11-06 07:25:01',10,3,'insertlinked',115,'a:5:{s:10:\"controller\";s:14:\"Новости\";s:12:\"controllerID\";s:4:\"news\";s:5:\"title\";s:129:\"Муниципальные услуги стали доступнее: МФЦ получил прописку в Кольцово\";s:6:\"linked\";s:155:\"Александр Якоб открыл первое отделение муниципального многофункционального центра\";s:2:\"id\";i:7;}'),(332,'2015-11-06 07:25:02',10,3,'insertlinked',115,'a:5:{s:10:\"controller\";s:14:\"Новости\";s:12:\"controllerID\";s:4:\"news\";s:5:\"title\";s:129:\"Муниципальные услуги стали доступнее: МФЦ получил прописку в Кольцово\";s:6:\"linked\";s:83:\"Отделение МФЦ открылось в Октябрьском районе\";s:2:\"id\";i:7;}'),(333,'2015-11-06 07:25:05',10,3,'update',115,'a:4:{s:10:\"controller\";s:14:\"Новости\";s:12:\"controllerID\";s:4:\"news\";s:5:\"title\";s:129:\"Муниципальные услуги стали доступнее: МФЦ получил прописку в Кольцово\";s:2:\"id\";s:1:\"7\";}'),(334,'2015-11-06 07:32:30',10,3,'insert',115,'a:4:{s:10:\"controller\";s:14:\"Новости\";s:12:\"controllerID\";s:4:\"news\";s:5:\"title\";s:155:\"В муниципальном многофункциональном центре приступили к регистрации жителей в ЕСИА\";s:2:\"id\";s:1:\"8\";}'),(335,'2015-11-06 07:38:16',10,3,'insert',115,'a:4:{s:10:\"controller\";s:14:\"Новости\";s:12:\"controllerID\";s:4:\"news\";s:5:\"title\";s:112:\"В муниципальном МФЦ увеличилось количество социальных услуг\";s:2:\"id\";s:1:\"9\";}'),(336,'2015-11-06 07:38:22',10,3,'insertlinked',115,'a:5:{s:10:\"controller\";s:14:\"Новости\";s:12:\"controllerID\";s:4:\"news\";s:5:\"title\";s:112:\"В муниципальном МФЦ увеличилось количество социальных услуг\";s:6:\"linked\";s:155:\"Александр Якоб открыл первое отделение муниципального многофункционального центра\";s:2:\"id\";i:9;}'),(337,'2015-11-06 07:38:23',10,3,'insertlinked',115,'a:5:{s:10:\"controller\";s:14:\"Новости\";s:12:\"controllerID\";s:4:\"news\";s:5:\"title\";s:112:\"В муниципальном МФЦ увеличилось количество социальных услуг\";s:6:\"linked\";s:83:\"Отделение МФЦ открылось в Октябрьском районе\";s:2:\"id\";i:9;}'),(338,'2015-11-06 07:38:24',10,3,'insertlinked',115,'a:5:{s:10:\"controller\";s:14:\"Новости\";s:12:\"controllerID\";s:4:\"news\";s:5:\"title\";s:112:\"В муниципальном МФЦ увеличилось количество социальных услуг\";s:6:\"linked\";s:129:\"Муниципальные услуги стали доступнее: МФЦ получил прописку в Кольцово\";s:2:\"id\";i:9;}'),(339,'2015-11-06 07:38:25',10,3,'insertlinked',115,'a:5:{s:10:\"controller\";s:14:\"Новости\";s:12:\"controllerID\";s:4:\"news\";s:5:\"title\";s:112:\"В муниципальном МФЦ увеличилось количество социальных услуг\";s:6:\"linked\";s:155:\"В муниципальном многофункциональном центре приступили к регистрации жителей в ЕСИА\";s:2:\"id\";i:9;}'),(340,'2015-11-06 07:38:28',10,3,'update',115,'a:4:{s:10:\"controller\";s:14:\"Новости\";s:12:\"controllerID\";s:4:\"news\";s:5:\"title\";s:112:\"В муниципальном МФЦ увеличилось количество социальных услуг\";s:2:\"id\";s:1:\"9\";}'),(341,'2015-11-06 07:40:09',10,3,'update',115,'a:4:{s:10:\"controller\";s:14:\"Новости\";s:12:\"controllerID\";s:4:\"news\";s:5:\"title\";s:112:\"В муниципальном МФЦ увеличилось количество социальных услуг\";s:2:\"id\";s:1:\"9\";}'),(342,'2015-11-06 07:40:30',10,3,'insertlinked',115,'a:5:{s:10:\"controller\";s:14:\"Новости\";s:12:\"controllerID\";s:4:\"news\";s:5:\"title\";s:155:\"В муниципальном многофункциональном центре приступили к регистрации жителей в ЕСИА\";s:6:\"linked\";s:155:\"Александр Якоб открыл первое отделение муниципального многофункционального центра\";s:2:\"id\";i:8;}'),(343,'2015-11-06 07:40:31',10,3,'insertlinked',115,'a:5:{s:10:\"controller\";s:14:\"Новости\";s:12:\"controllerID\";s:4:\"news\";s:5:\"title\";s:155:\"В муниципальном многофункциональном центре приступили к регистрации жителей в ЕСИА\";s:6:\"linked\";s:83:\"Отделение МФЦ открылось в Октябрьском районе\";s:2:\"id\";i:8;}'),(344,'2015-11-06 07:40:31',10,3,'insertlinked',115,'a:5:{s:10:\"controller\";s:14:\"Новости\";s:12:\"controllerID\";s:4:\"news\";s:5:\"title\";s:155:\"В муниципальном многофункциональном центре приступили к регистрации жителей в ЕСИА\";s:6:\"linked\";s:129:\"Муниципальные услуги стали доступнее: МФЦ получил прописку в Кольцово\";s:2:\"id\";i:8;}'),(345,'2015-11-06 07:40:35',10,3,'update',115,'a:4:{s:10:\"controller\";s:14:\"Новости\";s:12:\"controllerID\";s:4:\"news\";s:5:\"title\";s:155:\"В муниципальном многофункциональном центре приступили к регистрации жителей в ЕСИА\";s:2:\"id\";s:1:\"8\";}'),(346,'2015-11-06 07:51:06',10,3,'insert',115,'a:4:{s:10:\"controller\";s:14:\"Новости\";s:12:\"controllerID\";s:4:\"news\";s:5:\"title\";s:133:\"Компенсацию расходов на коммунальные услуги теперь можно оформить в МФЦ\";s:2:\"id\";s:2:\"10\";}'),(347,'2015-11-06 07:52:23',10,3,'insertlinked',115,'a:5:{s:10:\"controller\";s:14:\"Новости\";s:12:\"controllerID\";s:4:\"news\";s:5:\"title\";s:133:\"Компенсацию расходов на коммунальные услуги теперь можно оформить в МФЦ\";s:6:\"linked\";s:112:\"В муниципальном МФЦ увеличилось количество социальных услуг\";s:2:\"id\";i:10;}'),(348,'2015-11-06 07:52:24',10,3,'insertlinked',115,'a:5:{s:10:\"controller\";s:14:\"Новости\";s:12:\"controllerID\";s:4:\"news\";s:5:\"title\";s:133:\"Компенсацию расходов на коммунальные услуги теперь можно оформить в МФЦ\";s:6:\"linked\";s:155:\"В муниципальном многофункциональном центре приступили к регистрации жителей в ЕСИА\";s:2:\"id\";i:10;}'),(349,'2015-11-06 07:52:25',10,3,'insertlinked',115,'a:5:{s:10:\"controller\";s:14:\"Новости\";s:12:\"controllerID\";s:4:\"news\";s:5:\"title\";s:133:\"Компенсацию расходов на коммунальные услуги теперь можно оформить в МФЦ\";s:6:\"linked\";s:129:\"Муниципальные услуги стали доступнее: МФЦ получил прописку в Кольцово\";s:2:\"id\";i:10;}'),(350,'2015-11-06 07:52:25',10,3,'insertlinked',115,'a:5:{s:10:\"controller\";s:14:\"Новости\";s:12:\"controllerID\";s:4:\"news\";s:5:\"title\";s:133:\"Компенсацию расходов на коммунальные услуги теперь можно оформить в МФЦ\";s:6:\"linked\";s:83:\"Отделение МФЦ открылось в Октябрьском районе\";s:2:\"id\";i:10;}'),(351,'2015-11-06 07:52:26',10,3,'insertlinked',115,'a:5:{s:10:\"controller\";s:14:\"Новости\";s:12:\"controllerID\";s:4:\"news\";s:5:\"title\";s:133:\"Компенсацию расходов на коммунальные услуги теперь можно оформить в МФЦ\";s:6:\"linked\";s:155:\"Александр Якоб открыл первое отделение муниципального многофункционального центра\";s:2:\"id\";i:10;}'),(352,'2015-11-06 07:52:29',10,3,'update',115,'a:4:{s:10:\"controller\";s:14:\"Новости\";s:12:\"controllerID\";s:4:\"news\";s:5:\"title\";s:133:\"Компенсацию расходов на коммунальные услуги теперь можно оформить в МФЦ\";s:2:\"id\";s:2:\"10\";}'),(353,'2015-11-06 07:52:39',10,3,'update',115,'a:4:{s:10:\"controller\";s:14:\"Новости\";s:12:\"controllerID\";s:4:\"news\";s:5:\"title\";s:112:\"В муниципальном МФЦ увеличилось количество социальных услуг\";s:2:\"id\";s:1:\"9\";}'),(354,'2015-11-06 07:52:57',10,3,'update',115,'a:4:{s:10:\"controller\";s:14:\"Новости\";s:12:\"controllerID\";s:4:\"news\";s:5:\"title\";s:133:\"Компенсацию расходов на коммунальные услуги теперь можно оформить в МФЦ\";s:2:\"id\";s:2:\"10\";}'),(355,'2015-11-06 07:56:14',10,3,'update',115,'a:4:{s:10:\"controller\";s:14:\"Новости\";s:12:\"controllerID\";s:4:\"news\";s:5:\"title\";s:112:\"В муниципальном МФЦ увеличилось количество социальных услуг\";s:2:\"id\";s:1:\"9\";}'),(356,'2015-11-06 07:56:40',10,3,'update',115,'a:4:{s:10:\"controller\";s:14:\"Новости\";s:12:\"controllerID\";s:4:\"news\";s:5:\"title\";s:133:\"Компенсацию расходов на коммунальные услуги теперь можно оформить в МФЦ\";s:2:\"id\";s:2:\"10\";}'),(357,'2015-11-06 07:59:30',10,3,'insert',115,'a:4:{s:10:\"controller\";s:14:\"Новости\";s:12:\"controllerID\";s:4:\"news\";s:5:\"title\";s:107:\"МФЦ опубликовал график работы отделений в праздничные дни\";s:2:\"id\";s:2:\"11\";}'),(358,'2015-11-06 07:59:40',10,3,'insertlinked',115,'a:5:{s:10:\"controller\";s:14:\"Новости\";s:12:\"controllerID\";s:4:\"news\";s:5:\"title\";s:107:\"МФЦ опубликовал график работы отделений в праздничные дни\";s:6:\"linked\";s:133:\"Компенсацию расходов на коммунальные услуги теперь можно оформить в МФЦ\";s:2:\"id\";i:11;}'),(359,'2015-11-06 07:59:40',10,3,'insertlinked',115,'a:5:{s:10:\"controller\";s:14:\"Новости\";s:12:\"controllerID\";s:4:\"news\";s:5:\"title\";s:107:\"МФЦ опубликовал график работы отделений в праздничные дни\";s:6:\"linked\";s:112:\"В муниципальном МФЦ увеличилось количество социальных услуг\";s:2:\"id\";i:11;}'),(360,'2015-11-06 07:59:41',10,3,'insertlinked',115,'a:5:{s:10:\"controller\";s:14:\"Новости\";s:12:\"controllerID\";s:4:\"news\";s:5:\"title\";s:107:\"МФЦ опубликовал график работы отделений в праздничные дни\";s:6:\"linked\";s:155:\"В муниципальном многофункциональном центре приступили к регистрации жителей в ЕСИА\";s:2:\"id\";i:11;}'),(361,'2015-11-06 07:59:42',10,3,'insertlinked',115,'a:5:{s:10:\"controller\";s:14:\"Новости\";s:12:\"controllerID\";s:4:\"news\";s:5:\"title\";s:107:\"МФЦ опубликовал график работы отделений в праздничные дни\";s:6:\"linked\";s:129:\"Муниципальные услуги стали доступнее: МФЦ получил прописку в Кольцово\";s:2:\"id\";i:11;}'),(362,'2015-11-06 07:59:42',10,3,'insertlinked',115,'a:5:{s:10:\"controller\";s:14:\"Новости\";s:12:\"controllerID\";s:4:\"news\";s:5:\"title\";s:107:\"МФЦ опубликовал график работы отделений в праздничные дни\";s:6:\"linked\";s:83:\"Отделение МФЦ открылось в Октябрьском районе\";s:2:\"id\";i:11;}'),(363,'2015-11-06 08:00:29',10,3,'update',115,'a:4:{s:10:\"controller\";s:14:\"Новости\";s:12:\"controllerID\";s:4:\"news\";s:5:\"title\";s:107:\"МФЦ опубликовал график работы отделений в праздничные дни\";s:2:\"id\";s:2:\"11\";}'),(364,'2015-11-06 08:06:47',10,3,'insert',115,'a:4:{s:10:\"controller\";s:14:\"Новости\";s:12:\"controllerID\";s:4:\"news\";s:5:\"title\";s:128:\"Получить муниципальные и государственные услуги теперь можно на ВИЗе\";s:2:\"id\";s:2:\"12\";}'),(365,'2015-11-06 08:07:01',10,3,'insertlinked',115,'a:5:{s:10:\"controller\";s:14:\"Новости\";s:12:\"controllerID\";s:4:\"news\";s:5:\"title\";s:128:\"Получить муниципальные и государственные услуги теперь можно на ВИЗе\";s:6:\"linked\";s:107:\"МФЦ опубликовал график работы отделений в праздничные дни\";s:2:\"id\";i:12;}'),(366,'2015-11-06 08:07:02',10,3,'insertlinked',115,'a:5:{s:10:\"controller\";s:14:\"Новости\";s:12:\"controllerID\";s:4:\"news\";s:5:\"title\";s:128:\"Получить муниципальные и государственные услуги теперь можно на ВИЗе\";s:6:\"linked\";s:133:\"Компенсацию расходов на коммунальные услуги теперь можно оформить в МФЦ\";s:2:\"id\";i:12;}'),(367,'2015-11-06 08:07:06',10,3,'insertlinked',115,'a:5:{s:10:\"controller\";s:14:\"Новости\";s:12:\"controllerID\";s:4:\"news\";s:5:\"title\";s:128:\"Получить муниципальные и государственные услуги теперь можно на ВИЗе\";s:6:\"linked\";s:112:\"В муниципальном МФЦ увеличилось количество социальных услуг\";s:2:\"id\";i:12;}'),(368,'2015-11-06 08:07:07',10,3,'insertlinked',115,'a:5:{s:10:\"controller\";s:14:\"Новости\";s:12:\"controllerID\";s:4:\"news\";s:5:\"title\";s:128:\"Получить муниципальные и государственные услуги теперь можно на ВИЗе\";s:6:\"linked\";s:155:\"В муниципальном многофункциональном центре приступили к регистрации жителей в ЕСИА\";s:2:\"id\";i:12;}'),(369,'2015-11-06 08:07:07',10,3,'insertlinked',115,'a:5:{s:10:\"controller\";s:14:\"Новости\";s:12:\"controllerID\";s:4:\"news\";s:5:\"title\";s:128:\"Получить муниципальные и государственные услуги теперь можно на ВИЗе\";s:6:\"linked\";s:129:\"Муниципальные услуги стали доступнее: МФЦ получил прописку в Кольцово\";s:2:\"id\";i:12;}'),(370,'2015-11-06 08:07:08',10,3,'insertlinked',115,'a:5:{s:10:\"controller\";s:14:\"Новости\";s:12:\"controllerID\";s:4:\"news\";s:5:\"title\";s:128:\"Получить муниципальные и государственные услуги теперь можно на ВИЗе\";s:6:\"linked\";s:83:\"Отделение МФЦ открылось в Октябрьском районе\";s:2:\"id\";i:12;}'),(371,'2015-11-06 08:07:13',10,3,'deletelinked',115,'a:5:{s:10:\"controller\";s:14:\"Новости\";s:12:\"controllerID\";s:4:\"news\";s:5:\"title\";s:128:\"Получить муниципальные и государственные услуги теперь можно на ВИЗе\";s:6:\"linked\";s:107:\"МФЦ опубликовал график работы отделений в праздничные дни\";s:2:\"id\";i:12;}'),(372,'2015-11-06 08:07:17',10,3,'update',115,'a:4:{s:10:\"controller\";s:14:\"Новости\";s:12:\"controllerID\";s:4:\"news\";s:5:\"title\";s:128:\"Получить муниципальные и государственные услуги теперь можно на ВИЗе\";s:2:\"id\";s:2:\"12\";}'),(373,'2015-11-06 08:19:18',10,3,'insert',115,'a:4:{s:10:\"controller\";s:14:\"Новости\";s:12:\"controllerID\";s:4:\"news\";s:5:\"title\";s:123:\"Отдел приема и выдачи документов на Вайнера прекращает свою работу\";s:2:\"id\";s:2:\"13\";}'),(374,'2015-11-06 08:19:30',10,3,'insertlinked',115,'a:5:{s:10:\"controller\";s:14:\"Новости\";s:12:\"controllerID\";s:4:\"news\";s:5:\"title\";s:123:\"Отдел приема и выдачи документов на Вайнера прекращает свою работу\";s:6:\"linked\";s:133:\"Компенсацию расходов на коммунальные услуги теперь можно оформить в МФЦ\";s:2:\"id\";i:13;}'),(375,'2015-11-06 08:19:31',10,3,'insertlinked',115,'a:5:{s:10:\"controller\";s:14:\"Новости\";s:12:\"controllerID\";s:4:\"news\";s:5:\"title\";s:123:\"Отдел приема и выдачи документов на Вайнера прекращает свою работу\";s:6:\"linked\";s:112:\"В муниципальном МФЦ увеличилось количество социальных услуг\";s:2:\"id\";i:13;}'),(376,'2015-11-06 08:19:32',10,3,'insertlinked',115,'a:5:{s:10:\"controller\";s:14:\"Новости\";s:12:\"controllerID\";s:4:\"news\";s:5:\"title\";s:123:\"Отдел приема и выдачи документов на Вайнера прекращает свою работу\";s:6:\"linked\";s:155:\"В муниципальном многофункциональном центре приступили к регистрации жителей в ЕСИА\";s:2:\"id\";i:13;}'),(377,'2015-11-06 08:19:32',10,3,'insertlinked',115,'a:5:{s:10:\"controller\";s:14:\"Новости\";s:12:\"controllerID\";s:4:\"news\";s:5:\"title\";s:123:\"Отдел приема и выдачи документов на Вайнера прекращает свою работу\";s:6:\"linked\";s:129:\"Муниципальные услуги стали доступнее: МФЦ получил прописку в Кольцово\";s:2:\"id\";i:13;}'),(378,'2015-11-06 08:19:42',10,3,'insertlinked',115,'a:5:{s:10:\"controller\";s:14:\"Новости\";s:12:\"controllerID\";s:4:\"news\";s:5:\"title\";s:123:\"Отдел приема и выдачи документов на Вайнера прекращает свою работу\";s:6:\"linked\";s:83:\"Отделение МФЦ открылось в Октябрьском районе\";s:2:\"id\";i:13;}'),(379,'2015-11-06 08:19:44',10,3,'update',115,'a:4:{s:10:\"controller\";s:14:\"Новости\";s:12:\"controllerID\";s:4:\"news\";s:5:\"title\";s:123:\"Отдел приема и выдачи документов на Вайнера прекращает свою работу\";s:2:\"id\";s:2:\"13\";}'),(380,'2015-11-06 08:25:34',10,3,'insert',115,'a:4:{s:10:\"controller\";s:14:\"Новости\";s:12:\"controllerID\";s:4:\"news\";s:5:\"title\";s:73:\"Директор МФЦ ответит на вопросы горожан\";s:2:\"id\";s:2:\"14\";}'),(381,'2015-11-06 08:25:56',10,3,'insertlinked',115,'a:5:{s:10:\"controller\";s:14:\"Новости\";s:12:\"controllerID\";s:4:\"news\";s:5:\"title\";s:73:\"Директор МФЦ ответит на вопросы горожан\";s:6:\"linked\";s:123:\"Отдел приема и выдачи документов на Вайнера прекращает свою работу\";s:2:\"id\";i:14;}'),(382,'2015-11-06 08:25:58',10,3,'insertlinked',115,'a:5:{s:10:\"controller\";s:14:\"Новости\";s:12:\"controllerID\";s:4:\"news\";s:5:\"title\";s:73:\"Директор МФЦ ответит на вопросы горожан\";s:6:\"linked\";s:133:\"Компенсацию расходов на коммунальные услуги теперь можно оформить в МФЦ\";s:2:\"id\";i:14;}'),(383,'2015-11-06 08:25:58',10,3,'insertlinked',115,'a:5:{s:10:\"controller\";s:14:\"Новости\";s:12:\"controllerID\";s:4:\"news\";s:5:\"title\";s:73:\"Директор МФЦ ответит на вопросы горожан\";s:6:\"linked\";s:112:\"В муниципальном МФЦ увеличилось количество социальных услуг\";s:2:\"id\";i:14;}'),(384,'2015-11-06 08:25:59',10,3,'insertlinked',115,'a:5:{s:10:\"controller\";s:14:\"Новости\";s:12:\"controllerID\";s:4:\"news\";s:5:\"title\";s:73:\"Директор МФЦ ответит на вопросы горожан\";s:6:\"linked\";s:155:\"В муниципальном многофункциональном центре приступили к регистрации жителей в ЕСИА\";s:2:\"id\";i:14;}'),(385,'2015-11-06 08:26:10',10,3,'insertlinked',115,'a:5:{s:10:\"controller\";s:14:\"Новости\";s:12:\"controllerID\";s:4:\"news\";s:5:\"title\";s:73:\"Директор МФЦ ответит на вопросы горожан\";s:6:\"linked\";s:128:\"Получить муниципальные и государственные услуги теперь можно на ВИЗе\";s:2:\"id\";i:14;}'),(386,'2015-11-06 08:26:13',10,3,'update',115,'a:4:{s:10:\"controller\";s:14:\"Новости\";s:12:\"controllerID\";s:4:\"news\";s:5:\"title\";s:73:\"Директор МФЦ ответит на вопросы горожан\";s:2:\"id\";s:2:\"14\";}'),(387,'2015-11-06 08:26:35',10,3,'update',115,'a:4:{s:10:\"controller\";s:14:\"Новости\";s:12:\"controllerID\";s:4:\"news\";s:5:\"title\";s:128:\"Получить муниципальные и государственные услуги теперь можно на ВИЗе\";s:2:\"id\";s:2:\"12\";}'),(388,'2015-11-06 08:27:35',10,3,'update',115,'a:4:{s:10:\"controller\";s:14:\"Новости\";s:12:\"controllerID\";s:4:\"news\";s:5:\"title\";s:73:\"Директор МФЦ ответит на вопросы горожан\";s:2:\"id\";s:2:\"14\";}'),(389,'2015-11-06 08:36:52',10,3,'insert',10,'a:4:{s:10:\"controller\";s:37:\"Галерея изображений\";s:12:\"controllerID\";s:7:\"gallery\";s:5:\"title\";s:55:\"/media/gallery/0/6/061363a4f2bcff516df3e8baa131cd37.jpg\";s:2:\"id\";i:1;}'),(390,'2015-11-06 08:37:27',10,3,'insert',115,'a:4:{s:10:\"controller\";s:14:\"Новости\";s:12:\"controllerID\";s:4:\"news\";s:5:\"title\";s:146:\"Как зарегистрироваться на едином портале государственных и муниципальных слуг\";s:2:\"id\";s:2:\"15\";}'),(391,'2015-11-06 08:37:37',10,3,'insertlinked',115,'a:5:{s:10:\"controller\";s:14:\"Новости\";s:12:\"controllerID\";s:4:\"news\";s:5:\"title\";s:146:\"Как зарегистрироваться на едином портале государственных и муниципальных слуг\";s:6:\"linked\";s:73:\"Директор МФЦ ответит на вопросы горожан\";s:2:\"id\";i:15;}'),(392,'2015-11-06 08:37:38',10,3,'insertlinked',115,'a:5:{s:10:\"controller\";s:14:\"Новости\";s:12:\"controllerID\";s:4:\"news\";s:5:\"title\";s:146:\"Как зарегистрироваться на едином портале государственных и муниципальных слуг\";s:6:\"linked\";s:123:\"Отдел приема и выдачи документов на Вайнера прекращает свою работу\";s:2:\"id\";i:15;}'),(393,'2015-11-06 08:37:38',10,3,'insertlinked',115,'a:5:{s:10:\"controller\";s:14:\"Новости\";s:12:\"controllerID\";s:4:\"news\";s:5:\"title\";s:146:\"Как зарегистрироваться на едином портале государственных и муниципальных слуг\";s:6:\"linked\";s:128:\"Получить муниципальные и государственные услуги теперь можно на ВИЗе\";s:2:\"id\";i:15;}'),(394,'2015-11-06 08:37:39',10,3,'insertlinked',115,'a:5:{s:10:\"controller\";s:14:\"Новости\";s:12:\"controllerID\";s:4:\"news\";s:5:\"title\";s:146:\"Как зарегистрироваться на едином портале государственных и муниципальных слуг\";s:6:\"linked\";s:107:\"МФЦ опубликовал график работы отделений в праздничные дни\";s:2:\"id\";i:15;}'),(395,'2015-11-06 08:37:40',10,3,'insertlinked',115,'a:5:{s:10:\"controller\";s:14:\"Новости\";s:12:\"controllerID\";s:4:\"news\";s:5:\"title\";s:146:\"Как зарегистрироваться на едином портале государственных и муниципальных слуг\";s:6:\"linked\";s:133:\"Компенсацию расходов на коммунальные услуги теперь можно оформить в МФЦ\";s:2:\"id\";i:15;}'),(396,'2015-11-06 08:37:46',10,3,'update',115,'a:4:{s:10:\"controller\";s:14:\"Новости\";s:12:\"controllerID\";s:4:\"news\";s:5:\"title\";s:146:\"Как зарегистрироваться на едином портале государственных и муниципальных слуг\";s:2:\"id\";s:2:\"15\";}'),(397,'2015-11-06 08:41:23',10,3,'insert',115,'a:4:{s:10:\"controller\";s:14:\"Новости\";s:12:\"controllerID\";s:4:\"news\";s:5:\"title\";s:79:\"Директор МФЦ проведет личный прием граждан\";s:2:\"id\";s:2:\"16\";}'),(398,'2015-11-06 08:41:39',10,3,'insertlinked',115,'a:5:{s:10:\"controller\";s:14:\"Новости\";s:12:\"controllerID\";s:4:\"news\";s:5:\"title\";s:79:\"Директор МФЦ проведет личный прием граждан\";s:6:\"linked\";s:146:\"Как зарегистрироваться на едином портале государственных и муниципальных слуг\";s:2:\"id\";i:16;}'),(399,'2015-11-06 08:41:42',10,3,'insertlinked',115,'a:5:{s:10:\"controller\";s:14:\"Новости\";s:12:\"controllerID\";s:4:\"news\";s:5:\"title\";s:79:\"Директор МФЦ проведет личный прием граждан\";s:6:\"linked\";s:73:\"Директор МФЦ ответит на вопросы горожан\";s:2:\"id\";i:16;}'),(400,'2015-11-06 08:41:43',10,3,'insertlinked',115,'a:5:{s:10:\"controller\";s:14:\"Новости\";s:12:\"controllerID\";s:4:\"news\";s:5:\"title\";s:79:\"Директор МФЦ проведет личный прием граждан\";s:6:\"linked\";s:123:\"Отдел приема и выдачи документов на Вайнера прекращает свою работу\";s:2:\"id\";i:16;}'),(401,'2015-11-06 08:41:43',10,3,'insertlinked',115,'a:5:{s:10:\"controller\";s:14:\"Новости\";s:12:\"controllerID\";s:4:\"news\";s:5:\"title\";s:79:\"Директор МФЦ проведет личный прием граждан\";s:6:\"linked\";s:128:\"Получить муниципальные и государственные услуги теперь можно на ВИЗе\";s:2:\"id\";i:16;}'),(402,'2015-11-06 08:41:45',10,3,'insertlinked',115,'a:5:{s:10:\"controller\";s:14:\"Новости\";s:12:\"controllerID\";s:4:\"news\";s:5:\"title\";s:79:\"Директор МФЦ проведет личный прием граждан\";s:6:\"linked\";s:133:\"Компенсацию расходов на коммунальные услуги теперь можно оформить в МФЦ\";s:2:\"id\";i:16;}'),(403,'2015-11-06 08:41:47',10,3,'update',115,'a:4:{s:10:\"controller\";s:14:\"Новости\";s:12:\"controllerID\";s:4:\"news\";s:5:\"title\";s:79:\"Директор МФЦ проведет личный прием граждан\";s:2:\"id\";s:2:\"16\";}'),(404,'2015-11-06 08:42:03',10,3,'delete',115,'a:4:{s:10:\"controller\";s:14:\"Новости\";s:12:\"controllerID\";s:4:\"news\";s:5:\"title\";s:111:\"Личный прием директором МКУ МФЦ МО &quot;город Екатеринбург&quot;\";s:2:\"id\";s:1:\"2\";}'),(405,'2015-11-06 08:45:39',10,3,'delete',115,'a:4:{s:10:\"controller\";s:14:\"Новости\";s:12:\"controllerID\";s:4:\"news\";s:5:\"title\";s:168:\"Как зарегистрироваться на едином портале государственных и муниципальных слуг? Есть ответ!\";s:2:\"id\";s:1:\"3\";}'),(406,'2015-11-06 08:47:16',10,3,'delete',115,'a:4:{s:10:\"controller\";s:14:\"Новости\";s:12:\"controllerID\";s:4:\"news\";s:5:\"title\";s:100:\"Изменился порядок расчета компенсации расходов на ЖКУ\";s:2:\"id\";s:1:\"1\";}'),(407,'2015-11-06 08:50:02',10,3,'insertlinked',115,'a:5:{s:10:\"controller\";s:14:\"Новости\";s:12:\"controllerID\";s:4:\"news\";s:5:\"title\";s:100:\"Изменился порядок расчета компенсации расходов на ЖКУ\";s:6:\"linked\";s:133:\"Компенсацию расходов на коммунальные услуги теперь можно оформить в МФЦ\";s:2:\"id\";i:4;}'),(408,'2015-11-06 08:50:04',10,3,'insertlinked',115,'a:5:{s:10:\"controller\";s:14:\"Новости\";s:12:\"controllerID\";s:4:\"news\";s:5:\"title\";s:100:\"Изменился порядок расчета компенсации расходов на ЖКУ\";s:6:\"linked\";s:112:\"В муниципальном МФЦ увеличилось количество социальных услуг\";s:2:\"id\";i:4;}'),(409,'2015-11-06 08:50:39',10,3,'update',115,'a:4:{s:10:\"controller\";s:14:\"Новости\";s:12:\"controllerID\";s:4:\"news\";s:5:\"title\";s:100:\"Изменился порядок расчета компенсации расходов на ЖКУ\";s:2:\"id\";s:1:\"4\";}'),(410,'2015-11-06 08:50:46',10,3,'delete',26,'a:4:{s:10:\"controller\";s:8:\"Теги\";s:12:\"controllerID\";s:4:\"tags\";s:5:\"title\";s:22:\"Компенсация\";s:2:\"id\";s:1:\"2\";}'),(411,'2015-11-06 08:50:51',10,3,'delete',26,'a:4:{s:10:\"controller\";s:8:\"Теги\";s:12:\"controllerID\";s:4:\"tags\";s:5:\"title\";s:18:\"Изменение\";s:2:\"id\";s:1:\"4\";}'),(412,'2015-11-06 08:50:54',10,3,'delete',26,'a:4:{s:10:\"controller\";s:8:\"Теги\";s:12:\"controllerID\";s:4:\"tags\";s:5:\"title\";s:10:\"Закон\";s:2:\"id\";s:1:\"3\";}'),(413,'2015-11-06 08:50:58',10,3,'delete',26,'a:4:{s:10:\"controller\";s:8:\"Теги\";s:12:\"controllerID\";s:4:\"tags\";s:5:\"title\";s:12:\"Законы\";s:2:\"id\";s:1:\"1\";}'),(414,'2015-11-06 08:51:22',10,3,'delete',26,'a:4:{s:10:\"controller\";s:8:\"Теги\";s:12:\"controllerID\";s:4:\"tags\";s:5:\"title\";s:42:\"открытие отделений мфц\";s:2:\"id\";s:1:\"7\";}'),(415,'2015-11-06 09:12:29',10,3,'update',115,'a:4:{s:10:\"controller\";s:14:\"Новости\";s:12:\"controllerID\";s:4:\"news\";s:5:\"title\";s:73:\"Директор МФЦ ответит на вопросы горожан\";s:2:\"id\";s:2:\"14\";}'),(416,'2015-11-06 10:36:51',0,0,'login_wrong',0,'a:2:{s:5:\"login\";s:3:\"pan\";s:2:\"ip\";s:14:\"87.251.184.148\";}'),(417,'2015-11-06 10:37:16',0,0,'login_wrong',0,'a:2:{s:5:\"login\";s:3:\"pan\";s:2:\"ip\";s:14:\"87.251.184.148\";}'),(418,'2015-11-06 10:37:24',0,0,'login_wrong',0,'a:2:{s:5:\"login\";s:3:\"pan\";s:2:\"ip\";s:14:\"87.251.184.148\";}'),(419,'2015-11-06 10:38:02',0,0,'login_wrong',0,'a:2:{s:5:\"login\";s:3:\"pan\";s:2:\"ip\";s:14:\"87.251.184.148\";}'),(420,'2015-11-06 10:41:51',8,3,'login',0,'a:1:{s:2:\"ip\";s:14:\"194.213.116.25\";}'),(421,'2015-11-06 10:42:53',0,0,'login_wrong',0,'a:2:{s:5:\"login\";s:3:\"pan\";s:2:\"ip\";s:14:\"87.251.184.148\";}'),(422,'2015-11-06 10:42:57',4,1,'login',0,'a:1:{s:2:\"ip\";s:14:\"87.251.184.148\";}'),(423,'2015-11-06 10:45:03',4,1,'update',11,'a:4:{s:10:\"controller\";s:23:\"Модули сайта\";s:12:\"controllerID\";s:7:\"modules\";s:5:\"title\";s:41:\"Структура организации\";s:2:\"id\";s:3:\"116\";}'),(424,'2015-11-06 10:45:12',4,1,'update',11,'a:4:{s:10:\"controller\";s:23:\"Модули сайта\";s:12:\"controllerID\";s:7:\"modules\";s:5:\"title\";s:20:\"Сотрудники\";s:2:\"id\";s:3:\"117\";}'),(425,'2015-11-06 11:02:31',8,3,'insert',25,'a:4:{s:10:\"controller\";s:10:\"Файлы\";s:12:\"controllerID\";s:5:\"files\";s:5:\"title\";s:15:\"Новый ФЗ\";s:2:\"id\";s:1:\"2\";}'),(426,'2015-11-06 12:50:10',8,3,'logout',0,''),(427,'2015-11-06 12:50:42',7,1,'login',0,'a:1:{s:2:\"ip\";s:14:\"194.213.116.25\";}'),(428,'2015-11-09 06:46:14',10,3,'login',0,'a:1:{s:2:\"ip\";s:14:\"87.251.184.148\";}'),(429,'2015-11-09 06:49:46',10,3,'update',116,'a:4:{s:10:\"controller\";s:41:\"Структура организации\";s:12:\"controllerID\";s:7:\"admtree\";s:5:\"title\";s:22:\"Руководство\";s:2:\"id\";s:1:\"8\";}'),(430,'2015-11-09 06:50:14',10,3,'update',116,'a:4:{s:10:\"controller\";s:41:\"Структура организации\";s:12:\"controllerID\";s:7:\"admtree\";s:5:\"title\";s:31:\"Центральный офис\";s:2:\"id\";s:1:\"6\";}'),(431,'2015-11-09 06:51:12',10,3,'insert',117,'a:4:{s:10:\"controller\";s:20:\"Сотрудники\";s:12:\"controllerID\";s:9:\"admpeople\";s:5:\"title\";s:54:\"Змеева Наталья Александровна\";s:2:\"id\";s:2:\"18\";}'),(432,'2015-11-09 06:51:47',10,3,'insert',117,'a:4:{s:10:\"controller\";s:20:\"Сотрудники\";s:12:\"controllerID\";s:9:\"admpeople\";s:5:\"title\";s:46:\"Салихова Инесса Раисовна\";s:2:\"id\";s:2:\"19\";}'),(433,'2015-11-09 06:52:26',10,3,'insert',117,'a:4:{s:10:\"controller\";s:20:\"Сотрудники\";s:12:\"controllerID\";s:9:\"admpeople\";s:5:\"title\";s:52:\"Кичка Анастасия Геннадьевна\";s:2:\"id\";s:2:\"20\";}'),(434,'2015-11-09 10:31:15',8,3,'login',0,'a:1:{s:2:\"ip\";s:14:\"194.213.116.25\";}'),(435,'2015-11-09 10:35:59',8,3,'insert',117,'a:4:{s:10:\"controller\";s:20:\"Сотрудники\";s:12:\"controllerID\";s:9:\"admpeople\";s:5:\"title\";s:66:\"Мельникова Екатерина Александровна\";s:2:\"id\";s:2:\"21\";}'),(436,'2015-11-09 10:36:31',8,3,'update',117,'a:4:{s:10:\"controller\";s:20:\"Сотрудники\";s:12:\"controllerID\";s:9:\"admpeople\";s:5:\"title\";s:44:\"Абаева Танзиля Алимовна\";s:2:\"id\";s:2:\"12\";}'),(437,'2015-11-09 10:37:44',8,3,'insert',117,'a:4:{s:10:\"controller\";s:20:\"Сотрудники\";s:12:\"controllerID\";s:9:\"admpeople\";s:5:\"title\";s:52:\"Мамедова Алиса Казанфаровна\";s:2:\"id\";s:2:\"22\";}'),(438,'2015-11-09 10:39:33',8,3,'insert',117,'a:4:{s:10:\"controller\";s:20:\"Сотрудники\";s:12:\"controllerID\";s:9:\"admpeople\";s:5:\"title\";s:50:\"Жилина Наталья Анатольевна\";s:2:\"id\";s:2:\"23\";}'),(439,'2015-11-09 10:40:16',8,3,'insert',117,'a:4:{s:10:\"controller\";s:20:\"Сотрудники\";s:12:\"controllerID\";s:9:\"admpeople\";s:5:\"title\";s:48:\"Федорова Елена Витальевна\";s:2:\"id\";s:2:\"24\";}'),(440,'2015-11-09 10:40:50',8,3,'insert',117,'a:4:{s:10:\"controller\";s:20:\"Сотрудники\";s:12:\"controllerID\";s:9:\"admpeople\";s:5:\"title\";s:56:\"Покора Светлана Станиславовна\";s:2:\"id\";s:2:\"25\";}'),(441,'2015-11-09 10:43:14',8,3,'update',116,'a:4:{s:10:\"controller\";s:41:\"Структура организации\";s:12:\"controllerID\";s:7:\"admtree\";s:5:\"title\";s:99:\"Отдел приема и выдачи документов по Ленинскому району\";s:2:\"id\";s:1:\"9\";}'),(442,'2015-11-09 10:44:15',8,3,'insert',117,'a:4:{s:10:\"controller\";s:20:\"Сотрудники\";s:12:\"controllerID\";s:9:\"admpeople\";s:5:\"title\";s:56:\"Барабанов Владимир Феликсович\";s:2:\"id\";s:2:\"26\";}'),(443,'2015-11-09 10:44:41',8,3,'update',117,'a:4:{s:10:\"controller\";s:20:\"Сотрудники\";s:12:\"controllerID\";s:9:\"admpeople\";s:5:\"title\";s:56:\"Барабанов Владимир Феликсович\";s:2:\"id\";s:2:\"26\";}'),(444,'2015-11-09 10:45:35',8,3,'insert',117,'a:4:{s:10:\"controller\";s:20:\"Сотрудники\";s:12:\"controllerID\";s:9:\"admpeople\";s:5:\"title\";s:48:\"Рау Наталья Александровна\";s:2:\"id\";s:2:\"27\";}'),(445,'2015-11-09 10:46:05',8,3,'insert',117,'a:4:{s:10:\"controller\";s:20:\"Сотрудники\";s:12:\"controllerID\";s:9:\"admpeople\";s:5:\"title\";s:56:\"Кива Александра Александровна\";s:2:\"id\";s:2:\"28\";}'),(446,'2015-11-09 10:47:05',8,3,'insert',117,'a:4:{s:10:\"controller\";s:20:\"Сотрудники\";s:12:\"controllerID\";s:9:\"admpeople\";s:5:\"title\";s:50:\"Сарпова Ксения Геннадьевна\";s:2:\"id\";s:2:\"29\";}'),(447,'2015-11-09 10:47:28',8,3,'insert',117,'a:4:{s:10:\"controller\";s:20:\"Сотрудники\";s:12:\"controllerID\";s:9:\"admpeople\";s:5:\"title\";s:50:\"Боровик Полина Анатольевна\";s:2:\"id\";s:2:\"30\";}'),(448,'2015-11-09 10:47:54',8,3,'insert',117,'a:4:{s:10:\"controller\";s:20:\"Сотрудники\";s:12:\"controllerID\";s:9:\"admpeople\";s:5:\"title\";s:62:\"Плотникова Татьяна Александровна\";s:2:\"id\";s:2:\"31\";}'),(449,'2015-11-09 10:48:24',8,3,'insert',117,'a:4:{s:10:\"controller\";s:20:\"Сотрудники\";s:12:\"controllerID\";s:9:\"admpeople\";s:5:\"title\";s:54:\"Хорошавина Марина Николаевна\";s:2:\"id\";s:2:\"32\";}'),(450,'2015-11-09 10:51:14',8,3,'update',116,'a:4:{s:10:\"controller\";s:41:\"Структура организации\";s:12:\"controllerID\";s:7:\"admtree\";s:5:\"title\";s:112:\"Отдел приема и выдачи документов по Чкаловскому району новый\";s:2:\"id\";s:2:\"10\";}'),(451,'2015-11-09 10:52:03',8,3,'insert',117,'a:4:{s:10:\"controller\";s:20:\"Сотрудники\";s:12:\"controllerID\";s:9:\"admpeople\";s:5:\"title\";s:60:\"Боровикова Екатерина Алексеевна\";s:2:\"id\";s:2:\"33\";}'),(452,'2015-11-09 10:53:46',8,3,'insert',117,'a:4:{s:10:\"controller\";s:20:\"Сотрудники\";s:12:\"controllerID\";s:9:\"admpeople\";s:5:\"title\";s:60:\"Солтанова Анастасия Анатольевна\";s:2:\"id\";s:2:\"34\";}'),(453,'2015-11-09 10:54:18',8,3,'insert',117,'a:4:{s:10:\"controller\";s:20:\"Сотрудники\";s:12:\"controllerID\";s:9:\"admpeople\";s:5:\"title\";s:44:\"Петухова Оксана Юрьевна\";s:2:\"id\";s:2:\"35\";}'),(454,'2015-11-09 10:54:42',8,3,'insert',117,'a:4:{s:10:\"controller\";s:20:\"Сотрудники\";s:12:\"controllerID\";s:9:\"admpeople\";s:5:\"title\";s:44:\"Нуждина Юлия Дмитриевна\";s:2:\"id\";s:2:\"36\";}'),(455,'2015-11-09 10:55:10',8,3,'insert',117,'a:4:{s:10:\"controller\";s:20:\"Сотрудники\";s:12:\"controllerID\";s:9:\"admpeople\";s:5:\"title\";s:52:\"Шилько Александр Николаевич\";s:2:\"id\";s:2:\"37\";}'),(456,'2015-11-09 10:55:49',8,3,'insert',117,'a:4:{s:10:\"controller\";s:20:\"Сотрудники\";s:12:\"controllerID\";s:9:\"admpeople\";s:5:\"title\";s:60:\"Мингазова Надежда Александровна\";s:2:\"id\";s:2:\"38\";}'),(457,'2015-11-09 10:56:22',8,3,'insert',117,'a:4:{s:10:\"controller\";s:20:\"Сотрудники\";s:12:\"controllerID\";s:9:\"admpeople\";s:5:\"title\";s:50:\"Артеменко Елена Михайловна\";s:2:\"id\";s:2:\"39\";}'),(458,'2015-11-09 10:56:50',8,3,'insert',117,'a:4:{s:10:\"controller\";s:20:\"Сотрудники\";s:12:\"controllerID\";s:9:\"admpeople\";s:5:\"title\";s:50:\"Романова Ирина Геннадьевна\";s:2:\"id\";s:2:\"40\";}'),(459,'2015-11-09 10:57:15',8,3,'insert',117,'a:4:{s:10:\"controller\";s:20:\"Сотрудники\";s:12:\"controllerID\";s:9:\"admpeople\";s:5:\"title\";s:46:\"Вершина Василий Петрович\";s:2:\"id\";s:2:\"41\";}'),(460,'2015-11-09 10:57:57',8,3,'insert',117,'a:4:{s:10:\"controller\";s:20:\"Сотрудники\";s:12:\"controllerID\";s:9:\"admpeople\";s:5:\"title\";s:40:\"Янечко Яна Эдуардовна\";s:2:\"id\";s:2:\"42\";}'),(461,'2015-11-09 10:58:06',8,3,'update',117,'a:4:{s:10:\"controller\";s:20:\"Сотрудники\";s:12:\"controllerID\";s:9:\"admpeople\";s:5:\"title\";s:40:\"Янечко Яна Эдуардовна\";s:2:\"id\";s:2:\"42\";}'),(462,'2015-11-09 10:59:11',8,3,'update',116,'a:4:{s:10:\"controller\";s:41:\"Структура организации\";s:12:\"controllerID\";s:7:\"admtree\";s:5:\"title\";s:103:\"Отдел приема и выдачи документов по Октябрьскому району\";s:2:\"id\";s:2:\"11\";}'),(463,'2015-11-09 11:00:45',8,3,'insert',117,'a:4:{s:10:\"controller\";s:20:\"Сотрудники\";s:12:\"controllerID\";s:9:\"admpeople\";s:5:\"title\";s:60:\"Софронова Александра Евгеньевна\";s:2:\"id\";s:2:\"43\";}'),(464,'2015-11-09 11:01:11',8,3,'insert',117,'a:4:{s:10:\"controller\";s:20:\"Сотрудники\";s:12:\"controllerID\";s:9:\"admpeople\";s:5:\"title\";s:42:\"Ширеева Ольга Петровна\";s:2:\"id\";s:2:\"44\";}'),(465,'2015-11-09 11:01:49',8,3,'insert',117,'a:4:{s:10:\"controller\";s:20:\"Сотрудники\";s:12:\"controllerID\";s:9:\"admpeople\";s:5:\"title\";s:58:\"Пряничникова Марина Дмитриевна\";s:2:\"id\";s:2:\"45\";}'),(466,'2015-11-09 11:02:25',8,3,'insert',117,'a:4:{s:10:\"controller\";s:20:\"Сотрудники\";s:12:\"controllerID\";s:9:\"admpeople\";s:5:\"title\";s:64:\"Усольцева Екатерина Александровна\";s:2:\"id\";s:2:\"46\";}'),(467,'2015-11-09 11:03:18',8,3,'insert',117,'a:4:{s:10:\"controller\";s:20:\"Сотрудники\";s:12:\"controllerID\";s:9:\"admpeople\";s:5:\"title\";s:50:\"Янович Светлана Васильевна\";s:2:\"id\";s:2:\"47\";}'),(468,'2015-11-09 11:03:38',8,3,'insert',117,'a:4:{s:10:\"controller\";s:20:\"Сотрудники\";s:12:\"controllerID\";s:9:\"admpeople\";s:5:\"title\";s:50:\"Щукина Александра Игоревна\";s:2:\"id\";s:2:\"48\";}'),(469,'2015-11-09 11:04:03',8,3,'insert',117,'a:4:{s:10:\"controller\";s:20:\"Сотрудники\";s:12:\"controllerID\";s:9:\"admpeople\";s:5:\"title\";s:46:\"Кочева Анастасия Юрьевна\";s:2:\"id\";s:2:\"49\";}'),(470,'2015-11-09 11:04:43',8,3,'insert',117,'a:4:{s:10:\"controller\";s:20:\"Сотрудники\";s:12:\"controllerID\";s:9:\"admpeople\";s:5:\"title\";s:50:\"Ципаева Юлия Станиславовна\";s:2:\"id\";s:2:\"50\";}'),(471,'2015-11-09 11:11:47',8,3,'update',116,'a:4:{s:10:\"controller\";s:41:\"Структура организации\";s:12:\"controllerID\";s:7:\"admtree\";s:5:\"title\";s:91:\"Окна приема и выдачи документов в пос. Малый Исток\";s:2:\"id\";s:2:\"12\";}'),(472,'2015-11-09 11:12:47',8,3,'update',117,'a:4:{s:10:\"controller\";s:20:\"Сотрудники\";s:12:\"controllerID\";s:9:\"admpeople\";s:5:\"title\";s:42:\"Ширеева Ольга Петровна\";s:2:\"id\";s:2:\"44\";}'),(473,'2015-11-09 11:13:31',8,3,'insert',117,'a:4:{s:10:\"controller\";s:20:\"Сотрудники\";s:12:\"controllerID\";s:9:\"admpeople\";s:5:\"title\";s:60:\"Граматчикова Наталья Николаевна\";s:2:\"id\";s:2:\"51\";}');
/*!40000 ALTER TABLE `admin_activity` ENABLE KEYS */;
UNLOCK TABLES;

--
-- Table structure for table `admin_session`
--

DROP TABLE IF EXISTS `admin_session`;
/*!40101 SET @saved_cs_client     = @@character_set_client */;
/*!40101 SET character_set_client = utf8 */;
CREATE TABLE `admin_session` (
  `id` int(10) unsigned NOT NULL AUTO_INCREMENT,
  `lasttime` datetime NOT NULL,
  `login` char(32) NOT NULL,
  `ip` char(15) NOT NULL,
  PRIMARY KEY (`id`),
  KEY `created` (`lasttime`)
) ENGINE=MyISAM AUTO_INCREMENT=30 DEFAULT CHARSET=utf8;
/*!40101 SET character_set_client = @saved_cs_client */;

--
-- Dumping data for table `admin_session`
--

LOCK TABLES `admin_session` WRITE;
/*!40000 ALTER TABLE `admin_session` DISABLE KEYS */;
INSERT INTO `admin_session` VALUES (2,'2015-11-06 15:45:18','pan','87.251.184.148'),(24,'2015-11-06 12:22:46','serge@ekburg.ru','87.251.184.148'),(28,'2015-11-06 17:51:17','siluyanova_mp@ekadm.ru','194.213.116.25'),(26,'2015-11-09 11:54:51','olpot@yandex.ru','87.251.184.148'),(29,'2015-11-09 16:13:56','kryazhev_av@ekadm.ru','194.213.116.25');
/*!40000 ALTER TABLE `admin_session` ENABLE KEYS */;
UNLOCK TABLES;

--
-- Table structure for table `admin_wrong_login`
--

DROP TABLE IF EXISTS `admin_wrong_login`;
/*!40101 SET @saved_cs_client     = @@character_set_client */;
/*!40101 SET character_set_client = utf8 */;
CREATE TABLE `admin_wrong_login` (
  `id` int(10) unsigned NOT NULL AUTO_INCREMENT,
  `saved` timestamp NOT NULL DEFAULT CURRENT_TIMESTAMP,
  `ip` varchar(15) NOT NULL,
  `login` tinytext NOT NULL,
  `password` tinytext NOT NULL,
  PRIMARY KEY (`id`),
  KEY `saved` (`saved`)
) ENGINE=MyISAM AUTO_INCREMENT=17 DEFAULT CHARSET=utf8;
/*!40101 SET character_set_client = @saved_cs_client */;

--
-- Dumping data for table `admin_wrong_login`
--

LOCK TABLES `admin_wrong_login` WRITE;
/*!40000 ALTER TABLE `admin_wrong_login` DISABLE KEYS */;
INSERT INTO `admin_wrong_login` VALUES (1,'2015-10-22 10:07:19','87.251.184.148','admin','ntcnbhjdfybt121'),(2,'2015-10-26 11:10:42','194.213.116.30','info@web-otdel.com','gmfxjCx2mb'),(3,'2015-10-26 11:10:52','194.213.116.30','info@web-otdel.com','gmfxjCx2mb'),(4,'2015-10-28 07:59:24','194.213.116.25','kryazhev_av@ekadm.ru','kryazhev_av@ekadm.ru'),(5,'2015-10-29 13:16:12','194.213.116.25','siluyanova_mp@ekadm.ru','м'),(6,'2015-11-06 06:24:22','87.251.184.148','olpot@yandex.ru','pbreyn97'),(7,'2015-11-06 06:25:20','87.251.184.148','olpot@yandex.ru','pbreyn97'),(8,'2015-11-06 06:35:18','87.251.184.148','olpot@yandex.ru','pbreyn97'),(9,'2015-11-06 06:39:02','87.251.184.148','olpot@yandex.ru','pbreyn97'),(10,'2015-11-06 06:41:12','87.251.184.148','olpot@yandex.ru','tun4curr4e'),(11,'2015-11-06 06:41:29','87.251.184.148','olpot@yandex.ru','tun4curr4e');
/*!40000 ALTER TABLE `admin_wrong_login` ENABLE KEYS */;
UNLOCK TABLES;

--
-- Table structure for table `admpeople`
--

DROP TABLE IF EXISTS `admpeople`;
/*!40101 SET @saved_cs_client     = @@character_set_client */;
/*!40101 SET character_set_client = utf8 */;
CREATE TABLE `admpeople` (
  `id` int(10) unsigned NOT NULL AUTO_INCREMENT,
  `group_id` int(10) unsigned NOT NULL,
  `tree_id` int(10) unsigned NOT NULL,
  `fio` tinytext NOT NULL,
  `photo` char(3) NOT NULL,
  `post` tinytext NOT NULL,
  `description` text NOT NULL,
  `istop` tinyint(1) unsigned NOT NULL,
  `position` int(10) unsigned NOT NULL,
  PRIMARY KEY (`id`),
  KEY `tree_id` (`tree_id`),
  KEY `group_id` (`group_id`)
) ENGINE=MyISAM AUTO_INCREMENT=52 DEFAULT CHARSET=utf8;
/*!40101 SET character_set_client = @saved_cs_client */;

--
-- Dumping data for table `admpeople`
--

LOCK TABLES `admpeople` WRITE;
/*!40000 ALTER TABLE `admpeople` DISABLE KEYS */;
INSERT INTO `admpeople` VALUES (1,3,3,'Сахратуллина Юлия Линатовна','jpg','И.о. начальника отдела','',1,1),(2,3,3,'Потоцкая Юлия Валерьевна','','Главный специалист','',0,2),(3,3,3,'Назарова Елена Владимировна','','Ведущий специалист','',0,3),(4,3,3,'Ширкова Зоя Владимировна','jpg','Ведущий специалист','',0,4),(5,3,3,'Порунов Иван Павлович','','Специалист','',0,5),(6,3,4,'Юрьева Елена Анатольевна','jpg','Начальник отдела','',1,6),(7,3,4,'Осинцев Дмитрий Сергеевич','','Главный специалист','',0,7),(8,3,4,'Галимова Анна Владимировна','','Специалист','',0,8),(9,3,4,'Павлова Марина Алексеевна','','Специалист','',0,9),(10,3,4,'Онохина Анна Юрьевна','','Специалист','',0,10),(11,3,4,'Дербенева Светлана Викторовна','','Ведущий специалист','',0,11),(12,3,5,'Абаева Танзиля Алимовна','jpg','Начальник отдела','',1,12),(13,3,5,'Лоскутова Наталья Александровна','','Главный специалист','',0,13),(14,3,5,'Ставрова Юлия Константиновна','','Главный специалист','',0,14),(15,3,5,'Тимофеева Екатерина Вадимовна','','Ведущий специалист','',0,15),(16,3,5,'Зайнулина Юлия Александровна','','Специалист','',0,16),(17,3,5,'Чечетина Ольга Викторовна','','Специалист','',0,17),(18,3,8,'Змеева Наталья Александровна','jpg','Директор','&lt;p&gt;Телефон: 311-02-09&lt;/p&gt;',0,18),(19,3,8,'Салихова Инесса Раисовна','jpg','Заместитель директора','&lt;p&gt;Телефон: 311-02-09&lt;/p&gt;',0,19),(20,3,8,'Кичка Анастасия Геннадьевна','jpg','Главный бухгалтер','&lt;p&gt;Телефон: 311-02-09&lt;/p&gt;',0,20),(21,3,7,'Мельникова Екатерина Александровна','jpg','И.о. начальника отдела','',1,21),(22,3,7,'Мамедова Алиса Казанфаровна','jpg','Главный специалист','',0,22),(23,3,7,'Жилина Наталья Анатольевна','','Ведущий специалист','',0,23),(24,3,7,'Федорова Елена Витальевна','','Специалист','',0,24),(25,3,7,'Покора Светлана Станиславовна','','Ведущий специалист','',0,25),(26,3,9,'Барабанов Владимир Феликсович','jpg','Начальник отдела','',1,26),(27,3,9,'Рау Наталья Александровна','','Ведущий специалист','',0,27),(28,3,9,'Кива Александра Александровна','','Специалист','',0,28),(29,3,9,'Сарпова Ксения Геннадьевна','','Специалист','',0,29),(30,3,9,'Боровик Полина Анатольевна','','Ведущий специалист','',0,30),(31,3,9,'Плотникова Татьяна Александровна','','Ведущий специалист','',0,31),(32,3,9,'Хорошавина Марина Николаевна','','Специалист','',0,32),(33,3,10,'Боровикова Екатерина Алексеевна','jpg','Начальник отдела','',1,33),(34,3,10,'Солтанова Анастасия Анатольевна','','Главный специалист','',0,34),(35,3,10,'Петухова Оксана Юрьевна','','Ведущий специалист','',0,35),(36,3,10,'Нуждина Юлия Дмитриевна','','Главный специалист','',0,36),(37,3,10,'Шилько Александр Николаевич','','Специалист','',0,37),(38,3,10,'Мингазова Надежда Александровна','','Специалист','',0,38),(39,3,10,'Артеменко Елена Михайловна','','Специалист','',0,39),(40,3,10,'Романова Ирина Геннадьевна','','Ведущий специалист','',0,40),(41,3,10,'Вершина Василий Петрович','','Специалист','',0,41),(42,3,10,'Янечко Яна Эдуардовна','','Главный специалист','',0,42),(43,3,11,'Софронова Александра Евгеньевна','','Начальник отдела','',1,43),(44,3,12,'Ширеева Ольга Петровна','','Главный специалист','',0,44),(45,3,11,'Пряничникова Марина Дмитриевна','','Ведущий специалист','',0,45),(46,3,11,'Усольцева Екатерина Александровна','','Специалист','',0,46),(47,3,11,'Янович Светлана Васильевна','','Главный специалист','',0,47),(48,3,11,'Щукина Александра Игоревна','','Специалист','',0,48),(49,3,11,'Кочева Анастасия Юрьевна','','Специалист','',0,49),(50,3,11,'Ципаева Юлия Станиславовна','','Специалист','',0,50),(51,3,12,'Граматчикова Наталья Николаевна','','Специалист','',0,51);
/*!40000 ALTER TABLE `admpeople` ENABLE KEYS */;
UNLOCK TABLES;

--
-- Table structure for table `admtree`
--

DROP TABLE IF EXISTS `admtree`;
/*!40101 SET @saved_cs_client     = @@character_set_client */;
/*!40101 SET character_set_client = utf8 */;
CREATE TABLE `admtree` (
  `id` int(10) unsigned NOT NULL AUTO_INCREMENT,
  `group_id` int(10) unsigned NOT NULL,
  `pcod` varchar(64) NOT NULL,
  `level` tinyint(3) unsigned NOT NULL,
  `title` tinytext NOT NULL,
  `contacts` varchar(512) NOT NULL,
  `text` text NOT NULL,
  `only_text` tinyint(1) unsigned NOT NULL,
  PRIMARY KEY (`id`),
  KEY `pcod` (`pcod`),
  KEY `group_id` (`group_id`)
) ENGINE=MyISAM AUTO_INCREMENT=13 DEFAULT CHARSET=utf8;
/*!40101 SET character_set_client = @saved_cs_client */;

--
-- Dumping data for table `admtree`
--

LOCK TABLES `admtree` WRITE;
/*!40000 ALTER TABLE `admtree` DISABLE KEYS */;
INSERT INTO `admtree` VALUES (1,0,'0001000000000000000000000000000000000000000000000000000000000000',1,'Новый раздел','','',0),(2,0,'0002000000000000000000000000000000000000000000000000000000000000',1,'Новый раздел','','',0),(3,3,'0006000000000000000000000000000000000000000000000000000000000000',1,'Отдел приема и выдачи документов по Железнодорожному району новый','Екатеринбург, ул. Черепанова, 28б\r\nТел. 311-74-00','&lt;p&gt;Пн-Пт с 08:00 до 19:00, Сб с 09:00 до 17:00 без перерыва. Вс - выходной&lt;/p&gt;\r\n&lt;p&gt;&amp;nbsp;&lt;/p&gt;\r\n&lt;p&gt;Транспорт:&lt;/p&gt;\r\n&lt;p&gt;&amp;nbsp;&lt;/p&gt;\r\n&lt;p&gt;Остановка &quot;Черепанова&quot;&lt;/p&gt;\r\n&lt;p&gt;&amp;nbsp;&lt;/p&gt;\r\n&lt;p&gt;Автобус № 13, 13А&lt;/p&gt;\r\n&lt;p&gt;&amp;nbsp;&lt;/p&gt;\r\n&lt;p&gt;Остановка &quot;Готвальда&quot; (ул. Черепанова)&lt;/p&gt;\r\n&lt;p&gt;&amp;nbsp;&lt;/p&gt;\r\n&lt;p&gt;Автобус № 15, 60&lt;/p&gt;\r\n&lt;p&gt;&amp;nbsp;&lt;/p&gt;\r\n&lt;p&gt;Маршрутное такси № 024, 035, 082&lt;/p&gt;',0),(4,3,'0005000000000000000000000000000000000000000000000000000000000000',1,'Отдел приема и выдачи документов по Верх-Исетскому району новый','Екатеринбург, ул. Токарей, 26\r\nТел. 311-74-00','&lt;p&gt;Пн-Пт с 08:00 до 19:00, Сб с 09:00 до 17:00 без перерыва. Вс - выходной&lt;/p&gt;\r\n&lt;p&gt;Транспорт:&lt;/p&gt;\r\n&lt;p&gt;Остановка &quot;Уралкабель&quot;&lt;/p&gt;\r\n&lt;p&gt;Автобус № 43,61&lt;/p&gt;\r\n&lt;p&gt;Маршрутное такси № 06, 057, 083&lt;/p&gt;\r\n&lt;p&gt;Остановка &quot;Слесарей&quot;&lt;/p&gt;\r\n&lt;p&gt;Трамвай № 1, 2, 11, 18, 19&lt;/p&gt;',0),(5,3,'0008000000000000000000000000000000000000000000000000000000000000',1,'Отдел приема и выдачи документов по Орджоникидзевскому району новый','Екатеринбург, ул. Краснофлотцев, 15\r\nТел. 311-74-00','&lt;p&gt;Пн-Пт с 08:00 до 19:00, Сб с 09:00 до 17:00 без перерыва. Вс - выходной&lt;/p&gt;\r\n&lt;p&gt;Транспорт:&lt;/p&gt;\r\n&lt;p&gt;Остановка &quot;Краснофлотцев&quot;&lt;/p&gt;\r\n&lt;p&gt;Трамвай № 2, 7, 14, 16, 17, 25&lt;/p&gt;\r\n&lt;p&gt;Автобус № 36&lt;/p&gt;\r\n&lt;p&gt;Маршрутное такси № 08, 09, 033, 059, 060&lt;/p&gt;\r\n&lt;p&gt;Троллейбус № 16&lt;/p&gt;',0),(6,3,'0004000000000000000000000000000000000000000000000000000000000000',1,'Центральный офис','Екатеринбург, пр. Ленина, 24а, а/я 5.                  \r\n\r\nТел.: 8 (343) 311-74-00; 8 (343) 222-07-77; 8 (800) 770-74-00.','',0),(7,3,'0007000000000000000000000000000000000000000000000000000000000000',1,'Отдел приема и выдачи документов по Кировскому району','Екатеринбург, ул. Библиотечная, 45','&lt;p&gt;&lt;strong&gt;Время работы&lt;/strong&gt;&lt;/p&gt;\r\n&lt;p&gt;Пн-Пт с 08:00 до 19:00, Сб с 09:00 до 17:00 без перерыва. Вс - выходной&lt;/p&gt;\r\n&lt;p&gt;&lt;strong&gt;Как добраться?&lt;/strong&gt;&lt;/p&gt;\r\n&lt;p&gt;Остановка &quot;Уралобувь&quot;:&amp;nbsp;&lt;/p&gt;\r\n&lt;ul&gt;\r\n&lt;li&gt;Автобус № 60&lt;/li&gt;\r\n&lt;li&gt;Маршрутное такси № 034, 054, 056&lt;/li&gt;\r\n&lt;/ul&gt;\r\n&lt;p&gt;Остановка &quot;Парфюмерная фабрика&quot;&lt;/p&gt;\r\n&lt;ul&gt;\r\n&lt;li&gt;Автобус № 45&lt;/li&gt;\r\n&lt;/ul&gt;',0),(8,3,'0003000000000000000000000000000000000000000000000000000000000000',1,'Руководство','','',0),(9,3,'0009000000000000000000000000000000000000000000000000000000000000',1,'Отдел приема и выдачи документов по Ленинскому району','Екатеринбург, ул. Радищева, 61\r\nТел. 311-74-00','&lt;p&gt;Пн-Пт с 08:00 до 19:00, Сб с 09:00 до 17:00 без перерыва. Вс - выходной&lt;/p&gt;\r\n&lt;p&gt;Транспорт:&lt;/p&gt;\r\n&lt;p&gt;Остановка &quot;Юго-Западная&quot;&lt;/p&gt;\r\n&lt;p&gt;Трамвай № 1, 3, 21, 26&lt;/p&gt;',0),(10,3,'000a000000000000000000000000000000000000000000000000000000000000',1,'Отдел приема и выдачи документов по Чкаловскому району новый','Екатеринбург, ул. Белинского, д. 206\r\nТел. 311-74-00','&lt;p&gt;Пн-Пт с 08:00 до 20:00, Сб-Вс: с 09:00 до 18:00 без перерыва&lt;/p&gt;\r\n&lt;p&gt;Транспорт:&lt;/p&gt;\r\n&lt;p&gt;Остановка &quot;Авиационная&quot;&lt;/p&gt;\r\n&lt;p&gt;Автобус № 2, 19, 37&lt;/p&gt;\r\n&lt;p&gt;Троллейбус № 1, 6, 9, 15, 20&lt;/p&gt;\r\n&lt;p&gt;Маршрутное такси № 05, 05А, 012, 030, 035, 039, 077, 083&lt;/p&gt;',0),(11,3,'000b000000000000000000000000000000000000000000000000000000000000',1,'Отдел приема и выдачи документов по Октябрьскому району','Екатеринбург, ул. Мичурина, д. 207\r\nТел. 311-74-00','&lt;p&gt;Пн-Пт с 08:00 до 20:00, Сб-Вс: с 09:00 до 18:00 без перерыва&lt;/p&gt;\r\n&lt;p&gt;Транспорт:&lt;/p&gt;\r\n&lt;p&gt;Остановка &quot;Тверитина&quot;&lt;/p&gt;\r\n&lt;p&gt;Трамвай № 3, 6, 9, 10, 20, 21&lt;/p&gt;\r\n&lt;p&gt;Остановка &quot;Сибирский тракт&quot;&lt;/p&gt;\r\n&lt;p&gt;Автобус № 1, 18, 31, 32, 64, 76&lt;/p&gt;\r\n&lt;p&gt;Маршрутное такси № 010, 022, 026, 047&lt;/p&gt;',0),(12,3,'000c000000000000000000000000000000000000000000000000000000000000',1,'Окна приема и выдачи документов в пос. Малый Исток','Екатеринбург, ул.Реактивная, д. 35\r\nТел. 311-74-00','&lt;p&gt;Пн-Чт с 09:00 до 18:00, Пт: с 09:00 до 17:00 без перерыва&lt;/p&gt;\r\n&lt;p&gt;Транспорт:&lt;/p&gt;\r\n&lt;p&gt;Остановка &quot;пос. Кольцово&quot;&lt;/p&gt;\r\n&lt;p&gt;Автобус № 29, 45&lt;/p&gt;',0);
/*!40000 ALTER TABLE `admtree` ENABLE KEYS */;
UNLOCK TABLES;

--
-- Table structure for table `admtree_access`
--

DROP TABLE IF EXISTS `admtree_access`;
/*!40101 SET @saved_cs_client     = @@character_set_client */;
/*!40101 SET character_set_client = utf8 */;
CREATE TABLE `admtree_access` (
  `id` int(10) unsigned NOT NULL AUTO_INCREMENT,
  `user_id` int(10) unsigned NOT NULL,
  `group_id` int(10) unsigned NOT NULL,
  `admtree_id` int(10) unsigned NOT NULL,
  `access` tinyint(3) unsigned NOT NULL,
  PRIMARY KEY (`id`),
  KEY `user_id` (`user_id`)
) ENGINE=MyISAM DEFAULT CHARSET=utf8;
/*!40101 SET character_set_client = @saved_cs_client */;

--
-- Dumping data for table `admtree_access`
--

LOCK TABLES `admtree_access` WRITE;
/*!40000 ALTER TABLE `admtree_access` DISABLE KEYS */;
/*!40000 ALTER TABLE `admtree_access` ENABLE KEYS */;
UNLOCK TABLES;

--
-- Table structure for table `content_texts`
--

DROP TABLE IF EXISTS `content_texts`;
/*!40101 SET @saved_cs_client     = @@character_set_client */;
/*!40101 SET character_set_client = utf8 */;
CREATE TABLE `content_texts` (
  `id` int(10) unsigned NOT NULL AUTO_INCREMENT,
  `group_id` int(10) unsigned NOT NULL,
  `title` tinytext NOT NULL,
  `text` mediumtext NOT NULL,
  PRIMARY KEY (`id`),
  KEY `group_id` (`group_id`),
  FULLTEXT KEY `title` (`title`,`text`)
) ENGINE=MyISAM AUTO_INCREMENT=27 DEFAULT CHARSET=utf8;
/*!40101 SET character_set_client = @saved_cs_client */;

--
-- Dumping data for table `content_texts`
--

LOCK TABLES `content_texts` WRITE;
/*!40000 ALTER TABLE `content_texts` DISABLE KEYS */;
INSERT INTO `content_texts` VALUES (1,0,'О МФЦ','&lt;p&gt;Здесь будет размещена информация о МФЦ&lt;/p&gt;'),(2,0,'История','&lt;p&gt;рпорпорл аыва&amp;nbsp;&lt;/p&gt;'),(3,0,'История','&lt;blockquote&gt;\r\n&lt;p&gt;вфыбьтвьбфтаьтафыаф ыа&lt;/p&gt;\r\n&lt;p style=&quot;padding-left: 30px;&quot;&gt;здесь будт текст об истории&lt;/p&gt;\r\n&lt;p style=&quot;padding-left: 30px;&quot;&gt;фвфывфывфыв&lt;/p&gt;\r\n&lt;p style=&quot;padding-left: 30px;&quot;&gt;фывфыввфы&lt;/p&gt;\r\n&lt;p&gt;вфывфтыивьфывофрывофрывьф&amp;nbsp;&lt;/p&gt;\r\n&lt;/blockquote&gt;'),(4,3,'История МФЦ','&lt;p&gt;&lt;img class=&quot;js-has-preview&quot; style=&quot;display: block; margin-left: auto; margin-right: auto;&quot; title=&quot;&quot; src=&quot;/media/gallery/1/8/18898a7bf89dbf001373c7004fec2324_250x_.jpg&quot; alt=&quot;&quot; width=&quot;219&quot; height=&quot;262&quot; /&gt;&lt;/p&gt;\r\n&lt;p&gt;&amp;nbsp;&lt;/p&gt;\r\n&lt;p&gt;В 2013 году Администрацией города Екатеринбурга во исполнение требований Федерального закона от 27 июля 2010 года № 210-ФЗ &amp;laquo;Об организации предоставления государственных и муниципальных услуг&amp;raquo;, а также в соответствии с Указом Президента Российской Федерации от 7 мая 2012 года № 601 &amp;laquo;Об основных направлениях совершенствования системы государственного управления&amp;raquo; создано Муниципальное бюджетное учреждение &amp;laquo;Многофункциональный центр предоставления государственных и муниципальных услуг муниципального образования &amp;laquo;город Екатеринбург&amp;raquo; (МБУ МФЦ МО &amp;laquo;город Екатеринбург&amp;raquo;).&lt;/p&gt;\r\n&lt;p&gt;&amp;nbsp;&lt;/p&gt;\r\n&lt;p&gt;С 2015 года произошла смена типа учреждения на муниципальное казенное учреждение (МКУ).&lt;/p&gt;\r\n&lt;p&gt;&amp;nbsp;&lt;/p&gt;\r\n&lt;p&gt;Предметом деятельности МКУ МФЦ МО &amp;laquo;город Екатеринбург&amp;raquo; является организация и обеспечение деятельности единого места консультирования, содействия в оформлении документов, приема документов и выдачи результатов оказания государственных и муниципальных услуг гражданам и юридическим лицам при предоставлении государственных и муниципальных услуг.&lt;/p&gt;\r\n&lt;p&gt;&amp;nbsp;&lt;/p&gt;\r\n&lt;p&gt;На сегодняшний день МКУ МФЦ МО &amp;laquo;город Екатеринбург&amp;raquo; осуществляет предоставление 126 государственных и муниципальных услуг&amp;raquo;.&lt;/p&gt;'),(5,3,'Услуги, оказываемые МФЦ','&lt;table style=&quot;height: 177px; width: 800px; margin-left: auto; margin-right: auto;&quot; border=&quot;10&quot; width=&quot;800&quot;&gt;\r\n&lt;tbody&gt;\r\n&lt;tr&gt;\r\n&lt;td&gt;&amp;nbsp;&lt;/td&gt;\r\n&lt;td&gt;&amp;nbsp;&lt;/td&gt;\r\n&lt;td&gt;&amp;nbsp;&lt;/td&gt;\r\n&lt;td&gt;&amp;nbsp;&lt;/td&gt;\r\n&lt;td&gt;&amp;nbsp;&lt;/td&gt;\r\n&lt;/tr&gt;\r\n&lt;tr&gt;\r\n&lt;td&gt;&lt;a href=&quot;/services/zhile-i-nedvizhimost&quot;&gt;Жилье и недвижимость&lt;/a&gt;&lt;/td&gt;\r\n&lt;td&gt;&amp;nbsp; &amp;nbsp; &amp;nbsp; &amp;nbsp;&lt;/td&gt;\r\n&lt;td&gt;Социальные услуги&lt;/td&gt;\r\n&lt;td&gt;&amp;nbsp; &amp;nbsp; &amp;nbsp; &amp;nbsp;&lt;/td&gt;\r\n&lt;td&gt;Образование&lt;/td&gt;\r\n&lt;/tr&gt;\r\n&lt;tr&gt;\r\n&lt;td&gt;Строительство&lt;/td&gt;\r\n&lt;td&gt;&amp;nbsp;&lt;/td&gt;\r\n&lt;td&gt;Земельные отношения&lt;/td&gt;\r\n&lt;td&gt;&amp;nbsp;&lt;/td&gt;\r\n&lt;td&gt;Транспорт&lt;/td&gt;\r\n&lt;/tr&gt;\r\n&lt;tr&gt;\r\n&lt;td&gt;Справки&lt;/td&gt;\r\n&lt;td&gt;&amp;nbsp;&lt;/td&gt;\r\n&lt;td&gt;Благоустройство&lt;/td&gt;\r\n&lt;td&gt;&amp;nbsp;&lt;/td&gt;\r\n&lt;td&gt;Культура и искусство&lt;/td&gt;\r\n&lt;/tr&gt;\r\n&lt;tr&gt;\r\n&lt;td&gt;Жилищно - комунальное хозяйство&lt;/td&gt;\r\n&lt;td&gt;&amp;nbsp;&lt;/td&gt;\r\n&lt;td&gt;Здравоохранение&lt;/td&gt;\r\n&lt;td&gt;&amp;nbsp;&lt;/td&gt;\r\n&lt;td&gt;Предпренимательский и потребительский рынок&lt;/td&gt;\r\n&lt;/tr&gt;\r\n&lt;tr&gt;\r\n&lt;td&gt;&amp;nbsp;&lt;/td&gt;\r\n&lt;td&gt;&amp;nbsp;&lt;/td&gt;\r\n&lt;td&gt;Прочие услуги&lt;/td&gt;\r\n&lt;td&gt;&amp;nbsp;&lt;/td&gt;\r\n&lt;td&gt;&amp;nbsp;&lt;/td&gt;\r\n&lt;/tr&gt;\r\n&lt;/tbody&gt;\r\n&lt;/table&gt;\r\n&lt;p&gt;&amp;nbsp;&lt;/p&gt;'),(21,3,'О МФЦ','&lt;p&gt;&lt;a href=&quot;/pages/about&quot;&gt;История МФЦ&lt;/a&gt;&lt;/p&gt;\r\n&lt;p&gt;&amp;nbsp;&lt;/p&gt;\r\n&lt;p&gt;&lt;a href=&quot;/pages/celi-i-zadachi-mfc&quot;&gt;Цели и задачи МФЦ&lt;/a&gt;&lt;/p&gt;\r\n&lt;p&gt;&amp;nbsp;&lt;/p&gt;\r\n&lt;p&gt;&lt;a href=&quot;/pages/sotrudniki&quot;&gt;Сотрудники&lt;/a&gt;&lt;/p&gt;\r\n&lt;p&gt;&amp;nbsp;&lt;/p&gt;\r\n&lt;p&gt;&lt;a href=&quot;/pages/rukovodstvo&quot;&gt;Руководство&lt;/a&gt;&lt;/p&gt;\r\n&lt;p&gt;&amp;nbsp;&lt;/p&gt;\r\n&lt;p&gt;&lt;a href=&quot;/pages/rekvizity&quot;&gt;Реквизиты&lt;/a&gt;&lt;/p&gt;'),(6,3,'Цели и задачи МФЦ','&lt;p&gt;Основной целью деятельности Муниципального казенного учреждения &amp;laquo;Многофункциональный центр предоставления государственных и муниципальных услуг муниципального образования &amp;laquo;город Екатеринбург&amp;raquo; является организация предоставления государственных и муниципальных услуг по принципу &amp;laquo;одного окна&amp;raquo; и реализация отдельных функций, связанных с предоставлением компенсации расходов на оплату жилого помещения и коммунальных услуг.&lt;/p&gt;\r\n&lt;p&gt;&amp;nbsp;&lt;/p&gt;\r\n&lt;p&gt;&lt;strong&gt;Задачи МФЦ:&lt;/strong&gt;&lt;/p&gt;\r\n&lt;p&gt;&amp;nbsp;&lt;/p&gt;\r\n&lt;p&gt;- Создание инфраструктуры для организации предоставления государственных и муниципальных услуг по принципу &amp;laquo;одного окна&amp;raquo;;&lt;/p&gt;\r\n&lt;p&gt;&amp;nbsp;&lt;/p&gt;\r\n&lt;p&gt;- Повышение уровня информированности физических и юридических лиц о порядке, способах и условиях получения государственных и муниципальных услуг;&lt;/p&gt;\r\n&lt;p&gt;&amp;nbsp;&lt;/p&gt;\r\n&lt;p&gt;- Снижение административных барьеров при получении государственных и муниципальных услуг.&lt;/p&gt;'),(7,3,'Сотрудники','&lt;p&gt;Общий отдел&lt;/p&gt;\r\n&lt;p&gt;&amp;nbsp;&lt;/p&gt;\r\n&lt;p&gt;Финансово-экономический раздел&lt;/p&gt;\r\n&lt;p&gt;&amp;nbsp;&lt;/p&gt;\r\n&lt;p&gt;Отдел&amp;nbsp;нормативно-правового обеспечения, кадрового администрирования и контрольно-аналитической работы&lt;/p&gt;\r\n&lt;p&gt;&amp;nbsp;&lt;/p&gt;\r\n&lt;p&gt;Отдел обработки информации и расчета компенсации расходов&amp;nbsp;&lt;/p&gt;\r\n&lt;p&gt;&amp;nbsp;&lt;/p&gt;\r\n&lt;p&gt;Отдел программного обеспечения&lt;/p&gt;\r\n&lt;p&gt;&amp;nbsp;&lt;/p&gt;\r\n&lt;p&gt;Сектор консультаций&lt;/p&gt;\r\n&lt;p&gt;&amp;nbsp;&lt;/p&gt;\r\n&lt;p&gt;&lt;a href=&quot;/offices/otdel-priema-i-vydachi-dokumentov-po-chkalovskomu-raionu&quot;&gt;Отдел приема и выдачи&amp;nbsp;документов по Чкаловскому району&lt;/a&gt;&lt;/p&gt;\r\n&lt;p&gt;&amp;nbsp;&lt;/p&gt;\r\n&lt;p&gt;&lt;a href=&quot;/offices/otdel-priema-i-vydachi-dokumentov-po-oktyabrskomu-raionu&quot;&gt;Отдел приема и выдачи документов по Октябрьскому району&lt;/a&gt;&lt;/p&gt;\r\n&lt;p&gt;&amp;nbsp;&lt;/p&gt;\r\n&lt;p&gt;&lt;a href=&quot;/offices/otdel-priema-i-vydachi-dokumentov-po-zheleznodorozhnomu-raionu&quot;&gt;Отдел приема и выдачи документов по Железнодорожному району&lt;/a&gt;&lt;/p&gt;\r\n&lt;p&gt;&amp;nbsp;&lt;/p&gt;\r\n&lt;p&gt;&lt;a href=&quot;/offices/otdel-priema-i-vydachi-dokumentov-po-verkh-isetskomu-raionu&quot;&gt;Отдел приема и выдачи документов по Верх-Исетскому району&lt;/a&gt;&lt;/p&gt;\r\n&lt;p&gt;&amp;nbsp;&lt;/p&gt;\r\n&lt;p&gt;&lt;a href=&quot;/offices/otdel-priema-i-vydachi-dokumentov-po-ordzhonikidzevskomu-raionu&quot;&gt;Отдел приема и выдачи документов по Орджоникидзевскому району&lt;/a&gt;&lt;/p&gt;\r\n&lt;p&gt;&amp;nbsp;&lt;/p&gt;\r\n&lt;p&gt;&lt;a href=&quot;/offices/otdel-priema-i-vydachi-dokumentov-po-leninskomu-raionu&quot;&gt;Отдел приема и выдачи документов по Ленинскому району&lt;/a&gt;&lt;/p&gt;\r\n&lt;p&gt;&amp;nbsp;&lt;/p&gt;\r\n&lt;p&gt;&lt;a href=&quot;/offices/otdel-priema-i-vydachi-dokumentov-po-kirovskomu-raionu&quot;&gt;Отдел приема и выдачи документов по Кировскому району&lt;/a&gt;&lt;/p&gt;\r\n&lt;p&gt;&amp;nbsp;&lt;/p&gt;\r\n&lt;p&gt;&lt;a href=&quot;/offices/okna-priema-i-vydachi-dokumentov-v-pos-malyi-istok&quot;&gt;Окна приема и выдачи документов (Реактивная, 35)&lt;/a&gt;&lt;/p&gt;'),(8,3,'Отдел приема и выдачи документов по Железнодорожному району','&lt;p&gt;Екатеринбург, ул. Черепанова, 28б&lt;/p&gt;\r\n&lt;p&gt;Пн-Пт с 08:00 до 19:00, Сб с 09:00 до 17:00 без перерыва. Вс - выходной&lt;/p&gt;\r\n&lt;p&gt;Транспорт:&lt;/p&gt;\r\n&lt;p&gt;Остановка &quot;Черепанова&quot;&lt;/p&gt;\r\n&lt;p&gt;Автобус № 13, 13А&lt;/p&gt;\r\n&lt;p&gt;Остановка &quot;Готвальда&quot; (ул. Черепанова)&lt;/p&gt;\r\n&lt;p&gt;Автобус № 15, 60&lt;/p&gt;\r\n&lt;p&gt;Маршрутное такси № 024, 035, 082&lt;/p&gt;\r\n&lt;p&gt;&amp;nbsp;&lt;/p&gt;\r\n&lt;p&gt;&lt;a href=&quot;/file/c241893b07e7169edc9bc78d30fdf422&quot; target=&quot;_blank&quot;&gt;176-ФЗ (78Кб)&lt;/a&gt;&amp;nbsp;&lt;/p&gt;'),(9,3,'Тест','&lt;p&gt;Остановка &quot;Черепанова&quot;&lt;/p&gt;\r\n&lt;p&gt;Автобус № 13, 13А&lt;/p&gt;\r\n&lt;p&gt;Остановка &quot;Готвальда&quot; (ул. Черепанова)&lt;/p&gt;\r\n&lt;p&gt;Автобус № 15, 60&lt;/p&gt;\r\n&lt;p&gt;Маршрутное такси № 024, 035, 082&lt;/p&gt;\r\n&lt;p&gt;&amp;nbsp;&lt;/p&gt;'),(10,3,'Руководство','&lt;p&gt;&amp;nbsp;&lt;/p&gt;\r\n&lt;table style=&quot;height: 126px;&quot; width=&quot;593&quot;&gt;\r\n&lt;tbody&gt;\r\n&lt;tr&gt;\r\n&lt;td&gt;Ф.И.О&lt;/td&gt;\r\n&lt;td&gt;&amp;nbsp; &amp;nbsp; &amp;nbsp; &amp;nbsp; &amp;nbsp; &amp;nbsp; &amp;nbsp; &amp;nbsp; &amp;nbsp; &amp;nbsp; &amp;nbsp; &amp;nbsp; &amp;nbsp; &amp;nbsp; &amp;nbsp; &amp;nbsp; &amp;nbsp; &amp;nbsp; &amp;nbsp; &amp;nbsp; &amp;nbsp; &amp;nbsp; Змеева Наталья Александровна&lt;/td&gt;\r\n&lt;/tr&gt;\r\n&lt;tr&gt;\r\n&lt;td&gt;Должность&lt;/td&gt;\r\n&lt;td&gt;&amp;nbsp; &amp;nbsp; &amp;nbsp; &amp;nbsp; &amp;nbsp; &amp;nbsp; &amp;nbsp; &amp;nbsp; &amp;nbsp; &amp;nbsp; &amp;nbsp; &amp;nbsp; &amp;nbsp; &amp;nbsp; &amp;nbsp; &amp;nbsp; &amp;nbsp; &amp;nbsp; &amp;nbsp; &amp;nbsp; &amp;nbsp; &amp;nbsp; Директор&lt;/td&gt;\r\n&lt;/tr&gt;\r\n&lt;tr&gt;\r\n&lt;td&gt;Контакты:&lt;/td&gt;\r\n&lt;td&gt;&amp;nbsp; &amp;nbsp; &amp;nbsp; &amp;nbsp; &amp;nbsp; &amp;nbsp; &amp;nbsp; &amp;nbsp; &amp;nbsp; &amp;nbsp; &amp;nbsp; &amp;nbsp; &amp;nbsp; &amp;nbsp; &amp;nbsp; &amp;nbsp; &amp;nbsp; &amp;nbsp; &amp;nbsp; &amp;nbsp; &amp;nbsp; &amp;nbsp; 311-02-09&lt;/td&gt;\r\n&lt;/tr&gt;\r\n&lt;/tbody&gt;\r\n&lt;/table&gt;\r\n&lt;p&gt;&amp;nbsp;&lt;/p&gt;\r\n&lt;table style=&quot;height: 116px;&quot; width=&quot;592&quot;&gt;\r\n&lt;tbody&gt;\r\n&lt;tr&gt;\r\n&lt;td&gt;Ф.И.О&lt;/td&gt;\r\n&lt;td&gt;&amp;nbsp; &amp;nbsp; &amp;nbsp; &amp;nbsp; &amp;nbsp; &amp;nbsp; &amp;nbsp; &amp;nbsp; &amp;nbsp; &amp;nbsp; &amp;nbsp; &amp;nbsp; &amp;nbsp; &amp;nbsp; &amp;nbsp; &amp;nbsp; &amp;nbsp; &amp;nbsp; &amp;nbsp; &amp;nbsp; &amp;nbsp;Салихова Инесса Раисовна&lt;/td&gt;\r\n&lt;/tr&gt;\r\n&lt;tr&gt;\r\n&lt;td&gt;Должность&lt;/td&gt;\r\n&lt;td&gt;&amp;nbsp; &amp;nbsp; &amp;nbsp; &amp;nbsp; &amp;nbsp; &amp;nbsp; &amp;nbsp; &amp;nbsp; &amp;nbsp; &amp;nbsp; &amp;nbsp; &amp;nbsp; &amp;nbsp; &amp;nbsp; &amp;nbsp; &amp;nbsp; &amp;nbsp; &amp;nbsp; &amp;nbsp; &amp;nbsp; &amp;nbsp;Заместитель директора&lt;/td&gt;\r\n&lt;/tr&gt;\r\n&lt;tr&gt;\r\n&lt;td&gt;Контакты:&lt;/td&gt;\r\n&lt;td&gt;&amp;nbsp; &amp;nbsp; &amp;nbsp; &amp;nbsp; &amp;nbsp; &amp;nbsp; &amp;nbsp; &amp;nbsp; &amp;nbsp; &amp;nbsp; &amp;nbsp; &amp;nbsp; &amp;nbsp; &amp;nbsp; &amp;nbsp; &amp;nbsp; &amp;nbsp; &amp;nbsp; &amp;nbsp; &amp;nbsp; &amp;nbsp;311-02-09&lt;/td&gt;\r\n&lt;/tr&gt;\r\n&lt;/tbody&gt;\r\n&lt;/table&gt;\r\n&lt;p&gt;&lt;br class=&quot;Apple-interchange-newline&quot; /&gt;&lt;br /&gt;&lt;/p&gt;\r\n&lt;table style=&quot;height: 99px;&quot; width=&quot;590&quot;&gt;\r\n&lt;tbody&gt;\r\n&lt;tr&gt;\r\n&lt;td&gt;Ф.И.О&lt;/td&gt;\r\n&lt;td&gt;&amp;nbsp; &amp;nbsp; &amp;nbsp; &amp;nbsp; &amp;nbsp; &amp;nbsp; &amp;nbsp; &amp;nbsp; &amp;nbsp; &amp;nbsp; &amp;nbsp; &amp;nbsp; &amp;nbsp; &amp;nbsp; &amp;nbsp; &amp;nbsp; &amp;nbsp; &amp;nbsp; &amp;nbsp; &amp;nbsp; &amp;nbsp;Кичка Анастасия Геннадьевна&lt;/td&gt;\r\n&lt;/tr&gt;\r\n&lt;tr&gt;\r\n&lt;td&gt;Должность&lt;/td&gt;\r\n&lt;td&gt;&amp;nbsp; &amp;nbsp; &amp;nbsp; &amp;nbsp; &amp;nbsp; &amp;nbsp; &amp;nbsp; &amp;nbsp; &amp;nbsp; &amp;nbsp; &amp;nbsp; &amp;nbsp; &amp;nbsp; &amp;nbsp; &amp;nbsp; &amp;nbsp; &amp;nbsp; &amp;nbsp; &amp;nbsp; &amp;nbsp; &amp;nbsp;Главный бухгалтер&lt;/td&gt;\r\n&lt;/tr&gt;\r\n&lt;tr&gt;\r\n&lt;td&gt;Контакты:&lt;/td&gt;\r\n&lt;td&gt;&amp;nbsp; &amp;nbsp; &amp;nbsp; &amp;nbsp; &amp;nbsp; &amp;nbsp; &amp;nbsp; &amp;nbsp; &amp;nbsp; &amp;nbsp; &amp;nbsp; &amp;nbsp; &amp;nbsp; &amp;nbsp; &amp;nbsp; &amp;nbsp; &amp;nbsp; &amp;nbsp; &amp;nbsp; &amp;nbsp; &amp;nbsp;311-02-09&lt;/td&gt;\r\n&lt;/tr&gt;\r\n&lt;/tbody&gt;\r\n&lt;/table&gt;\r\n&lt;p&gt;&lt;br class=&quot;Apple-interchange-newline&quot; /&gt;&lt;br /&gt;&lt;/p&gt;\r\n&lt;p&gt;&amp;nbsp;&lt;/p&gt;'),(11,3,'Реквизиты','&lt;h3&gt;Муниципальное казенное учреждение &amp;laquo;Многофункциональный центр предоставления государственных и муниципальных услуг муниципального образования &amp;laquo;город Екатеринбург&amp;raquo;&lt;/h3&gt;\r\n&lt;p&gt;&amp;nbsp;&lt;/p&gt;\r\n&lt;p&gt;Адрес: 620014, Екатеринбург, проспект Ленина, 24А&lt;/p&gt;\r\n&lt;p&gt;&amp;nbsp;&lt;/p&gt;\r\n&lt;p&gt;ИНН: 6671435025&lt;/p&gt;\r\n&lt;p&gt;&amp;nbsp;&lt;/p&gt;\r\n&lt;p&gt;КПП: 667101001&lt;/p&gt;\r\n&lt;p&gt;&amp;nbsp;&lt;/p&gt;\r\n&lt;p&gt;ОГРН 1136671034851&lt;/p&gt;\r\n&lt;p&gt;&amp;nbsp;&lt;/p&gt;\r\n&lt;p&gt;Лицевой счёт: 89010207063&lt;/p&gt;\r\n&lt;p&gt;&amp;nbsp;&lt;/p&gt;\r\n&lt;p&gt;р/с: 40204810000000126262&lt;/p&gt;\r\n&lt;p&gt;&amp;nbsp;&lt;/p&gt;\r\n&lt;p&gt;БИК 046577001&lt;/p&gt;\r\n&lt;p&gt;&amp;nbsp;&lt;/p&gt;\r\n&lt;p&gt;Банк: УФК по Свердловской области (л.с. Департамента финансов Администрации города Екатеринбурга № 02623064080)&lt;/p&gt;\r\n&lt;p&gt;&amp;nbsp;&lt;/p&gt;\r\n&lt;p&gt;тел. 8(343) 311-74-00&lt;/p&gt;\r\n&lt;p&gt;&amp;nbsp;&lt;/p&gt;\r\n&lt;p&gt;Директор Змеева Наталья Александровна (действует на основании Устава).&lt;/p&gt;'),(12,3,'Отдел приема и выдачи документов по Верх-Исетскому району','&lt;p&gt;&lt;strong&gt;Екатеринбург, ул. Токарей, 26&lt;/strong&gt;&lt;/p&gt;\r\n&lt;p&gt;&lt;em&gt;Пн-Пт с 08:00 до 19:00, Сб с 09:00 до 17:00 без перерыва. Вс - выходной&lt;/em&gt;&lt;/p&gt;\r\n&lt;p&gt;&lt;span style=&quot;text-decoration: underline;&quot;&gt;Транспорт:&lt;/span&gt;&lt;/p&gt;\r\n&lt;p&gt;&lt;span style=&quot;text-decoration: line-through;&quot;&gt;&lt;span style=&quot;text-decoration: underline;&quot;&gt;&lt;em&gt;&lt;strong&gt;Остановка &quot;Уралкабель&quot;&lt;/strong&gt;&lt;/em&gt;&lt;/span&gt;&lt;/span&gt;&lt;/p&gt;\r\n&lt;p&gt;Автобус № &lt;sub&gt;43&lt;/sub&gt;,&lt;sup&gt;61&lt;/sup&gt;&lt;/p&gt;\r\n&lt;p&gt;Маршрутное такси № 06, 057, 083&lt;/p&gt;\r\n&lt;p style=&quot;padding-left: 30px;&quot;&gt;Остановка &quot;Слесарей&quot;&lt;/p&gt;\r\n&lt;p&gt;Трамвай № 1, 2, 11, 18, 19&lt;/p&gt;\r\n&lt;ol&gt;\r\n&lt;li&gt;44&lt;/li&gt;\r\n&lt;li&gt;66&lt;/li&gt;\r\n&lt;li&gt;77&lt;/li&gt;\r\n&lt;/ol&gt;'),(13,3,'Отдел приема и выдачи документов по Орджоникидзевскому району','&lt;p style=&quot;text-align: justify;&quot;&gt;Отдел приема и выдачи документов по Орджоникидзевскому району&lt;/p&gt;\r\n&lt;p style=&quot;text-align: justify;&quot;&gt;Екатеринбург, ул. Краснофлотцев, 15&lt;/p&gt;\r\n&lt;p style=&quot;text-align: justify;&quot;&gt;Пн-Пт с 08:00 до 19:00, Сб с 09:00 до 17:00 без перерыва. Вс - выходной&lt;/p&gt;\r\n&lt;p style=&quot;text-align: justify;&quot;&gt;Транспорт:&lt;/p&gt;\r\n&lt;p style=&quot;text-align: justify;&quot;&gt;Остановка &quot;Краснофлотцев&quot;&lt;/p&gt;\r\n&lt;p style=&quot;text-align: justify;&quot;&gt;Трамвай № 2, 7, 14, 16, 17, 25&lt;/p&gt;\r\n&lt;p style=&quot;text-align: justify;&quot;&gt;Автобус № 36&lt;/p&gt;\r\n&lt;p style=&quot;text-align: justify;&quot;&gt;Маршрутное такси № 08, 09, 033, 059, 060&lt;/p&gt;\r\n&lt;p style=&quot;text-align: justify;&quot;&gt;Троллейбус № 16&lt;/p&gt;'),(14,3,'Отдел приема и выдачи документов по Верх-Исетскому району','&lt;p&gt;&amp;nbsp;&lt;/p&gt;\r\n&lt;p&gt;&lt;strong&gt;Екатеринбург, ул. Токарей, 26&lt;/strong&gt;&lt;/p&gt;\r\n&lt;p&gt;&amp;nbsp;&lt;/p&gt;\r\n&lt;p&gt;&lt;em&gt;Пн-Пт с 08:00 до 19:00, Сб с 09:00 до 17:00 без перерыва. Вс - выходной&lt;/em&gt;&lt;/p&gt;\r\n&lt;p&gt;&amp;nbsp;&lt;/p&gt;\r\n&lt;p&gt;&lt;span style=&quot;text-decoration: underline;&quot;&gt;&lt;span&gt;Транспорт:&lt;/span&gt;&lt;/span&gt;&lt;/p&gt;\r\n&lt;p&gt;&amp;nbsp;&lt;/p&gt;\r\n&lt;p&gt;&lt;span style=&quot;text-decoration: line-through;&quot;&gt;&lt;span style=&quot;text-decoration: underline;&quot;&gt;&lt;span&gt;&lt;span&gt;&lt;em&gt;&lt;strong&gt;Остановка &quot;Уралкабель&quot;&lt;/strong&gt;&lt;/em&gt;&lt;/span&gt;&lt;/span&gt;&lt;/span&gt;&lt;/span&gt;&lt;/p&gt;\r\n&lt;p&gt;&amp;nbsp;&lt;/p&gt;\r\n&lt;p&gt;Автобус №&amp;nbsp;&lt;sub&gt;43&lt;/sub&gt;,&lt;sup&gt;61&lt;/sup&gt;&lt;/p&gt;\r\n&lt;p&gt;&amp;nbsp;&lt;/p&gt;\r\n&lt;p&gt;Маршрутное такси № 06, 057, 083&lt;/p&gt;\r\n&lt;p&gt;&amp;nbsp;&lt;/p&gt;\r\n&lt;p&gt;Остановка &quot;Слесарей&quot;&lt;/p&gt;\r\n&lt;p&gt;&amp;nbsp;&lt;/p&gt;\r\n&lt;p&gt;Трамвай №&lt;/p&gt;\r\n&lt;ol&gt;\r\n&lt;li&gt;1,&lt;/li&gt;\r\n&lt;li&gt;2,&lt;/li&gt;\r\n&lt;li&gt;11,&lt;/li&gt;\r\n&lt;li&gt;18,&lt;/li&gt;\r\n&lt;li&gt;19.&lt;/li&gt;\r\n&lt;/ol&gt;'),(15,3,'Отдел приема и выдачи документов по Кировскому району','&lt;hr /&gt;\r\n&lt;h1&gt;&amp;nbsp;&lt;/h1&gt;\r\n&lt;h1&gt;&lt;strong&gt;Отдел приема и выдачи документов по Кировскому району&lt;/strong&gt;&lt;/h1&gt;\r\n&lt;p&gt;&amp;nbsp;&lt;/p&gt;\r\n&lt;h3&gt;Екатеринбург, ул. Библиотечная, 45&lt;/h3&gt;\r\n&lt;p&gt;&amp;nbsp;&lt;/p&gt;\r\n&lt;div class=&quot;dep-info&quot;&gt;\r\n&lt;p&gt;Пн-Пт с 08:00 до 19:00, Сб с 09:00 до 17:00 без перерыва. Вс - выходной&lt;/p&gt;\r\n&lt;p&gt;&amp;nbsp;&lt;/p&gt;\r\n&lt;p&gt;&lt;strong&gt;Транспорт:&lt;/strong&gt;&lt;/p&gt;\r\n&lt;p&gt;&amp;nbsp;&lt;/p&gt;\r\n&lt;p&gt;&lt;strong&gt;Остановка &quot;Уралобувь&quot;&lt;/strong&gt;&lt;/p&gt;\r\n&lt;p&gt;&amp;nbsp;&lt;/p&gt;\r\n&lt;p&gt;Автобус № 60&lt;/p&gt;\r\n&lt;p&gt;&amp;nbsp;&lt;/p&gt;\r\n&lt;p&gt;Маршрутное такси № 034, 054, &amp;nbsp;056&lt;/p&gt;\r\n&lt;p&gt;&amp;nbsp;&lt;/p&gt;\r\n&lt;p&gt;&lt;strong&gt;Остановка &quot;Парфюмерная фабрика&quot;&lt;/strong&gt;&lt;/p&gt;\r\n&lt;p&gt;&amp;nbsp;&lt;/p&gt;\r\n&lt;p&gt;Автобус № 45&lt;/p&gt;\r\n&lt;p&gt;&amp;nbsp;&lt;/p&gt;\r\n&lt;/div&gt;'),(16,3,'Отдел приема и выдачи документов по Ленинскому району','&lt;h3&gt;Отдел приема и выдачи документов по Ленинскому району&lt;/h3&gt;\r\n&lt;p&gt;&amp;nbsp;&lt;/p&gt;\r\n&lt;h3&gt;Екатеринбург, ул. Радищева, 61&lt;/h3&gt;\r\n&lt;p&gt;&amp;nbsp;&lt;/p&gt;\r\n&lt;div class=&quot;dep-info&quot;&gt;\r\n&lt;p&gt;Пн-Пт с 08:00 до 19:00, Сб с 09:00 до 17:00 без перерыва. Вс - выходной&lt;/p&gt;\r\n&lt;p&gt;&amp;nbsp;&lt;/p&gt;\r\n&lt;p&gt;&lt;strong&gt;Транспорт:&lt;/strong&gt;&lt;/p&gt;\r\n&lt;p&gt;&amp;nbsp;&lt;/p&gt;\r\n&lt;p&gt;&lt;strong&gt;Остановка &quot;Юго-Западная&quot;&lt;/strong&gt;&lt;/p&gt;\r\n&lt;p&gt;&amp;nbsp;&lt;/p&gt;\r\n&lt;p&gt;Трамвай № 1, 3, 21, 26&lt;/p&gt;\r\n&lt;/div&gt;'),(17,3,'Отдел приема и выдачи документов по Чкаловскому району','&lt;hr /&gt;\r\n&lt;h3&gt;&amp;nbsp;&lt;/h3&gt;\r\n&lt;h2&gt;Отдел приема и выдачи документов по Чкаловскому району&lt;/h2&gt;\r\n&lt;p&gt;&amp;nbsp;&lt;/p&gt;\r\n&lt;h3&gt;Екатеринбург, ул. Белинского, д. 206&lt;/h3&gt;\r\n&lt;p&gt;&amp;nbsp;&lt;/p&gt;\r\n&lt;div class=&quot;dep-info&quot;&gt;\r\n&lt;p&gt;Пн-Пт с 08:00 до 20:00, Сб-Вс: с 09:00 до 18:00 без перерыва&lt;/p&gt;\r\n&lt;p&gt;&amp;nbsp;&lt;/p&gt;\r\n&lt;p&gt;&lt;strong&gt;Транспорт:&lt;/strong&gt;&lt;/p&gt;\r\n&lt;p&gt;&amp;nbsp;&lt;/p&gt;\r\n&lt;p&gt;&lt;strong&gt;Остановка &quot;Авиационная&quot;&lt;/strong&gt;&lt;/p&gt;\r\n&lt;p&gt;&amp;nbsp;&lt;/p&gt;\r\n&lt;p&gt;Автобус № 2, 19, 37&lt;/p&gt;\r\n&lt;p&gt;&amp;nbsp;&lt;/p&gt;\r\n&lt;p&gt;Троллейбус № 1, 6, 9, 15, 20&lt;/p&gt;\r\n&lt;p&gt;&amp;nbsp;&lt;/p&gt;\r\n&lt;p&gt;Маршрутное такси № 05, 05А, 012, 030, 035, 039, 077, 083&lt;/p&gt;\r\n&lt;/div&gt;'),(18,3,'Отдел приема и выдачи документов по Октябрьскому району','&lt;h3&gt;Отдел приема и выдачи документов по Октябрьскому району&lt;/h3&gt;\r\n&lt;p&gt;&amp;nbsp;&lt;/p&gt;\r\n&lt;h3&gt;Екатеринбург, ул. Мичурина, д. 207&lt;/h3&gt;\r\n&lt;p&gt;&amp;nbsp;&lt;/p&gt;\r\n&lt;div class=&quot;dep-info&quot;&gt;\r\n&lt;p&gt;Пн-Пт с 08:00 до 20:00, Сб-Вс: с 09:00 до 18:00 без перерыва&lt;/p&gt;\r\n&lt;p&gt;&amp;nbsp;&lt;/p&gt;\r\n&lt;p&gt;&lt;strong&gt;Транспорт:&lt;/strong&gt;&lt;/p&gt;\r\n&lt;p&gt;&amp;nbsp;&lt;/p&gt;\r\n&lt;p&gt;&lt;strong&gt;Остановка &quot;Тверитина&quot;&lt;/strong&gt;&lt;/p&gt;\r\n&lt;p&gt;&amp;nbsp;&lt;/p&gt;\r\n&lt;p&gt;Трамвай № 3, 6, 9, 10, 20, 21&lt;/p&gt;\r\n&lt;p&gt;&amp;nbsp;&lt;/p&gt;\r\n&lt;p&gt;&lt;strong&gt;Остановка &quot;Сибирский тракт&quot;&lt;/strong&gt;&lt;/p&gt;\r\n&lt;p&gt;&amp;nbsp;&lt;/p&gt;\r\n&lt;p&gt;Автобус № 1, 18, 31, 32, 64, 76&lt;/p&gt;\r\n&lt;p&gt;&amp;nbsp;&lt;/p&gt;\r\n&lt;p&gt;Маршрутное такси № 010, 022, 026, 047&lt;/p&gt;\r\n&lt;/div&gt;'),(19,3,'Окна приема и выдачи документов в пос. Малый Исток','&lt;p&gt;&lt;strong&gt;Окна приема и выдачи документов в пос. Малый Исток&lt;/strong&gt;&lt;/p&gt;\r\n&lt;p&gt;&amp;nbsp;&lt;/p&gt;\r\n&lt;p&gt;Екатеринбург, ул.Реактивная, д. 35&lt;/p&gt;\r\n&lt;p&gt;&amp;nbsp;&lt;/p&gt;\r\n&lt;p&gt;Пн-Чт с 09:00 до 18:00, Пт: с 09:00 до 17:00 без перерыва&lt;/p&gt;\r\n&lt;p&gt;&amp;nbsp;&lt;/p&gt;\r\n&lt;p&gt;Транспорт:&lt;/p&gt;\r\n&lt;p&gt;&amp;nbsp;&lt;/p&gt;\r\n&lt;p&gt;Остановка &quot;пос. Кольцово&quot;&lt;/p&gt;\r\n&lt;p&gt;&amp;nbsp;&lt;/p&gt;\r\n&lt;p&gt;Автобус № 29, 45&lt;/p&gt;'),(20,3,'Отделения','&lt;p&gt;&lt;a href=&quot;/offices/otdel-priema-i-vydachi-dokumentov-po-zheleznodorozhnomu-raionu&quot;&gt;Отдел приема и выдачи документов по Железнодорожному району&lt;/a&gt;&lt;/p&gt;\r\n&lt;p&gt;&amp;nbsp;&lt;/p&gt;\r\n&lt;p&gt;&lt;a href=&quot;/offices/otdel-priema-i-vydachi-dokumentov-po-verkh-isetskomu-raionu&quot;&gt;Отдел приема и выдачи документов по Верх-Исетскому району&lt;/a&gt;&lt;/p&gt;\r\n&lt;p&gt;&amp;nbsp;&lt;/p&gt;\r\n&lt;p&gt;&lt;a href=&quot;/offices/otdel-priema-i-vydachi-dokumentov-po-ordzhonikidzevskomu-raionu&quot;&gt;Отдел приема и выдачи документов по Орджоникидзевскому району&lt;/a&gt;&lt;/p&gt;\r\n&lt;p&gt;&amp;nbsp;&lt;/p&gt;\r\n&lt;p&gt;&lt;a href=&quot;/offices/otdel-priema-i-vydachi-dokumentov-po-kirovskomu-raionu&quot;&gt;Отдел приема и выдачи документов по Кировскому району&lt;/a&gt;&lt;/p&gt;\r\n&lt;p&gt;&amp;nbsp;&lt;/p&gt;\r\n&lt;p&gt;&lt;a href=&quot;/offices/otdel-priema-i-vydachi-dokumentov-po-leninskomu-raionu&quot;&gt;Отдел приема и выдачи документов по Ленинскому району&lt;/a&gt;&lt;/p&gt;\r\n&lt;p&gt;&amp;nbsp;&lt;/p&gt;\r\n&lt;p&gt;&lt;a href=&quot;/offices/otdel-priema-i-vydachi-dokumentov-po-chkalovskomu-raionu&quot;&gt;Отдел приема и выдачи документов по Чкаловскому району&lt;/a&gt;&lt;/p&gt;\r\n&lt;p&gt;&amp;nbsp;&lt;/p&gt;\r\n&lt;p&gt;&lt;a href=&quot;/offices/otdel-priema-i-vydachi-dokumentov-po-oktyabrskomu-raionu&quot;&gt;Отдел приема и выдачи документов по Октябрьскому району&lt;/a&gt;&lt;/p&gt;\r\n&lt;p&gt;&amp;nbsp;&lt;/p&gt;\r\n&lt;p&gt;&lt;a href=&quot;/offices/okna-priema-i-vydachi-dokumentov-v-pos-malyi-istok&quot;&gt;Окна приема и выдачи документов в пос. Малый Исток&lt;/a&gt;&lt;/p&gt;'),(22,3,'Жилье и недвижимость','&lt;ol&gt;\r\n&lt;li&gt;&lt;a href=&quot;/services/zhile-i-nedvizhimost/predostavlenie-informatsii-ob-ocherednosti-predostavleniya-zhilykh-pomeshchenii-&quot;&gt;Предоставление информации об очередности предоставления жилых помещений на условиях социального найма.&lt;/a&gt;&lt;/li&gt;\r\n&lt;li&gt;Включение заявителей в список граждан, имеющих право на приобретение жилья экономического класса, в соответствии с Федеральным законом от 24.07.2008 № 161-ФЗ &amp;laquo;О содействии развитию жилищного строительства&amp;raquo;.&lt;/li&gt;\r\n&lt;li&gt;Предоставление в собственность за плату освободившегося жилого помещения в коммунальной квартире.&lt;/li&gt;\r\n&lt;li&gt;Предоставление жилого помещения муниципального жилищного фонда по договору найма специализированного жилого помещения.&lt;/li&gt;\r\n&lt;li&gt;Предоставление жилых помещений муниципального жилищного фонда в собственность граждан в связи с отселением из домов, подлежащих сносу.&lt;/li&gt;\r\n&lt;/ol&gt;'),(23,3,'Предоставление информации об очередности предоставления жилых помещений на условиях социального найма','&lt;p&gt;Для получения муниципальной услуги заявитель должен сообщить:&lt;/p&gt;\r\n&lt;p&gt;1) ФИО;&lt;/p&gt;\r\n&lt;p&gt;2) адрес места жительства.&lt;/p&gt;'),(24,3,'Мультики','&lt;h1&gt;Детские мультики - тест&lt;/h1&gt;\r\n&lt;p&gt;&amp;nbsp;&lt;/p&gt;\r\n&lt;p&gt;&lt;a href=&quot;https://www.youtube.com/watch?v=hZGPLZFfwmk&quot;&gt;&lt;iframe style=&quot;display: block; margin-left: auto; margin-right: auto;&quot; src=&quot;http://www.youtube.com/embed/hZGPLZFfwmk&quot; width=&quot;748&quot; height=&quot;355&quot;&gt;&lt;/iframe&gt;&lt;/a&gt;&lt;/p&gt;'),(25,3,'Видео раздел','&lt;p&gt;Об МФЦ&lt;/p&gt;\r\n&lt;p&gt;&amp;nbsp;&lt;/p&gt;\r\n&lt;p&gt;&lt;a href=&quot;/video/multiki&quot;&gt;Детский раздел&lt;/a&gt;&lt;/p&gt;'),(26,3,'Контакты отделений МФЦ','&lt;p&gt;Почтовый адрес:&lt;br /&gt;620014, город Екатеринбург, проспект Ленина, 24А, а/я 5.&lt;/p&gt;\r\n&lt;p&gt;Телефоны:&lt;br /&gt; 8(343) 311-74-00; 8 (343) 222-07-77; 8 (800) 770-74-00.&lt;/p&gt;');
/*!40000 ALTER TABLE `content_texts` ENABLE KEYS */;
UNLOCK TABLES;

--
-- Table structure for table `feedback`
--

DROP TABLE IF EXISTS `feedback`;
/*!40101 SET @saved_cs_client     = @@character_set_client */;
/*!40101 SET character_set_client = utf8 */;
CREATE TABLE `feedback` (
  `id` int(10) unsigned NOT NULL AUTO_INCREMENT,
  `group_id` int(10) unsigned NOT NULL,
  `sended` datetime NOT NULL,
  `username` tinytext NOT NULL,
  `usercoords` tinytext NOT NULL,
  `usertext` text NOT NULL,
  `ip` varchar(15) NOT NULL,
  `agent` text NOT NULL,
  PRIMARY KEY (`id`),
  KEY `group_id` (`group_id`),
  KEY `sended` (`sended`)
) ENGINE=MyISAM DEFAULT CHARSET=utf8;
/*!40101 SET character_set_client = @saved_cs_client */;

--
-- Dumping data for table `feedback`
--

LOCK TABLES `feedback` WRITE;
/*!40000 ALTER TABLE `feedback` DISABLE KEYS */;
/*!40000 ALTER TABLE `feedback` ENABLE KEYS */;
UNLOCK TABLES;

--
-- Table structure for table `files`
--

DROP TABLE IF EXISTS `files`;
/*!40101 SET @saved_cs_client     = @@character_set_client */;
/*!40101 SET character_set_client = utf8 */;
CREATE TABLE `files` (
  `id` int(10) unsigned NOT NULL AUTO_INCREMENT,
  `modified` timestamp NOT NULL DEFAULT CURRENT_TIMESTAMP ON UPDATE CURRENT_TIMESTAMP,
  `group_id` int(10) unsigned NOT NULL,
  `folder_id` int(10) unsigned NOT NULL,
  `title` varchar(512) NOT NULL,
  `title_download` varchar(512) NOT NULL,
  `file` varchar(5) NOT NULL,
  `file_hash` varchar(32) NOT NULL,
  `file_type` tinytext NOT NULL,
  `file_size` int(10) unsigned NOT NULL,
  `description` varchar(4096) NOT NULL,
  PRIMARY KEY (`id`),
  UNIQUE KEY `file_hash` (`file_hash`),
  KEY `group_id` (`group_id`),
  KEY `folder_id` (`folder_id`),
  FULLTEXT KEY `title` (`title`,`description`)
) ENGINE=MyISAM AUTO_INCREMENT=3 DEFAULT CHARSET=utf8;
/*!40101 SET character_set_client = @saved_cs_client */;

--
-- Dumping data for table `files`
--

LOCK TABLES `files` WRITE;
/*!40000 ALTER TABLE `files` DISABLE KEYS */;
INSERT INTO `files` VALUES (1,'2015-10-27 14:21:37',3,0,'176-ФЗ','176','cx','c241893b07e7169edc9bc78d30fdf422','application/vnd.openxmlformats-officedocument.wordprocessingml.document',80187,'176 Федеральный Закон'),(2,'2015-11-06 11:02:31',3,0,'Новый ФЗ','','cx','0192b4e8c0f6b922966e7688998f344a','application/vnd.openxmlformats-officedocument.wordprocessingml.document',80187,'');
/*!40000 ALTER TABLE `files` ENABLE KEYS */;
UNLOCK TABLES;

--
-- Table structure for table `files_folders`
--

DROP TABLE IF EXISTS `files_folders`;
/*!40101 SET @saved_cs_client     = @@character_set_client */;
/*!40101 SET character_set_client = utf8 */;
CREATE TABLE `files_folders` (
  `id` int(10) unsigned NOT NULL AUTO_INCREMENT,
  `group_id` int(10) unsigned NOT NULL,
  `pcod` varchar(64) NOT NULL,
  `level` tinyint(3) unsigned NOT NULL,
  `title` tinytext NOT NULL,
  PRIMARY KEY (`id`),
  KEY `group_id` (`group_id`)
) ENGINE=MyISAM DEFAULT CHARSET=utf8;
/*!40101 SET character_set_client = @saved_cs_client */;

--
-- Dumping data for table `files_folders`
--

LOCK TABLES `files_folders` WRITE;
/*!40000 ALTER TABLE `files_folders` DISABLE KEYS */;
/*!40000 ALTER TABLE `files_folders` ENABLE KEYS */;
UNLOCK TABLES;

--
-- Table structure for table `gallery`
--

DROP TABLE IF EXISTS `gallery`;
/*!40101 SET @saved_cs_client     = @@character_set_client */;
/*!40101 SET character_set_client = utf8 */;
CREATE TABLE `gallery` (
  `id` int(10) unsigned NOT NULL AUTO_INCREMENT,
  `group_id` int(10) unsigned NOT NULL,
  `album_id` int(10) unsigned NOT NULL,
  `image` char(3) NOT NULL,
  `image_hash` varchar(32) NOT NULL,
  `title` varchar(512) NOT NULL,
  `description` varchar(1024) NOT NULL,
  PRIMARY KEY (`id`),
  KEY `folder_id` (`album_id`),
  KEY `image_hash` (`image_hash`),
  KEY `group_id` (`group_id`)
) ENGINE=MyISAM AUTO_INCREMENT=8 DEFAULT CHARSET=utf8;
/*!40101 SET character_set_client = @saved_cs_client */;

--
-- Dumping data for table `gallery`
--

LOCK TABLES `gallery` WRITE;
/*!40000 ALTER TABLE `gallery` DISABLE KEYS */;
INSERT INTO `gallery` VALUES (1,3,0,'jpg','cd58823cb8cb8b11e4234df9dcb3f662','',''),(2,3,0,'jpg','18898a7bf89dbf001373c7004fec2324','',''),(3,3,0,'jpg','834f03753d2bbce652849b066e76a0d0','',''),(4,3,0,'jpg','5ea6573279e4c7c50aad44b57541e8e1','',''),(5,3,1,'jpg','a49ef646caed8fbd3c27c610f50dec92','Пустыня','Пустыня где-то там'),(6,3,1,'jpg','af3c22242f49286fa2a562314045a034','Тюльпаны','Желтые тюльпаны...'),(7,3,1,'jpg','061363a4f2bcff516df3e8baa131cd37','','');
/*!40000 ALTER TABLE `gallery` ENABLE KEYS */;
UNLOCK TABLES;

--
-- Table structure for table `gallery_albums`
--

DROP TABLE IF EXISTS `gallery_albums`;
/*!40101 SET @saved_cs_client     = @@character_set_client */;
/*!40101 SET character_set_client = utf8 */;
CREATE TABLE `gallery_albums` (
  `id` int(10) unsigned NOT NULL AUTO_INCREMENT,
  `group_id` int(10) unsigned NOT NULL,
  `title` tinytext NOT NULL,
  PRIMARY KEY (`id`),
  KEY `group_id` (`group_id`)
) ENGINE=MyISAM AUTO_INCREMENT=2 DEFAULT CHARSET=utf8;
/*!40101 SET character_set_client = @saved_cs_client */;

--
-- Dumping data for table `gallery_albums`
--

LOCK TABLES `gallery_albums` WRITE;
/*!40000 ALTER TABLE `gallery_albums` DISABLE KEYS */;
INSERT INTO `gallery_albums` VALUES (1,3,'Фото');
/*!40000 ALTER TABLE `gallery_albums` ENABLE KEYS */;
UNLOCK TABLES;

--
-- Table structure for table `geopoints`
--

DROP TABLE IF EXISTS `geopoints`;
/*!40101 SET @saved_cs_client     = @@character_set_client */;
/*!40101 SET character_set_client = utf8 */;
CREATE TABLE `geopoints` (
  `id` int(10) unsigned NOT NULL AUTO_INCREMENT,
  `group_id` int(10) unsigned NOT NULL,
  `module` varchar(32) NOT NULL,
  `module_id` int(10) unsigned NOT NULL,
  `point` tinytext NOT NULL,
  `title` text NOT NULL,
  PRIMARY KEY (`id`),
  KEY `group_id` (`group_id`,`module`,`module_id`)
) ENGINE=MyISAM AUTO_INCREMENT=2 DEFAULT CHARSET=utf8;
/*!40101 SET character_set_client = @saved_cs_client */;

--
-- Dumping data for table `geopoints`
--

LOCK TABLES `geopoints` WRITE;
/*!40000 ALTER TABLE `geopoints` DISABLE KEYS */;
INSERT INTO `geopoints` VALUES (1,3,'siteoptions',1,'60.612379521206,56.832813918367','Розы-Люксембург, 22');
/*!40000 ALTER TABLE `geopoints` ENABLE KEYS */;
UNLOCK TABLES;

--
-- Table structure for table `group_rights`
--

DROP TABLE IF EXISTS `group_rights`;
/*!40101 SET @saved_cs_client     = @@character_set_client */;
/*!40101 SET character_set_client = utf8 */;
CREATE TABLE `group_rights` (
  `id` int(10) unsigned NOT NULL AUTO_INCREMENT,
  `group_id` int(10) unsigned NOT NULL,
  `module_id` int(10) unsigned NOT NULL,
  `module_access` varchar(8) NOT NULL,
  `hidden` int(1) unsigned NOT NULL,
  PRIMARY KEY (`id`),
  KEY `group_id` (`group_id`),
  KEY `module_id` (`module_id`)
) ENGINE=MyISAM AUTO_INCREMENT=14 DEFAULT CHARSET=utf8;
/*!40101 SET character_set_client = @saved_cs_client */;

--
-- Dumping data for table `group_rights`
--

LOCK TABLES `group_rights` WRITE;
/*!40000 ALTER TABLE `group_rights` DISABLE KEYS */;
INSERT INTO `group_rights` VALUES (1,3,10,'group',0),(2,3,3,'group',0),(3,3,23,'group',0),(4,3,113,'group',0),(5,3,4,'group',0),(6,3,26,'group',0),(7,3,5,'group',0),(8,3,25,'group',0),(9,3,21,'group',0),(10,3,115,'group',0),(11,4,70,'none',0),(12,3,117,'group',0),(13,3,116,'group',0);
/*!40000 ALTER TABLE `group_rights` ENABLE KEYS */;
UNLOCK TABLES;

--
-- Table structure for table `message_log`
--

DROP TABLE IF EXISTS `message_log`;
/*!40101 SET @saved_cs_client     = @@character_set_client */;
/*!40101 SET character_set_client = utf8 */;
CREATE TABLE `message_log` (
  `id` int(10) unsigned NOT NULL AUTO_INCREMENT,
  `session_id` int(10) unsigned NOT NULL,
  `created` datetime NOT NULL,
  `message` text NOT NULL,
  `is_error` tinyint(1) unsigned NOT NULL,
  PRIMARY KEY (`id`),
  KEY `session_id` (`session_id`)
) ENGINE=MyISAM DEFAULT CHARSET=utf8;
/*!40101 SET character_set_client = @saved_cs_client */;

--
-- Dumping data for table `message_log`
--

LOCK TABLES `message_log` WRITE;
/*!40000 ALTER TABLE `message_log` DISABLE KEYS */;
/*!40000 ALTER TABLE `message_log` ENABLE KEYS */;
UNLOCK TABLES;

--
-- Table structure for table `message_log_visit`
--

DROP TABLE IF EXISTS `message_log_visit`;
/*!40101 SET @saved_cs_client     = @@character_set_client */;
/*!40101 SET character_set_client = utf8 */;
CREATE TABLE `message_log_visit` (
  `id` int(10) unsigned NOT NULL AUTO_INCREMENT,
  `user_id` int(10) unsigned NOT NULL,
  `visited` datetime NOT NULL,
  PRIMARY KEY (`id`)
) ENGINE=MyISAM AUTO_INCREMENT=3 DEFAULT CHARSET=utf8;
/*!40101 SET character_set_client = @saved_cs_client */;

--
-- Dumping data for table `message_log_visit`
--

LOCK TABLES `message_log_visit` WRITE;
/*!40000 ALTER TABLE `message_log_visit` DISABLE KEYS */;
INSERT INTO `message_log_visit` VALUES (1,4,'2015-10-19 20:28:48'),(2,7,'2015-11-06 17:51:17');
/*!40000 ALTER TABLE `message_log_visit` ENABLE KEYS */;
UNLOCK TABLES;

--
-- Table structure for table `module_access`
--

DROP TABLE IF EXISTS `module_access`;
/*!40101 SET @saved_cs_client     = @@character_set_client */;
/*!40101 SET character_set_client = utf8 */;
CREATE TABLE `module_access` (
  `id` int(10) unsigned NOT NULL AUTO_INCREMENT,
  `user_id` int(10) unsigned NOT NULL,
  `group_id` int(10) unsigned NOT NULL,
  `module_id` int(10) unsigned NOT NULL,
  PRIMARY KEY (`id`),
  KEY `user_id` (`user_id`,`group_id`),
  KEY `module_id` (`module_id`)
) ENGINE=MyISAM AUTO_INCREMENT=3 DEFAULT CHARSET=utf8;
/*!40101 SET character_set_client = @saved_cs_client */;

--
-- Dumping data for table `module_access`
--

LOCK TABLES `module_access` WRITE;
/*!40000 ALTER TABLE `module_access` DISABLE KEYS */;
INSERT INTO `module_access` VALUES (1,9,3,113),(2,9,3,26);
/*!40000 ALTER TABLE `module_access` ENABLE KEYS */;
UNLOCK TABLES;

--
-- Table structure for table `modules`
--

DROP TABLE IF EXISTS `modules`;
/*!40101 SET @saved_cs_client     = @@character_set_client */;
/*!40101 SET character_set_client = utf8 */;
CREATE TABLE `modules` (
  `id` int(10) unsigned NOT NULL AUTO_INCREMENT,
  `title` tinytext NOT NULL,
  `url` varchar(80) NOT NULL,
  `icon` varchar(32) NOT NULL,
  `group_name` varchar(64) NOT NULL,
  `hidden` tinyint(1) unsigned NOT NULL,
  `position` int(10) unsigned NOT NULL,
  PRIMARY KEY (`id`),
  KEY `position` (`position`)
) ENGINE=MyISAM AUTO_INCREMENT=119 DEFAULT CHARSET=utf8;
/*!40101 SET character_set_client = @saved_cs_client */;

--
-- Dumping data for table `modules`
--

LOCK TABLES `modules` WRITE;
/*!40000 ALTER TABLE `modules` DISABLE KEYS */;
INSERT INTO `modules` VALUES (5,'Тексты для сайта','contenttexts','','',0,20),(4,'Структура сайта','structure','thumbs-up-alt','',0,18),(3,'Журнал активности','adminactivity','list','Служебные',0,12),(2,'Обслуживание','service','refresh','Служебные',0,11),(1,'Пользователи','users','group','Пользователи',0,1),(10,'Галерея изображений','gallery','','',0,34),(11,'Модули сайта','modules','','Пользователи',0,3),(12,'Группы пользователей','usergroups','group','Пользователи',0,2),(15,'Права доступа','grouprights','','Пользователи',0,5),(25,'Файлы','files','','',0,35),(23,'Настройки сайта','siteoptions','','',0,17),(21,'Фотогалерея','photogallery','','',0,37),(26,'Теги','tags','','',0,53),(50,'Доступ к структуре сайта','structureaccess','','Пользователи',0,6),(67,'Доступ к модулям сайта','moduleaccess','','Пользователи',0,7),(70,'Активные сессии','adminsessions','','Служебные',0,10),(89,'Журнал выполнения','messagelog','','Служебные',0,13),(103,'Пересечение текстов в структуре сайта','textcrosses','','Служебные',0,14),(113,'Обратная связь','feedback','','',0,110),(115,'Новости','news','','',0,111),(116,'Структура организации','admtree','','Структура сотрудников',0,112),(117,'Сотрудники','admpeople','','Структура сотрудников',0,113),(118,'Доступ к структуре организации','orgtreeaccess','','Пользователи',0,9);
/*!40000 ALTER TABLE `modules` ENABLE KEYS */;
UNLOCK TABLES;

--
-- Table structure for table `news`
--

DROP TABLE IF EXISTS `news`;
/*!40101 SET @saved_cs_client     = @@character_set_client */;
/*!40101 SET character_set_client = utf8 */;
CREATE TABLE `news` (
  `id` int(10) unsigned NOT NULL AUTO_INCREMENT,
  `group_id` int(10) unsigned NOT NULL,
  `created` datetime NOT NULL,
  `image` char(3) NOT NULL,
  `ismain` tinyint(1) unsigned NOT NULL,
  `title` tinytext NOT NULL,
  `announce` varchar(512) NOT NULL,
  `text` text NOT NULL,
  `geo` tinytext NOT NULL,
  `hidden` tinyint(1) unsigned NOT NULL,
  PRIMARY KEY (`id`),
  KEY `created` (`created`),
  KEY `group_id` (`group_id`),
  FULLTEXT KEY `textes` (`title`,`announce`,`text`)
) ENGINE=MyISAM AUTO_INCREMENT=17 DEFAULT CHARSET=utf8;
/*!40101 SET character_set_client = @saved_cs_client */;

--
-- Dumping data for table `news`
--

LOCK TABLES `news` WRITE;
/*!40000 ALTER TABLE `news` DISABLE KEYS */;
INSERT INTO `news` VALUES (4,3,'2015-10-19 20:26:00','jpg',0,'Изменился порядок расчета компенсации расходов на ЖКУ','Информация для потребителей услуги.','&lt;p&gt;С&amp;nbsp;июля 2015&amp;nbsp;года, в&amp;nbsp;соответствии с&amp;nbsp;Федеральным законом от&amp;nbsp;29.06.2015 &lt;a href=&quot;http://www.rg.ru/2015/07/06/dom-dok.html&quot; target=&quot;_blank&quot;&gt;№&amp;nbsp;176-ФЗ &amp;laquo;О&amp;nbsp;внесении изменений в&amp;nbsp;Жилищный кодекс Российской Федерации и&amp;nbsp;отдельные законодательные акты Российской Федерации&amp;raquo;&lt;/a&gt;, изменился расчет компенсации расходов на&amp;nbsp;оплату жилого помещения и&amp;nbsp;коммунальных услуг &amp;laquo;федеральным льготникам&amp;raquo;:&lt;/p&gt;\r\n&lt;ol&gt;\r\n&lt;li&gt;Компенсация расходов на&amp;nbsp;оплату взносов на&amp;nbsp;капитальный ремонт предоставляется в&amp;nbsp;пределах минимального размера взноса на&amp;nbsp;1&amp;nbsp;кв.&amp;nbsp;м. общей площади жилого помещения, установленного Правительством Свердловской области (8,20&amp;nbsp;руб.).&lt;/li&gt;\r\n&lt;li&gt;Компенсация расходов пострадавшим вследствие Чернобыльской катастрофы и&amp;nbsp;аварии в&amp;nbsp;1957 году на&amp;nbsp;ПО&amp;nbsp;&amp;laquo;Маяк&amp;raquo; предоставляется на&amp;nbsp;оплату коммунальных услуг, в&amp;nbsp;том числе и&amp;nbsp;на&amp;nbsp;услугу &amp;laquo;водоотведение&amp;raquo;.&lt;/li&gt;\r\n&lt;li&gt;Компенсация расходов инвалидам и&amp;nbsp;детям-инвалидам предоставляется на&amp;nbsp;оплату твердого топлива, в&amp;nbsp;том числе и&amp;nbsp;на&amp;nbsp;его доставку.&lt;/li&gt;\r\n&lt;li&gt;Компенсация расходов на&amp;nbsp;оплату коммунальных услуг предоставляется федеральным льготникам: на&amp;nbsp;коммунальные услуги индивидуального потребления в&amp;nbsp;пределах нормативов потребления коммунальных услуг без учета повышающих коэффициентов; на&amp;nbsp;коммунальные услуги общедомового потребления без учета повышающих коэффициентов.&lt;/li&gt;\r\n&lt;/ol&gt;\r\n&lt;p&gt;В&amp;nbsp;связи с&amp;nbsp;этим в&amp;nbsp;сентябре 2015 года проведены перерасчеты компенсации расходов за&amp;nbsp;период с&amp;nbsp;июля по&amp;nbsp;август 2015&amp;nbsp;года.&lt;/p&gt;','60.626223743037,56.803554409212',0),(5,3,'2014-09-29 11:52:00','jpg',0,'Александр Якоб открыл первое отделение муниципального многофункционального центра','Оно расположено по адресу: улица Белинского, 206.','&lt;p&gt;Глава Администрации города Екатеринбурга Александр Якоб в&amp;nbsp;понедельник, 29&amp;nbsp;сентября, принял участие в&amp;nbsp;торжественной церемонии открытия первого отделения муниципального многофункционального центра, расположенного на&amp;nbsp;улице Белинского, 206.&lt;/p&gt;\r\n&lt;p&gt;&amp;laquo;Многофункциональный центр открывается в&amp;nbsp;Чкаловском районе, но&amp;nbsp;предоставлять услуги он&amp;nbsp;будет для жителей всего Екатеринбурга. Теперь помимо государственных многофункциональных центров, будут открываться и&amp;nbsp;муниципальные. Сегодня открывается первый муниципальный многофункциональный центр, который будет работать в&amp;nbsp;новом формате. Дальше, согласно планам Администрации города Екатеринбурга, мы&amp;nbsp;будем продолжать эту работу и&amp;nbsp;в&amp;nbsp;разных районах города открывать филиалы многофункциональных центров для того, чтобы населению было удобно получать услуги. Я&amp;nbsp;благодарю всех, кто подыскал помещение, сделал ремонт, набрал штат сотрудников, которые уже готовы оказывать услуги населению&amp;raquo;,&amp;nbsp;&amp;mdash; сказал Александр Якоб.&lt;/p&gt;\r\n&lt;p&gt;Основной целью деятельности муниципального многофункционального центра является организация предоставления муниципальных и&amp;nbsp;государственных услуг по&amp;nbsp;принципу &amp;laquo;одного окна&amp;raquo;.&lt;/p&gt;\r\n&lt;p&gt;В&amp;nbsp;настоящее время центр предоставляет 48&amp;nbsp;государственных и&amp;nbsp;муниципальных услуг. В&amp;nbsp;том числе, здесь можно подать и&amp;nbsp;получить документы о&amp;nbsp;согласовании переустройства или перепланировки жилого помещения, оформить дубликаты договоров о&amp;nbsp;приватизации помещений муниципального жилого фонда, подать документы, а&amp;nbsp;также получить решение о&amp;nbsp;переводе или об&amp;nbsp;отказе в&amp;nbsp;переводе жилого помещения в&amp;nbsp;нежилое или наоборот.&lt;/p&gt;\r\n&lt;p&gt;Также в&amp;nbsp;многофункциональном центре оказывают услуги по&amp;nbsp;присвоению адреса объекту недвижимости, выдачу разрешений на&amp;nbsp;вступление в&amp;nbsp;брак лицам старше 16&amp;nbsp;лет, предоставлению в&amp;nbsp;аренду земельных участков, находящихся в&amp;nbsp;собственности муниципалитета для размещения нестационарных объектов или по&amp;nbsp;предоставлению отдельным категориям граждан компенсации расходов на&amp;nbsp;оплату жилого помещения и&amp;nbsp;коммунальных услуг.&lt;/p&gt;\r\n&lt;p&gt;На&amp;nbsp;сегодняшний день в&amp;nbsp;муниципальном МФЦ работает 20&amp;nbsp;человек. Благодаря открытию новых отделений будет организовано 24&amp;nbsp;дополнительных рабочих места. Кроме того, к&amp;nbsp;концу года планируется увеличить количество предоставляемых центром услуг.&lt;/p&gt;\r\n&lt;p&gt;Следующее отделение муниципального многофункционального центра откроется в&amp;nbsp;середине октября 2014 года в&amp;nbsp;Октябрьском районе, на&amp;nbsp;улице Мичурина, 207.&lt;/p&gt;\r\n&lt;p&gt;&lt;strong&gt;Текст подготовил Тимур Насибуллин (телефон&amp;nbsp;+7 (343) 371-72-97)&lt;/strong&gt;&lt;/p&gt;\r\n&lt;p&gt;&lt;iframe src=&quot;http://www.youtube.com/embed/ctoyeiY4yLc&quot; width=&quot;425&quot; height=&quot;350&quot;&gt;&lt;/iframe&gt;&lt;/p&gt;','60.62622615709,56.803674829281',0),(6,3,'2014-10-22 12:05:00','jpg',0,'Отделение МФЦ открылось в Октябрьском районе','Оно расположено по адресу: улица Мичурина, 207.','&lt;p&gt;Заместитель главы Администрации города Екатеринбурга&amp;nbsp;&amp;mdash; начальник Департамента по&amp;nbsp;управлению муниципальным имуществом Вадим Дударенко и&amp;nbsp;глава Администрации Октябрьского района Александр Мирошник в&amp;nbsp;среду, 22&amp;nbsp;октября, открыли отделение муниципального многофункционального центра, расположенного на&amp;nbsp;улице Мичурина, 207.&lt;/p&gt;\r\n&lt;p&gt;&amp;laquo;Поздравляю жителей Октябрьского района с&amp;nbsp;открытием уникального центра. Действительно, услуги становятся ближе к&amp;nbsp;людям. Ведь назначение многофункционального центра&amp;nbsp;&amp;mdash; упростить процедуру получения многочисленных справок&amp;raquo;,&amp;nbsp;&amp;mdash; сказал Вадим Дударенко.&lt;/p&gt;\r\n&lt;p&gt;&amp;laquo;Уважаемые друзья, рад приветствовать вас на&amp;nbsp;открытии многофункционального центра. Мы&amp;nbsp;все очень ждали его открытия: чем ближе те&amp;nbsp;услуги, которые оказываются муниципалитетом и&amp;nbsp;государственными структурами, тем комфортнее становится жизнь в&amp;nbsp;нашем городе, районе. Центр открыт благодаря Департаменту по&amp;nbsp;управлению муниципальным имуществом, он&amp;nbsp;оснащен всеми удобными функциональными возможностями&amp;raquo;,&amp;nbsp;&amp;mdash; сказал глава района.&lt;/p&gt;\r\n&lt;p&gt;Многофункциональный центр будет оказывать гражданам услуги в&amp;nbsp;области социальной защиты, жилищной политики и&amp;nbsp;коммунальных услуг, взаимодействовать с&amp;nbsp;отраслевыми и&amp;nbsp;территориальными органами Администрации города Екатеринбурга. В&amp;nbsp;отделении МФЦ выделены зоны ожидания и&amp;nbsp;приема, есть уголок для детей, в&amp;nbsp;котором они могут отдохнуть, пока взрослые заняты вопросами получения услуг. Для удобства посетителей работает консультант, действует электронная очередь. Помещения центра обустроены таким образом, чтобы в&amp;nbsp;нем себя комфортно чувствовали и&amp;nbsp;получали услуги и&amp;nbsp;маломобильные граждане.&lt;/p&gt;\r\n&lt;p&gt;После завершения церемонии открытия, операторы центра приступили к&amp;nbsp;работе с&amp;nbsp;посетителями. Одним из&amp;nbsp;первых услугами МВЦ воспользовался Вадим Дударенко. &amp;laquo;Я&amp;nbsp;в&amp;nbsp;тестовом режиме запросил выписку из&amp;nbsp;реестра муниципальной собственности. Заявку приняли. Сказали, что срок выполнения составляет девять дней. Услуга работает. Заявляйтесь!&amp;raquo;,&amp;nbsp;&amp;mdash; сказал замглавы.&lt;/p&gt;\r\n&lt;p&gt;Основной целью деятельности отделения муниципального многофункционального центра является организация предоставления муниципальных и&amp;nbsp;государственных услуг по&amp;nbsp;принципу одного окна.&lt;/p&gt;\r\n&lt;p&gt;В&amp;nbsp;настоящее время отделение предоставляет 48&amp;nbsp;государственных и&amp;nbsp;муниципальных услуг. В&amp;nbsp;том числе, здесь можно подать и&amp;nbsp;получить документы о&amp;nbsp;согласовании переустройства или перепланировки жилого помещения, оформить дубликаты договоров о&amp;nbsp;приватизации помещений муниципального жилого фонда, подать документы и&amp;nbsp;получить решение о&amp;nbsp;переводе или об&amp;nbsp;отказе в&amp;nbsp;переводе жилого помещения в&amp;nbsp;нежилое.Также в&amp;nbsp;центре оказывают услуги по&amp;nbsp;присвоению адреса объекту недвижимости, выдачу разрешений на&amp;nbsp;вступление в&amp;nbsp;брак лицам старше 16&amp;nbsp;лет, предоставлению в&amp;nbsp;аренду земельных участков, находящихся в&amp;nbsp;собственности муниципалитета для размещения нестационарных объектов или по&amp;nbsp;предоставлению отдельным категориям граждан компенсации расходов на&amp;nbsp;оплату жилого помещения и&amp;nbsp;коммунальных услуг.&lt;/p&gt;\r\n&lt;p&gt;&lt;iframe src=&quot;http://www.youtube.com/embed/HXyn1KC6XdU&quot; width=&quot;425&quot; height=&quot;350&quot;&gt;&lt;/iframe&gt;&lt;/p&gt;','60.635903567216,56.824199328429',0),(7,3,'2014-11-19 12:20:00','jpg',0,'Муниципальные услуги стали доступнее: МФЦ получил прописку в Кольцово','Отделение открылось по адресу: улица Реактивная, 35.','&lt;p&gt;Глава Администрации Октябрьского района города Екатеринбурга Александр Мирошник в&amp;nbsp;среду, 19&amp;nbsp;ноября, открыл отделение муниципального многофункционального центра в&amp;nbsp;микрорайоне Кольцово по&amp;nbsp;адресу: улица Реактивная, 35.&lt;/p&gt;\r\n&lt;p&gt;Сотрудники МФЦ будут оказывать услуги в&amp;nbsp;сфере социальной защиты, в&amp;nbsp;жилищных вопросах, а&amp;nbsp;также тесно взаимодействовать с&amp;nbsp;отраслевыми, функциональными органами Администрации города Екатеринбурга.&lt;/p&gt;\r\n&lt;p&gt;Посетители отделения смогут получить 48&amp;nbsp;государственных и&amp;nbsp;муниципальных услуг, в&amp;nbsp;частности, оформить документы о&amp;nbsp;согласовании переустройства или перепланировки жилого помещения, дубликаты договоров о&amp;nbsp;приватизации помещений муниципального жилого фонда.&lt;/p&gt;\r\n&lt;p&gt;Кроме того, специалисты центра будут оказывать информационную помощь в&amp;nbsp;предоставлении путевок для летнего отдыха и&amp;nbsp;оздоровления детей, осуществлять прием заявлений, постановку на&amp;nbsp;учет и&amp;nbsp;зачисление юных горожан в&amp;nbsp;образовательные учреждения.&lt;/p&gt;\r\n&lt;p&gt;&amp;laquo;С&amp;nbsp;открытием отделения многофункционального центра в&amp;nbsp;Кольцово мы&amp;nbsp;приближаем жителей отдаленных территорий к&amp;nbsp;получению необходимых услуг по&amp;nbsp;принципу одного окна. Очень приятно за&amp;nbsp;жителей микрорайона, что у&amp;nbsp;них появилась такая возможность. Теперь им&amp;nbsp;нет необходимости выезжать в&amp;nbsp;центр города: они могут непосредственно в&amp;nbsp;шаговой доступности от&amp;nbsp;своего дома получать необходимые государственные и&amp;nbsp;муниципальные услуги в&amp;nbsp;доступном и&amp;nbsp;удобном центре&amp;raquo;,&amp;nbsp;&amp;mdash; отметил Александр Мирошник.&lt;/p&gt;\r\n&lt;p&gt;&amp;laquo;Мы&amp;nbsp;очень рады открытию отделения. Я&amp;nbsp;как раз хотела оформить документ на&amp;nbsp;перепланировку квартиры, но&amp;nbsp;все как-то не&amp;nbsp;решалась поехать в&amp;nbsp;город. Теперь буду одна из&amp;nbsp;первых посетительниц многофункционального центра&amp;raquo;,&amp;nbsp;&amp;mdash; рассказала жительница микрорайона Кольцово.&lt;/p&gt;\r\n&lt;p&gt;В&amp;nbsp;свою очередь представитель одной из&amp;nbsp;управляющих компаний отметила, что услуга очень своевременная. &amp;laquo;У&amp;nbsp;нас очень много пожилых, инвалидов, и, конечно, им&amp;nbsp;добираться до&amp;nbsp;города не&amp;nbsp;всегда удобно. Поэтому открытие отделение многофункционального центра настолько кстати. Спасибо за&amp;nbsp;это огромное. Уверена: теперь жители нашего микрорайона никогда не&amp;nbsp;окажутся за&amp;nbsp;бортом информации&amp;raquo;,&amp;nbsp;&amp;mdash; подчеркнула представитель управляющей компании.&lt;/p&gt;\r\n&lt;p&gt;&amp;laquo;В&amp;nbsp;настоящее время у&amp;nbsp;нас ведутся переговоры с&amp;nbsp;областным многофункциональным центром на&amp;nbsp;заключение договора в&amp;nbsp;части предоставления государственных услуг Росреестра в&amp;nbsp;наших муниципальных многофункциональных центрах&amp;raquo;,&amp;nbsp;&amp;mdash; рассказала директор МБУ &amp;laquo;МФЦ&amp;raquo; Наталья Змеева.&lt;/p&gt;\r\n&lt;p&gt;Стоит отметить, что отделения центра муниципалитет открывает не&amp;nbsp;только в&amp;nbsp;центральной части города, но&amp;nbsp;и&amp;nbsp;на&amp;nbsp;отдаленных территориях, тем самым повышая доступность государственных и&amp;nbsp;муниципальных услуг для населения. В&amp;nbsp;основе работ городских многофункциональных центров лежит принцип одного окна, который позволяет экономить время жителям и&amp;nbsp;получать документы из&amp;nbsp;различных организаций в&amp;nbsp;едином месте.&lt;/p&gt;\r\n&lt;p&gt;&lt;iframe src=&quot;http://www.youtube.com/embed/v7jqVpWPgWw&quot; width=&quot;425&quot; height=&quot;350&quot;&gt;&lt;/iframe&gt;&lt;/p&gt;','60.816974133393,56.774380801872',0),(8,3,'2014-12-15 12:29:00','jpg',0,'В муниципальном многофункциональном центре приступили к регистрации жителей в ЕСИА','Сервис позволяет получить доступ к ограниченному набору услуг, не требующих подтверждения личных данных.','&lt;p&gt;Муниципальный многофункциональный центр в&amp;nbsp;своих отделениях начал предоставлять услугу по&amp;nbsp;подтверждению регистрации в&amp;nbsp;Единой системе идентификации и&amp;nbsp;аутентификации (ЕСИА). ЕСИА&amp;nbsp;&amp;mdash; это один пароль для доступа ко&amp;nbsp;всем государственным, региональным и&amp;nbsp;муниципальным сайтам.&lt;/p&gt;\r\n&lt;p&gt;Зарегистрироваться в&amp;nbsp;ЕСИА самостоятельно можно на&amp;nbsp;сайте &lt;a href=&quot;http://esia.gosuslugi.ru&quot; target=&quot;_blank&quot;&gt;esia.gosuslugi.ru&lt;/a&gt;.&lt;/p&gt;\r\n&lt;p&gt;Такая регистрация позволит получить доступ к&amp;nbsp;ограниченному набору услуг, не&amp;nbsp;требующих подтверждения личных данных.&lt;/p&gt;\r\n&lt;p&gt;Подтвержденная учетная запись открывает доступ к&amp;nbsp;полному перечню услуг, предоставляемых в&amp;nbsp;электронном виде: оформление загранспаспорта, водительского удостоверения, регистрация по&amp;nbsp;месту жительства, зачисление детей в&amp;nbsp;школу, детский сад и&amp;nbsp;многим другим услугам.&lt;/p&gt;\r\n&lt;p&gt;До&amp;nbsp;недавнего времени, подтвердить регистрацию в&amp;nbsp;ЕСИА можно было в&amp;nbsp;офисах &amp;laquo;Ростелеком&amp;raquo; или через &amp;laquo;Почту России&amp;raquo;. Во&amp;nbsp;втором случае пользователю отправлялось письмо с&amp;nbsp;кодом активации, которое он&amp;nbsp;получал в&amp;nbsp;среднем через две недели. Благодаря муниципальному многофункциональному центру время этой процедуры сократилось до&amp;nbsp;нескольких минут.&lt;/p&gt;\r\n&lt;p&gt;В&amp;nbsp;отделениях муниципального многофункционального центра вы&amp;nbsp;можете подтвердить личность, если вы&amp;nbsp;ранее самостоятельно прошли процедуру проверки личных данных. Для подтверждения понадобится только паспорт.&lt;/p&gt;\r\n&lt;p&gt;Подтвердить учетную запись можно в&amp;nbsp;отделениях муниципального многофункционального центра:&lt;/p&gt;\r\n&lt;ul&gt;\r\n&lt;li&gt;отделение в&amp;nbsp;Октябрьском районе Екатеринбурга: ул. Мичурина, 207,&lt;/li&gt;\r\n&lt;li&gt;отделение в&amp;nbsp;Чкаловском районе Екатеринбурга: ул. Белинского, 206.&lt;/li&gt;\r\n&lt;/ul&gt;\r\n&lt;p&gt;&lt;strong&gt;Режим работы:&lt;/strong&gt; с&amp;nbsp;понедельника по&amp;nbsp;пятницу&amp;nbsp;&amp;mdash; с&amp;nbsp;8:00 до&amp;nbsp;20:00, без перерыва, в&amp;nbsp;субботу и&amp;nbsp;воскресенье&amp;nbsp;&amp;mdash; с&amp;nbsp;9:00 до&amp;nbsp;18:00, без перерыва.&lt;/p&gt;\r\n&lt;p&gt;&lt;strong&gt;Телефон для справок:&lt;/strong&gt; (343) 237-30-90.&lt;/p&gt;\r\n&lt;p&gt;&lt;strong&gt;Электронная почта:&lt;/strong&gt; &lt;a href=&quot;mailto:mfc@ekadm.ru&quot; target=&quot;_blank&quot;&gt;mfc@ekadm.ru&lt;/a&gt;.&lt;/p&gt;','',0),(9,3,'2015-05-01 12:34:00','jpg',0,'В муниципальном МФЦ увеличилось количество социальных услуг','Екатеринбуржцы с помощью специалистов центра смогут даже записаться на прием к врачу.','&lt;p&gt;В&amp;nbsp;МКУ &amp;laquo;МФЦ&amp;raquo; расширен перечень услуг, предоставляемых Администрацией города Екатеринбурга.&lt;/p&gt;\r\n&lt;p&gt;Теперь к&amp;nbsp;перечню предоставляемых услуг добавлены такие услуги как:&lt;/p&gt;\r\n&lt;ul&gt;\r\n&lt;li&gt;предоставление гражданам субсидий на&amp;nbsp;оплату жилых помещений и&amp;nbsp;коммунальных услуг;&lt;/li&gt;\r\n&lt;li&gt;выдача справки о&amp;nbsp;периоде выплаты компенсации расходов на&amp;nbsp;оплату жилого помещения и&amp;nbsp;коммунальных услуг и&amp;nbsp;ее&amp;nbsp;размере;&lt;/li&gt;\r\n&lt;li&gt;предоставление сведений из&amp;nbsp;информационной системы обеспечения градостроительной деятельности;&lt;/li&gt;\r\n&lt;li&gt;запись на&amp;nbsp;прием к&amp;nbsp;врачу.&lt;/li&gt;\r\n&lt;/ul&gt;\r\n&lt;p&gt;Сейчас в&amp;nbsp;отделах приема и&amp;nbsp;выдачи документов муниципального многофункционального центра можно получить 112 государственных и&amp;nbsp;муниципальных услуг.&lt;/p&gt;\r\n&lt;p&gt;Одно из&amp;nbsp;неоспоримых преимуществ МФЦ&amp;nbsp;&amp;mdash; удобное для населения время работы. Если в&amp;nbsp;Администрации города Екатеринбурга услуги предоставляют строго по&amp;nbsp;определенному графику и&amp;nbsp;в&amp;nbsp;рабочее время, то&amp;nbsp;в&amp;nbsp;отделы муниципального многофункционального центра можно прийти и&amp;nbsp;оформить нужные документы после работы и&amp;nbsp;в&amp;nbsp;выходные дни.&lt;/p&gt;\r\n&lt;p&gt;Прием заявлений осуществляется во&amp;nbsp;всех отделах приема и&amp;nbsp;выдачи документов МКУ &amp;laquo;МФЦ&amp;raquo;.&lt;/p&gt;','',0),(10,3,'2015-06-01 12:48:00','jpg',0,'Компенсацию расходов на коммунальные услуги теперь можно оформить в МФЦ','С 1 июня специалисты центра предоставляют еще пять новых услуг.','&lt;p&gt;С&amp;nbsp;1&amp;nbsp;июня 2015 года прием граждан по&amp;nbsp;вопросам оформления, предоставления и&amp;nbsp;расчета компенсации расходов на&amp;nbsp;оплату жилого помещения и&amp;nbsp;коммунальных услуг Единым Расчетным Центром прекращается и&amp;nbsp;будет осуществляться в&amp;nbsp;отделениях муниципального многофункционального центра.&lt;/p&gt;\r\n&lt;p&gt;В&amp;nbsp;отделениях муниципального многофункционального центра вы&amp;nbsp;можете:&lt;/p&gt;\r\n&lt;ul&gt;\r\n&lt;li&gt;оформить заявление на&amp;nbsp;получение компенсации расходов;&lt;/li&gt;\r\n&lt;li&gt;оформить заявление об&amp;nbsp;изменении способа получения компенсации расходов;&lt;/li&gt;\r\n&lt;li&gt;оформить заявление о&amp;nbsp;выплате компенсации расходов в&amp;nbsp;порядке наследования;&lt;/li&gt;\r\n&lt;li&gt;оформить заявление о&amp;nbsp;прекращении начисления компенсации расходов;&lt;/li&gt;\r\n&lt;li&gt;получить консультацию о&amp;nbsp;порядке начисления компенсации расходов.&lt;/li&gt;\r\n&lt;/ul&gt;\r\n&lt;p&gt;Граждан уже сегодня ждут в&amp;nbsp;любом отделении муниципального многофункционального центра независимо от&amp;nbsp;места регистрации и&amp;nbsp;проживания. Отделения расположены во&amp;nbsp;всех районах города Екатеринбурга, имеют комфортные просторные помещения и&amp;nbsp;удобный график работы без перерыва (в&amp;nbsp;том числе, отделения, работающие без выходных).&lt;/p&gt;\r\n&lt;p&gt;Возможна предварительная запись на&amp;nbsp;прием на&amp;nbsp;портале &lt;a href=&quot;/&quot; target=&quot;_blank&quot;&gt;мфц.екатеринбург.рф&lt;/a&gt;, а&amp;nbsp;также по&amp;nbsp;телефонам: 8&amp;nbsp;(343)&amp;nbsp;311-74-00, 8&amp;nbsp;(800)&amp;nbsp;770-74-00, 8&amp;nbsp;(343)&amp;nbsp;222-0-777.&lt;/p&gt;','',0),(11,3,'2015-06-10 12:57:00','jpg',0,'МФЦ опубликовал график работы отделений в праздничные дни','12 июня объявлено выходным.','&lt;p&gt;В&amp;nbsp;связи с&amp;nbsp;празднованием 12&amp;nbsp;июня Дня России в&amp;nbsp;график работы районных отделов приема и&amp;nbsp;выдачи документов внесены изменения.&lt;/p&gt;\r\n&lt;p&gt;График работы отделений по&amp;nbsp;адресам: Вайнера, 9а, Радищева, 61, Токарей, 26, Черепанова, 28б, Краснофлотцев, 15, Библиотечная, 45&amp;nbsp;и&amp;nbsp;Реактивная, 35:&lt;/p&gt;\r\n&lt;ul&gt;\r\n&lt;li&gt;11&amp;nbsp;июня&amp;nbsp;&amp;mdash; с&amp;nbsp;08:00 до&amp;nbsp;18:00, без перерыва;&lt;/li&gt;\r\n&lt;li&gt;12&amp;nbsp;июня&amp;nbsp;&amp;mdash; выходной;&lt;/li&gt;\r\n&lt;li&gt;с&amp;nbsp;13&amp;nbsp;июня&amp;nbsp;&amp;mdash; в&amp;nbsp;прежнем режиме.&lt;/li&gt;\r\n&lt;/ul&gt;\r\n&lt;p&gt;График работы отделений по&amp;nbsp;адресам Мичурина, 207 и&amp;nbsp;Белинского, 206:&lt;/p&gt;\r\n&lt;ul&gt;\r\n&lt;li&gt;11&amp;nbsp;июня&amp;nbsp;&amp;mdash; с&amp;nbsp;08:00 до&amp;nbsp;19:00, без перерыва;&lt;/li&gt;\r\n&lt;li&gt;12&amp;nbsp;июня&amp;nbsp;&amp;mdash; выходной;&lt;/li&gt;\r\n&lt;li&gt;с&amp;nbsp;13&amp;nbsp;июня&amp;nbsp;&amp;mdash; в&amp;nbsp;прежнем режиме.&lt;/li&gt;\r\n&lt;/ul&gt;','',0),(12,3,'2015-06-18 16:03:00','jpg',0,'Получить муниципальные и государственные услуги теперь можно на ВИЗе','Александр Якоб открыл третье в Верх-Исетском районе отделение МФЦ.','&lt;p&gt;Глава Администрации города Екатеринбурга Александр Якоб в&amp;nbsp;четверг, 18&amp;nbsp;июня, принял участие в&amp;nbsp;торжественной церемонии открытия нового отделения муниципального многофункционального центра, в&amp;nbsp;Верх-Исетском районе, по&amp;nbsp;адресу: ул. Токарей, 26.&lt;/p&gt;\r\n&lt;p&gt;На&amp;nbsp;данный момент горожане могут обращаться в&amp;nbsp;МКУ МФЦ муниципального образования &amp;laquo;город Екатеринбург&amp;raquo; за&amp;nbsp;получением 126 государственных и&amp;nbsp;муниципальных услуг, в&amp;nbsp;том числе, по&amp;nbsp;вопросам предоставления компенсации расходов на&amp;nbsp;оплату жилого помещения и&amp;nbsp;коммунальных услуг.&lt;/p&gt;\r\n&lt;p&gt;Во&amp;nbsp;всех районных отделениях МКУ МФЦ созданы комфортные условия для заявителей, в&amp;nbsp;том числе, для родителей с&amp;nbsp;маленькими детьми и&amp;nbsp;людей с&amp;nbsp;ограниченными возможностями.&lt;/p&gt;\r\n&lt;p&gt;&lt;strong&gt;Режим работы отделения:&lt;/strong&gt;&lt;/p&gt;\r\n&lt;ul&gt;\r\n&lt;li&gt;с&amp;nbsp;понедельника по&amp;nbsp;пятницу&amp;nbsp;&amp;mdash; с&amp;nbsp;08:00 до&amp;nbsp;19:00;&lt;/li&gt;\r\n&lt;li&gt;в&amp;nbsp;субботу&amp;nbsp;&amp;mdash; с&amp;nbsp;09:00 до&amp;nbsp;17:00.&lt;/li&gt;\r\n&lt;/ul&gt;','60.562614888093,56.835909990429',0),(13,3,'2015-08-31 13:08:00','jpg',0,'Отдел приема и выдачи документов на Вайнера прекращает свою работу','Прием заявителей будет проходить по адресу: ул. Радищева, 61.','&lt;p&gt;С&amp;nbsp;1&amp;nbsp;сентября 2015 года отдел приема и&amp;nbsp;выдачи документов МКУ МФЦ МО&amp;nbsp;&amp;laquo;город Екатеринбург&amp;raquo;, расположенный по&amp;nbsp;адресу: ул. Вайнера, 9а, прекращает свою работу.&lt;/p&gt;\r\n&lt;p&gt;Прием заявителей будет проходить в&amp;nbsp;отделе приема и&amp;nbsp;выдачи документов МКУ МФЦ Ленинского района, расположенном по&amp;nbsp;адресу: ул. Радищева, 61.&lt;/p&gt;\r\n&lt;p&gt;&lt;strong&gt;Режим работы:&lt;/strong&gt;&lt;/p&gt;\r\n&lt;ul&gt;\r\n&lt;li&gt;с&amp;nbsp;понедельника по&amp;nbsp;пятницу&amp;nbsp;&amp;mdash; с&amp;nbsp;08:00 до&amp;nbsp;19:00;&lt;/li&gt;\r\n&lt;li&gt;в&amp;nbsp;субботу&amp;nbsp;&amp;mdash; с&amp;nbsp;09:00 до&amp;nbsp;17:00;&lt;/li&gt;\r\n&lt;li&gt;воскресение&amp;nbsp;&amp;mdash; выходной.&lt;/li&gt;\r\n&lt;/ul&gt;','60.579866856477,56.827093582049',0),(14,3,'2015-09-16 13:20:00','jpg',0,'Директор МФЦ ответит на вопросы горожан','Наталья Змеева проведет личный прием посетителей.','&lt;p&gt;Директор МКУ &amp;laquo;МФЦ муниципального образования &amp;laquo;город Екатеринбург&amp;raquo; Наталья Змеева в&amp;nbsp;четверг, 8&amp;nbsp;октября, проведет личный прием граждан.&lt;/p&gt;\r\n&lt;p&gt;Встреча начнется в&amp;nbsp;15:00 и&amp;nbsp;будет проходить в&amp;nbsp;отделе по&amp;nbsp;работе с&amp;nbsp;обращениями граждан Администрации города Екатеринбурга по&amp;nbsp;адресу: Екатеринбург, проспект Ленина, 24а, кабинет 107.&lt;/p&gt;\r\n&lt;p&gt;Прием осуществляется по&amp;nbsp;предварительной записи в&amp;nbsp;отделе по&amp;nbsp;работе с&amp;nbsp;обращениями граждан Администрации Екатеринбурга по&amp;nbsp;телефону: +7&amp;nbsp;(343)&amp;nbsp;371-90-30.&lt;/p&gt;','60.597837656876,56.837453528827',0),(15,3,'2015-09-28 13:33:00','jpg',0,'Как зарегистрироваться на едином портале государственных и муниципальных слуг','МФЦ публикует наглядную инструкцию.','&lt;p&gt;Муниципальный многофункциональный центр Екатеринбурга представляет вниманию горожан инструкцию по регистрации на &lt;a href=&quot;http://www.gosuslugi.ru&quot; target=&quot;_blank&quot;&gt;Едином портале государственных и муниципальных услуг (функций)&lt;/a&gt;&lt;/p&gt;\r\n&lt;p&gt;&lt;img class=&quot;js-has-preview img-float-left&quot; title=&quot;&quot; src=&quot;/media/gallery/0/6/061363a4f2bcff516df3e8baa131cd37_900x_.jpg&quot; alt=&quot;&quot; width=&quot;100%&quot; /&gt;&lt;/p&gt;','',0),(16,3,'2015-10-12 13:38:00','jpg',0,'Директор МФЦ проведет личный прием граждан','Наталья Змеева ответит на вопросы посетителей 12 ноября.','&lt;p&gt;Директор МКУ &amp;laquo;МФЦ муниципального образования &amp;laquo;город Екатеринбург&amp;raquo; Наталья Змеева в&amp;nbsp;четверг, 12 ноября, проведет личный прием граждан.&lt;/p&gt;\r\n&lt;p&gt;Встреча начнется в&amp;nbsp;15:00 и&amp;nbsp;будет проходить в&amp;nbsp;отделе по&amp;nbsp;работе с&amp;nbsp;обращениями граждан Администрации города Екатеринбурга по&amp;nbsp;адресу: Екатеринбург, проспект Ленина, 24а, кабинет 107.&lt;/p&gt;\r\n&lt;p&gt;Прием осуществляется по&amp;nbsp;предварительной записи в&amp;nbsp;отделе по&amp;nbsp;работе с&amp;nbsp;обращениями граждан Администрации Екатеринбурга по&amp;nbsp;телефону: +7&amp;nbsp;(343)&amp;nbsp;371-90-30.&lt;/p&gt;','60.597676724335,56.837441791133',0);
/*!40000 ALTER TABLE `news` ENABLE KEYS */;
UNLOCK TABLES;

--
-- Table structure for table `news_linked`
--

DROP TABLE IF EXISTS `news_linked`;
/*!40101 SET @saved_cs_client     = @@character_set_client */;
/*!40101 SET character_set_client = utf8 */;
CREATE TABLE `news_linked` (
  `id` int(10) unsigned NOT NULL AUTO_INCREMENT,
  `group_id` int(10) unsigned NOT NULL,
  `news_id` int(10) unsigned NOT NULL,
  `linked_id` int(10) unsigned NOT NULL,
  PRIMARY KEY (`id`),
  KEY `group_id` (`group_id`)
) ENGINE=MyISAM AUTO_INCREMENT=49 DEFAULT CHARSET=utf8;
/*!40101 SET character_set_client = @saved_cs_client */;

--
-- Dumping data for table `news_linked`
--

LOCK TABLES `news_linked` WRITE;
/*!40000 ALTER TABLE `news_linked` DISABLE KEYS */;
INSERT INTO `news_linked` VALUES (1,3,6,5),(2,3,7,5),(3,3,7,6),(4,3,9,5),(5,3,9,6),(6,3,9,7),(7,3,9,8),(8,3,8,5),(9,3,8,6),(10,3,8,7),(11,3,10,9),(12,3,10,8),(13,3,10,7),(14,3,10,6),(15,3,10,5),(16,3,11,10),(17,3,11,9),(18,3,11,8),(19,3,11,7),(20,3,11,6),(27,3,13,10),(22,3,12,10),(23,3,12,9),(24,3,12,8),(25,3,12,7),(26,3,12,6),(28,3,13,9),(29,3,13,8),(30,3,13,7),(31,3,13,6),(32,3,14,13),(33,3,14,10),(34,3,14,9),(35,3,14,8),(36,3,14,12),(37,3,15,14),(38,3,15,13),(39,3,15,12),(40,3,15,11),(41,3,15,10),(42,3,16,15),(43,3,16,14),(44,3,16,13),(45,3,16,12),(46,3,16,10),(47,3,4,10),(48,3,4,9);
/*!40000 ALTER TABLE `news_linked` ENABLE KEYS */;
UNLOCK TABLES;

--
-- Table structure for table `photo_albums`
--

DROP TABLE IF EXISTS `photo_albums`;
/*!40101 SET @saved_cs_client     = @@character_set_client */;
/*!40101 SET character_set_client = utf8 */;
CREATE TABLE `photo_albums` (
  `id` int(10) unsigned NOT NULL AUTO_INCREMENT,
  `group_id` int(10) unsigned NOT NULL,
  `created` datetime NOT NULL,
  `title` tinytext NOT NULL,
  `author` tinytext NOT NULL,
  `hidden` tinyint(1) unsigned NOT NULL,
  `export_id` int(10) unsigned NOT NULL,
  PRIMARY KEY (`id`),
  KEY `group_id` (`group_id`),
  KEY `export_id` (`export_id`)
) ENGINE=MyISAM DEFAULT CHARSET=utf8;
/*!40101 SET character_set_client = @saved_cs_client */;

--
-- Dumping data for table `photo_albums`
--

LOCK TABLES `photo_albums` WRITE;
/*!40000 ALTER TABLE `photo_albums` DISABLE KEYS */;
/*!40000 ALTER TABLE `photo_albums` ENABLE KEYS */;
UNLOCK TABLES;

--
-- Table structure for table `photo_gallery`
--

DROP TABLE IF EXISTS `photo_gallery`;
/*!40101 SET @saved_cs_client     = @@character_set_client */;
/*!40101 SET character_set_client = utf8 */;
CREATE TABLE `photo_gallery` (
  `id` int(10) unsigned NOT NULL AUTO_INCREMENT,
  `group_id` int(10) unsigned NOT NULL,
  `album_id` int(10) unsigned NOT NULL,
  `image` char(3) NOT NULL,
  `image_hash` varchar(32) NOT NULL,
  `image_position` varchar(8) NOT NULL,
  `img_pos_main` int(10) unsigned NOT NULL,
  `author` tinytext NOT NULL,
  `title` tinytext NOT NULL,
  `text` text NOT NULL,
  `position` int(10) unsigned NOT NULL,
  `hidden` tinyint(1) unsigned NOT NULL,
  `export_id` int(10) unsigned NOT NULL,
  PRIMARY KEY (`id`),
  KEY `folder_id` (`album_id`,`position`),
  KEY `export_id` (`export_id`),
  KEY `group_id` (`group_id`,`album_id`),
  KEY `image_hash` (`image_hash`(8))
) ENGINE=MyISAM DEFAULT CHARSET=utf8;
/*!40101 SET character_set_client = @saved_cs_client */;

--
-- Dumping data for table `photo_gallery`
--

LOCK TABLES `photo_gallery` WRITE;
/*!40000 ALTER TABLE `photo_gallery` DISABLE KEYS */;
/*!40000 ALTER TABLE `photo_gallery` ENABLE KEYS */;
UNLOCK TABLES;

--
-- Table structure for table `record_history`
--

DROP TABLE IF EXISTS `record_history`;
/*!40101 SET @saved_cs_client     = @@character_set_client */;
/*!40101 SET character_set_client = utf8 */;
CREATE TABLE `record_history` (
  `id` int(10) unsigned NOT NULL AUTO_INCREMENT,
  `changed` timestamp NOT NULL DEFAULT CURRENT_TIMESTAMP ON UPDATE CURRENT_TIMESTAMP,
  `record_id` int(10) unsigned NOT NULL,
  `model` varchar(32) NOT NULL,
  `user_id` int(10) unsigned NOT NULL,
  `content` blob NOT NULL,
  `hash` char(32) NOT NULL,
  PRIMARY KEY (`id`),
  KEY `record_id` (`record_id`,`user_id`),
  KEY `model` (`record_id`,`model`)
) ENGINE=MyISAM AUTO_INCREMENT=181 DEFAULT CHARSET=utf8;
/*!40101 SET character_set_client = @saved_cs_client */;

--
-- Dumping data for table `record_history`
--

LOCK TABLES `record_history` WRITE;
/*!40000 ALTER TABLE `record_history` DISABLE KEYS */;
INSERT INTO `record_history` VALUES (1,'2015-10-21 12:13:55',115,'Modules',4,'x?M??\r?Ew?\rPT?;?B%XJ??I??\0{?\'N?!?\'ꁓ?޷?%v??"D??P?????????#B?m!????IyW?A????O????a?"?uB!\Z?g?im?*??^\'D[?2?^\'k??	\\|??<D','37fa9e6c6e4aece74e49b6829c8805ca'),(2,'2015-10-26 11:52:08',3,'ContentTexts',7,'x??Q????ò?ܤն ??,??5?5[??Pcn??mi1x?̾?3?=?2߷??lCx.?d?HU?9???1?????t?3:hC???}???c?X%??tDe?qjl򛻇i??:uze?+_?w\\??LV?&V[??\"?\n???zQ?\'??\"?U6N?l??}??v????׸?AkA\r??A?????4?~l?h?R?x??????cI?9wE-?8?VMƅU\r{???x??I','4542253c24856273cec87797080a1899'),(3,'2015-10-26 12:14:15',5,'ContentTexts',7,'x?U??N??w$???[<K?????1 +??UTP?\\?NH#!Y?G??W???\\J?T??J?63\"(???j???!A?T?7:??g}\r_??}`?>a	??\\?ƨ?O??m??B5???P??sE?????`???,????o??%l\Z;n??{}????Ʋ?\r*\'??&?6?*:?N??S????;??2???????;$?x???????\'iE??đy????;N???Co䅃?p\\????LU?c??˼?ݣ?????>5??','dc9482966efc7f76ab6b270a95951a60'),(4,'2015-10-26 12:26:16',5,'ContentTexts',7,'x??RMK?????CO???u?O?????IL?M?x??^=xS<?X????#?6?\nU;og޼?}?`?3,cѳD?a	?Z[Xt?ui??\Z??Z`U?\"<d??r??|????sG0?H?{x??iK????M??Ŋ????B?H?1X??|dW???\Z??\0_?d??&E#?vnn?Is?qq%yNX>??,?;???Zֺr<;&Xl?N{!???P?$?A?=??0@40??:Gr?????-$???U??2??y?V???????k???#?>a?\\?]ªQL??y?j?!??ڼ?????2??n\n???ߧ?0?????Z?b\Z??3$????Z??e\Z???Y?????)Ոϗ?{\'?Z?Nj?h?Q??]#:?','46f2eeaa4bbe040601a01e5f91a8687d'),(5,'2015-10-26 12:33:29',5,'ContentTexts',7,'x?U??N??w$???[<K?????1 +??UTP?\\?NH#!Y?G??W???\\J?T??J?63\"(???j???!A?T?7:??g}\r_??}`?>a	??\\?ƨ?O??m??B5???P??sE?????`???,????o??%l\Z;n??{}????Ʋ?\r*\'??&?6?*:?N??S????;??2???????;$?x???????\'iE??đy????;N???Co䅃?p\\????LU?c??˼?ݣ?????>5??','dc9482966efc7f76ab6b270a95951a60'),(6,'2015-10-27 13:52:12',4,'ContentTexts',8,'x??V?????????I??9`?????i?t??t????k7??8??8?p|??=?5\"m?l?s|?????zE???+??W?Sy?????h??|??|?,?7 ?ߢNtHaԦq??>?????!?k?_j)???4???c?ZE?U?????????cz?6???n?????NW????D	6m?E?[ւ̾U??????\n?\\??S0??????5??lo?????F~??۽??U?L?t?Ԯ?u-2r;ZZ??=?4?-??eZ|w?D\n?? T4??FQW?\Zє?	??}??????????C\n?P??????j@???n???G???B<???D#??I?Z?):????????????\Z8??~QF.???_՚??9&??:U{??????j?0Mb??Cw????(/?W?ůO?ec?v?`-???KC??n?u??@\r?BN?]??8C?:?N?`?\ri??=?r?؍??b?Y?3???\'S榐o?"o[?2?R?A?0? ?-??v?n??-?Va?d?\"?٫[?Յ???9\"??:????0ǧ?Ӎ ??92?*?1????????.LJ?!?:D???VX%?\"Ѷ???????g?k????˗??7?o,(Y>r/n^???ʈ???K]?@I|I?f??8B#ĳ?tي6??*?u???2?<i=?K*<V????E=n)????t??x,?\03^?At<Kl5N?|??Z\'??y?u?n?w???}N6c0?#A8M?a<0Jݸ?B?=.9]?q????????=8??]?]?P?o?>(?nP???f\"?H2?e7??0????	?]??/?On?y}?m\Z\'??[hֲ??????|l?s????V59?y???[^r?ݚ???v????????7]ӷ?8b4*??\rk???\Z{^;DNZm?S>2?sI???C?w?sޢ?u??߼??^','a0c0e8f52719a1028d18fb1b448fa32f'),(7,'2015-10-27 13:53:02',4,'ContentTexts',8,'x??V?\ZW???8?j%`?\r?Y?5,??Z?:??*?q??B)m姕?^c`mb?f_?O?f?P?R#?603;???=f)_????]M??R???g????????şۥ?o???\r??Quh????;???W, ۆ??;????2?Ӧcכ%?5??7?C?}PW?<~?7L/????P???9-???l:^?<??\r??j??????8??3?bq?h?k??-???*?l6_?*Ɩ???????o?6?????~C??ܮ?6,??\"?C?3Im?6??E\n?T*\ZQH㨧?\Zӌ&t?4a???}?(IE???#\n?Q???z?6bאB???????%	:?yH1\"??ƒg@?9????K???t?????>???}??2r????6̃v?Qf????}??h??Ќ??r?i\ZCeݍ??QG?⼊?EO?>???9??]?????=\Z	W?l*?s.?d?!*?85??ahQW??!???p??Q?????-???ԁ?,??N6????4b??&aK4q?]???W1??d?b?ٳ[?Ս?듓????????U?@8>?Z?7?M???yS)?\,?M?#:????WT??<?}?:????%??ЎV?r??w?.2?X??N??????{????d?n?U?e?C??Յ?Y?!?2?B??!?x?%??\nS?W%??-?r2?<?}Q?>KT0Qq???E}??ǋ??r?\"jA??:??\'???֍7?lg?7?A<W?<?L?d?1?!?;??dV? ?ƭ?S?n??ЌO\\\"5\r1?<b\'?=eW?\r??Pwxp׳9???i?M???ɲ?\'?:	?????k?6??@???4y-???+Ӹ??'-??do#!P9c?x!?愿?????Y??byɍ??r?w???L?m6?]pU??M?a?6???Mk????^;Dnc?S?<2?E??\'????0͕w??7???\0?ʆ','a842abe99a07f96f0975f3f158128ce7'),(8,'2015-10-27 13:53:18',4,'ContentTexts',8,'x??V?\ZW???8?j%vl?}k\rl???Ώ?J`?:U??JRUi???1?61x?\ns^?Oҙ9g1????????7?????eg?J?ڦ?)??Ԃ?kgf?熝???黅F?]v?$?\rc??>??`??(??y??~Tj?0z????ߌJ?:?Wk?w?QI??????M?}\'u??0[w?+px????:Q??U!???m\n??6?܊?j??㜙+?bq????ەݪa???|y?\nU?l???a<ڹw?U??ZL?ЫDum??m??^??FZ??6??-???W??x),D(`	?dW??0?)???6`????'?BFB_?+?@??(???]?6$?0A?O?S>?\'?????Dӈ?a\"??9?????\\R?k???74pt?}?ZX???oĚ????Y?wp*?Px?+\Z?b4#t???i?????v??;/??D?S?0e?J?????J?P??s.?ɀ????\n???:??Ɏ?\"?0p??9\"?F?{???1??Z\'Q????Y??m\Z??܈AZ06?	[??j?(?24UŬ?$Ads??=??Z?t?i?Hu?=N??X?A?OQ-#?Q&??y??daΗ?6?9???-F??}??EG+??I?жV??U?w???\r????K??۷?>{Aq???;?I~????7A????vp8b?X	?\'?^E?Z?zS#??y?ڈ????kENY??Ah\'?5\\?X(,w?!{$~???o?%??a????????????ڃ????(??`]-?S?c	À?2?:?t2}WI???+?{pJ\'.	??hЏh??????I??7ĐW??ދ}j:?x???:\"?_c?8qe?l1r?rƛ?g???F0?z???^???T#??I?6baZ?_??????ӫf?????R\'???pg?\Z?^vÖӸ?N*n?8????ߨ???ܥ???N?9?+\\?;W2????{????jieJ??@l?','800c7f4ec1d63af307ef5712c1d81632'),(9,'2015-10-27 13:53:31',4,'ContentTexts',8,'x??V?????????Cb??0???GU%i???i?j??R????W??n}??9&?@?ۦ{?\03??????X??r˩b`e?T?>V??v?[Ss?>׬T膞C?4?-? ?-ɮ????!g?G!}????Z?bS?Ϲ??n#,??m{n?n	ϩ?Ee^???;UQ? ???t???????a?izV?Ʀ??ڐ?ʮ??ڞ??3?!?-6????YޮF6??+mF?????׌G[w??:????尦MfvS[k?[?%?溩͙??L???p???\n\n@C???0??#??lBO>?|?4`$??g???\Z??????C,?????\"?????=6bڏh\Zr???4???S4??J\Z?anP???????3k?1?b?i=??8{?<??\\0?!?Iq=?VPIw6w(?lq@????|&?	z)??]$??T???(?q?gp?d@_`TL?Qj?B?[??pc?8d???\nJ#?Cl?????g3???C?ha?y???"?܈~R06?	???jms(_04UŴ?$Ads?????Z?t]9i?Hu?=N??X?A??Q-C?Q&??y??daΖ?6?!?9??&-F??}???EGK??I??ЖV??Mgw??|Y??????_??ݯ^P???4?a?M?_??<?+??d??m???V?.?u?WѲV???b^?6b?/8?>?p͇Z?>o?]?A\r??8\n?tZ????u??z?b??$\"y0?9N?gt)y*??? ?#x?\nf?9XU??????\'t??p?L,???C??`???J5??ЉB??>?\Z??????zIX?Eһ?r1?p??b???(^3n??H?Ĉ<cN?\\?[??7?????ߩ	????<^$w?6|u?*V?ʟ?¦????Hd??kXB~?E?*?4p?n??k???亸?????Ӯ_?e???m?٭???½?|el??r/≞)x??5?xa]&?T?m??,'987d7922e58cf145d5b256809d9d4733'),(10,'2015-10-27 13:54:05',4,'ContentTexts',8,'x???\ZW???w8?j%??(??a?M?v?QU	?S?J??Q?ƭ?\Zk?ׯ0????s?V[9m/r?;3;?|3?k[y??2??[I?˰Ry:?T?g?7?T膞C?\Z?ّ???eO?[x?3??Γ?Ns#g?ּ??A?????%?ϭ5,?հ??5?a??[e?~?H? ??G???;]??v??{U?`l:^???\r?]???????4cd??X?څ?jq??S??\\!W.d???S6sf~??پ{?U?l/\\L?ح?um2?-m?;n??D???6g??-:????m?\Z;A????w)?ab?B#??ZF0?1\\??!?#?/??>p\Z0?~?s?CDc?dφ?Z@,???	?\"?????y\0}6b?h\Zq?>L?4Ǵ??34??%????F?xVG?ǃ??idӘ???6?Y?wp\"?P/x?+\Z?d4#t?????JSq?.e?m??????E/S??;{??^va?|??.\'?s?HF??Fn?"Mv?7???#?z????4~c?b???E6?:?:dn??\\?3k,???1H\n?`?h?Z;??MU1?\\? ?9B????t][i?H?????l?`r|?jݸ?2?2???J??o??s^Va??3\Zyd?_????Sb,????|U??ٹ??,|?݀?y????3???ƕ??b?1JvB]???%????Z??7ղ??W???ǟ???H+r??B3?????a????G?5?KG/?ǬY??D$gܬ????$O?u??7???x??`??K??N????????L?]????SZqI????~H3?\'?T?	??H??=!?<N?\\??#?W??#??11&τ?Wv?#?`?.??\"?U?F??/Pϓw?4|y?*V????????H?\'xkXA?آ??;)p?Gn???*ۯ9???g7,~?-?q}??rӷC??#g?Qq|?8K??c?ۘ?\"??\"??g???}D???V?U?????','78c64b5f57c3d513434ae010fc300799'),(11,'2015-10-27 13:54:22',4,'ContentTexts',8,'x??V?????????Cb??0???GU%i???i?j??R????W??n}??9&?@?ۦ{?\03??????X??r˩b`e?T?>V??v?[Ss?>׬T膞C?4?-? ?-ɮ????!g?G!}????Z?bS?Ϲ??n#,??m{n?n	ϩ?Ee^???;UQ? ???t???????a?izV?Ʀ??ڐ?ʮ??ڞ??3?!?-6????YޮF6??+mF?????׌G[w??:????尦MfvS[k?[?%?溩͙??L???p???\n\n@C???0??#??lBO>?|?4`$??g???\Z??????C,?????\"?????=6bڏh\Zr???4???S4??J\Z?anP???????3k?1?b?i=??8{?<??\\0?!?Iq=?VPIw6w(?lq@????|&?	z)??]$??T???(?q?gp?d@_`TL?Qj?B?[??pc?8d???\nJ#?Cl?????g3???C?ha?y???"?܈~R06?	???jms(_04UŴ?$Ads?????Z?t]9i?Hu?=N??X?A??Q-C?Q&??y??daΖ?6?!?9??&-F??}???EGK??I??ЖV??Mgw??|Y??????_??ݯ^P???4?a?M?_??<?+??d??m???V?.?u?WѲV???b^?6b?/8?>?p͇Z?>o?]?A\r??8\n?tZ????u??z?b??$\"y0?9N?gt)y*??? ?#x?\nf?9XU??????\'t??p?L,???C??`???J5??ЉB??>?\Z??????zIX?Eһ?r1?p??b???(^3n??H?Ĉ<cN?\\?[??7?????ߩ	????<^$w?6|u?*V?ʟ?¦????Hd??kXB~?E?*?4p?n??k???亸?????Ӯ_?e???m?٭???½?|el??r/≞)x??5?xa]&?T?m??,'987d7922e58cf145d5b256809d9d4733'),(12,'2015-10-27 13:54:50',4,'ContentTexts',8,'x??V?\ZW}????j%??Q???묁쮓XU%0N?*Qh+5??$n??X????????ܻd????\r??s?쵭??c`?V??????Ry?,X???knM??\\?R?z}7?oe[@,[0?]?|&g??!}??u+????????ɟ?=?Z??^???????ݪ(yv?'v?t????O???a?iϩ?*D0<?M?_̮҆Sv??<??3?L?P??ە?y?b?F??a??S2sf~?\3?n?iVu6???q?M??????ZK\"?S?3Im?&}????Pa3???D??v?\nC??.????\'?|?4`$?????z?񧲃??C,???1?\"??????=6b?h\Zr???4???s4\\?KJ\Z?anP?????_3k?1??b????e??\n?=???????b\Z+?$??;?]?8??K?B>??Lٮ?E*?????U?8??8C2?/0*??5r?!h?-?F?1L3?t	??'Cl?????g3???C?ha?y???"?܈~R06?	???jms(?34UŴ?$Ads?????Z?t?i?Hu?=N??X?A?OQ-C?Q&??y??daΖ?>?!9??&-F??}???EGK??I??ЖV??Mgw???=????L?>???zAq??v?;???ڵ?1o?%;??l?D?g???N????????F6??????5kENX??Ah\'ty5\\?H(,w?!?$~???w?%??a????????ѵ䩴?ڃ????(?O?U-?K?c	C??2?2?t2}GI???*?{pB\'.??hЏh?????a?I?ĀW??ދ=j:?xŸ?:\"?_#?qe?l1r?rƛ??7b??&4?|??????ݪX??n?*?6?\"?5׿??a	e??5ߩ$7???%\'H???_u??ֶg?????]??m???????W/;????{?????^?=S2????????L???\0{?1','00ee0127b88ad70206b16e26013cd9fe'),(13,'2015-10-27 13:55:00',4,'ContentTexts',8,'x??V?????????B1?$??%r??[??G?? ???Z???Ѫ۴J?8??8?0??$??sL@?h????????f|l+o?\ZX??r˩b`e?T??V??v?[Ss??׬T膞C?M4?ٖ{??dW?;??ə??H?sFn??xa??R\r??ݩ??g?/+?wa??????\\?w?????P?? |?:????j\r*??????\r????????8??2?a?`olW\n???ads?҆a?N???-s??u?????8???[k?f7????ļnjs&?=??t?	???K۞[?[?\n?P8?&\"0???#??Fp???=?;???G?#?\'???o\"j???\Z????????(D?Fp????i??i?z0???N???i,???Ay_`T??\Z8???f?c?7b?i=??8{?<??\\0?!?Im=?VPIs6w(?lq@????|\"?	z)??]$??T???(?q?gp?d@_`TL?Qj?B?[??pc?8d???\nJ#?Cl??ILͳ???s?0o?o?vemnD?)????D??9\n?O??b?<? ?9BΞ]C?n<???4C?:??Gp=,j? ???!э?(??<QT?0g????????n?#??????%Qɤ?hK??٪???trg?Y??????ߟ???P???4?Î?H?_??<?+??d??m???V?.?u?WѲV???b^?6b?o8?1?p͇Z?>o?]?A\r??8\n?tZ?????\\?d?f1?^?<?r?\'???<??{??<d?3????A?Iv,a??}F8I&??ơ?I0}?U?\ZzN?!\\Sw\r???SP?$,?"???n8??GMG/7RG$?bD?1????FΛ?xU?F??	????<?&w?6|~?*V???¦????Hd?pkXB??E?*?4p?n??k???亸???{3???v??;??o?nW????[w?8?c?ǘnxO??OGM????????}?\0\\','34a1ff67483bcd5a54ad5ae989469080'),(14,'2015-10-27 13:55:09',4,'ContentTexts',8,'x??V?\ZW???8?j%`?6?Y?5,??Z?:??*?????R??J??z???????}?>I??=?A?J????9??c?\n?o??QJ?T????K???o?????|?,~6`?_?nt@aԡq???_? ??c>?G?5???~?콺?8????????\r??]?=Vp?kN?ӎU??OKǋ???????\n??\r?=?j??????4??3?bq?hn????6???[??fU??Q?6?Ov<l?6????~C??ܶ?6,??\"?MC?3I?!?τ?????????eN?+\r)?Qt??\Zє???}???>H????_??\n???Ȯ???5?\'???%	:?y@}1\"??F??O???o???K?\\q?:P???????}??l\Z??5s?]vL?Y?wt??Pox?+\Z+?4#?Yl}`??YrC1r??#q^E/?g??O?`??`/??????(?n8e?K:4P?\n?0N\rn?Z?t?nHSE\'???????]f??\"?I?L???"???mfs??A??qB?M\\kW??a?\???[2D1??????NsD?^?^?? ?Ϡ?ӍMb?X???aΗ?6?I??*L?<??u???J:%D????????Νg???????>ۗ>z@I???3???ƍ??B?!$;??9?3?D?]?>ME??z?[6?n?1?????j>ъ??????j??ű???I????<?KG/?ǢY??\"??gܬ???o$ϥu?(?i2,?A<?x`0?????N??????B?=V\r????i???~?\\&?T?	?H??=!?2?\\????\r??L???t$???y?o?߈???C?W???\r_ޯ?????????@?OpkXAL??Zr?,??]???j?u+?.?:f???^?ޞ6U??M?a?7???Mk???2v????HG??	x?vM5?^XW?U??E???,'4d5d741d9c3c14d7320a4b95a8ce2392'),(15,'2015-10-27 13:55:18',4,'ContentTexts',8,'x??V?\ZW???w8?j%??Q??????XU%0N?*QH\"?GQ?r??M^?W?f?,?*uz?s???f????eZ)??*?V???`?j^s??33??N???~Wu\0?j????O?-??\Z??Vj?r???ZP?g?&ʮ?k?5???]?~???????????v~??ڿ?-W???ˏ?bWz5??ޖ?{Asf?=????????ٵ+?????&?)d???An?????j?V??e??]6sf~?0??ت??r?q*A]??????7Mm?$e??{?s??i???%(g}??a\"BC?`??^??0?K??n+?????\r?}???@H??S??!-\r ????k!ŃPp?N??>1?'4?8N&??#:J?9\Z.???F??[?z?????߇?\n3k?1?bM????N???FcW?f???b??I?C6w)?j?À/??L?)??3E?J??R??????s.?ɀ?@????M|AS\'D0`*?????PP0?????\"?I?D27E?.?d?Q?B???L?M?k?????????GD6???[?Յǥ\'?yN?Αe?@??\"????9b2?*Y???Op?C?{?qY?I??g4rT??\n??S\"L????|V??ٹ??,??=?????(?????0?$?\\K????P??6G?3a~?脪ɣhU)Poq?b^?6b??|^8????\'̈́??????TZ????:z?f͢}$Bu4?5N?|-yJ???Fp??rfĳ>X??9???a@???:??K???Ǫ???N\\?9\rp6P?????"-??]O?!??3=?TtD?#uD2&ƴ2??????0????C??(????\Z??[ǹ????????Pd??pkXA>HQ??r?m?????Z;?.?\?47=p?ߒ??Ӧb????&???F?\\?a/?;p???1?B??$??g???]S???????? ','68add67146af202e642c081aced2f1fa'),(16,'2015-10-27 13:55:26',4,'ContentTexts',8,'x??V?\ZW}????j%??Q???묁쮓XU%0N?*Qh+5??$n??X????????ܻd????\r??s?쵭??c`?V??????Ry?,X???knM??\\?R?z}7?oe[@,[0?]?|&g??!}??u+????????ɟ?=?Z??^???????ݪ(yv?'v?t????O???a?iϩ?*D0<?M?_̮҆Sv??<??3?L?P??ە?y?b?F??a??S2sf~?\3?n?iVu6???q?M??????ZK\"?S?3Im?&}????Pa3???D??v?\nC??.????\'?|?4`$?????z?񧲃??C,???1?\"??????=6b?h\Zr???4???s4\\?KJ\Z?anP?????_3k?1??b????e??\n?=???????b\Z+?$??;?]?8??K?B>??Lٮ?E*?????U?8??8C2?/0*??5r?!h?-?F?1L3?t	??'Cl?????g3???C?ha?y???"?܈~R06?	???jms(?34UŴ?$Ads?????Z?t?i?Hu?=N??X?A?OQ-C?Q&??y??daΖ?>?!9??&-F??}???EGK??I??ЖV??Mgw???=????L?>???zAq??v?;???ڵ?1o?%;??l?D?g???N????????F6??????5kENX??Ah\'ty5\\?H(,w?!?$~???w?%??a????????ѵ䩴?ڃ????(?O?U-?K?c	C??2?2?t2}GI???*?{pB\'.??hЏh?????a?I?ĀW??ދ=j:?xŸ?:\"?_#?qe?l1r?rƛ??7b??&4?|??????ݪX??n?*?6?\"?5׿??a	e??5ߩ$7???%\'H???_u??ֶg?????]??m???????W/;????{?????^?=S2????????L???\0{?1','00ee0127b88ad70206b16e26013cd9fe'),(17,'2015-10-27 13:55:34',4,'ContentTexts',8,'x??V?\ZW???w8?j%??Q??????XU%0N?*QH\"?GQ?r??M^?W?f?,?*uz?s???f????eZ)??*?V???`?j^s??33??N???~Wu\0?j????O?-??\Z??Vj?r???ZP?g?&ʮ?k?5???]?~???????????v~??ڿ?-W???ˏ?bWz5??ޖ?{Asf?=????????ٵ+?????&?)d???An?????j?V??e??]6sf~?0??ت??r?q*A]??????7Mm?$e??{?s??i???%(g}??a\"BC?`??^??0?K??n+?????\r?}???@H??S??!-\r ????k!ŃPp?N??>1?'4?8N&??#:J?9\Z.???F??[?z?????߇?\n3k?1?bM????N???FcW?f???b??I?C6w)?j?À/??L?)??3E?J??R??????s.?ɀ?@????M|AS\'D0`*?????PP0?????\"?I?D27E?.?d?Q?B???L?M?k?????????GD6???[?Յǥ\'?yN?Αe?@??\"????9b2?*Y???Op?C?{?qY?I??g4rT??\n??S\"L????|V??ٹ??,??=?????(?????0?$?\\K????P??6G?3a~?脪ɣhU)Poq?b^?6b??|^8????\'̈́??????TZ????:z?f͢}$Bu4?5N?|-yJ???Fp??rfĳ>X??9???a@???:??K???Ǫ???N\\?9\rp6P?????"-??]O?!??3=?TtD?#uD2&ƴ2??????0????C??(????\Z??[ǹ????????Pd??pkXA>HQ??r?m?????Z;?.?\?47=p?ߒ??Ӧb????&???F?\\?a/?;p???1?B??$??g???]S???????? ','68add67146af202e642c081aced2f1fa'),(18,'2015-10-27 14:09:58',7,'ContentTexts',8,'x??T???G??\\?u\Z?????3?kh<?n!?'qwp?m???B???N??I???cB??>?Ǉ3?=Ιˬ4?????ͬd<:ʺ?abN??*)??̂SXϋ????%,?n??b?????!U?x$?T???G#D?C?????q\Z?Ae@;n)4޿?f?F?Koɱ?᳉	V??Ķԓ<???=๝?ţT#}m??[????ǽ?ZE?r?p)??ۘ??	(?????m?9?/?;???3???b?Ul7?ݢN???-R?x????Fy??+A??Tp??r:?=?{^D?[??Q%ܽ??;m??";\rh??2M2	???\r?\n???c??g??????òx\r??런?/\Z?ݛ\r??a?4?\\???\"Mx߄?f???:????-`Q??????.?z???FՃ?N4>????0?s????X???^uq?!???A?F^H?[??(5H','cf9dae22830165546f62be606b3dca20'),(19,'2015-10-27 14:10:58',7,'ContentTexts',8,'x??T???G??\\?u\Z?????3?kh<?n!?'qwp?m?Tc???n\'o?ݤ?eK?@r?>?'>?Q?>ΩC?6Ü???=?f2\Ze?_0???L??vlj?,???\\????v|,WW?0S?!d(Y$??ˉ?\Z??2?4?j8????3???+?J?????K4?\'?C???&XR\r???:H??`y^?9ȭ>˭l?????O???*?|ԭ?р?C	??&(@??\'8v????n;?=???c??{?dI????I?E?n-+??[?????c?,<???W? ?g??????,v݈???R%???@[???.?\Z???mu????49???~x?n??p_`??nY<S=????e9?X???T?.??wgͿ??#??{~?7?N??.?mҫ@/?mȸi?U??????sM\r??U5??j??????|Vz(^*?E]???U??`???$?m΢?ֺ>?	Qfc','80a5d5109c354d8b76fa16c38dd36f8e'),(20,'2015-10-27 14:12:09',7,'ContentTexts',8,'x??͎??#?V??N???9??f?nC?[!$?$p?X?h?Z?E-?0y#?????+R$??????Q?>̨I?8??v?F?Q-????/??C5??+????*???g????X?3[??(?K?%?,H8?,?Z????\Z\n?L??~?????隕Њ??Ni%????C?g*&XQ?n?o?Q?Y????)E???,???!?t???}????>u?٤_k?c?#?$|2???g??"??A??czv70\\????c??Qm?%??v??Q????Nc/k???m̱Ù??]n?I?m;p?cw?????Uj?ʮ?>???R??Β8:?H??w??X?w??l?U?6?????\ZӁ???Y??o~???O?????Xj??Ik7p?pֆ?m8i7??]1}?/39G?????.sM??Kr9?/J[s?V?js\"?\TyZ?Ɯ|?<ϥ?孉!???+?k??,K/??Y??\\?\\j???~5','3d20b575f380c78173d346b57b0c6ceb'),(21,'2015-10-27 14:18:36',8,'ContentTexts',8,'x??Q????????j҇M\'#??\nV?? B?(\n?(?]I?nܦ?Ѿ?/?%?????0?y????8k??0\Z????0?;¨?uZ?????Z^??c6?<?O8?????????8???9AO?tpJ????:??????	n?8?o	3?==N?\"?\\?[????p?Ix$CX?&?w?C??31h#?>??????167?CN??I?,GX?VAv?I?????3m??%N???0&??<??\"/?T5???Y?????@d?r??z??rǝ#$2Į2?=????v???좉ǽ?c???ު??????<R٤=+????k?]\n9&=?;???P2??\nk????h','df140de761b34fc38454f748f87dbfed'),(22,'2015-10-27 14:21:37',1,'Files',8,'x?MPKN??J?C??:q??ԟ?INl?- $???8\0?\0T???ԕ?f?f??郥ER+.?8???????0*????????cq1s\r?^?4??????l\03??I\"??\'??ӓ{s_Ӌ;O?c??t??E-?g?~?gb??\r?n{?h#?C???v?K-%0?5?????4????\\???~??\??c	?e.?|?A??UkFJ????"˂??}7Wa??7?ޙ?>Ý?Ax??~??*?9','b5f4457d2082c53179822ae8d3e3fe5b'),(23,'2015-10-27 14:22:54',8,'ContentTexts',8,'x??R]k???/?(R???IN񷌴MkYq???M??D6a?I]?k????%>?7???????xz$a?F?H????zp|?????0?<?t???\\?????g???V&_????)?????!>U???D?\0??:??)!?\nI)S?????B??1????Q???]Rr.SD??>?????3??s?w?s?s??????.??ğ9ם??Wf?9?gX???כz/򅶪D\\ՓѶK9WKF\"?????j<>>@??թ??,?*jgs????l?????b??޿?????K??c??????8)?rAZ?n;\\???d?\0?|?E!=?F???p<?Z}?m??۳??\\\r?A???Z?m?Z??(???{?I?h?r@?????>?ްVR???ҷ?','40034c33490ed580c2dd2679100b4e4b'),(24,'2015-10-27 14:23:32',8,'ContentTexts',8,'x??Q?????&9^?ĒV??lˮ?????????hi\n?$?z?ܨu?y??ȓdv??ò?}???cnr???17???Zo????????\rB3(?g\"??	x-&8\'?nS?9?|?T*??W?	%s,?g?3?????R????D?IN!???$M??VD??֋|????1W??????:????*??:?.f??06???cQ???s9cJ?:??ƻ???)N??	???????^?%UqYM?S??.?0b^]w&???N???=JT?-3?\'4????n?O??tzx??4n,?)>??q???=ҶMV]??N??%??sP.h?s?L[fs??Z?????I#??????T??a?mچ?-愎?????c?n?k??Q0??s?5v_?/BІӬ??\n????+wܱ??h??GH?N','e755b411895cce4def576d30892afd86'),(25,'2015-10-27 14:29:17',4,'News',8,'x??W[n??/??a??D??D???n!?#UV?We\Z.P?d????|$EQ4\r??-֔???[?z?)эYN$??????t???X?^?kU??t?M/?-o??,ä????\r?YcM?????3ȹ?ԏ?B.?":??r,r*?3??{D?9?6??q?.???????5۷????s??Cϣ?쇂??\"ƀ??????#89,?X???EMç??kw??_??X?w?w???ъ-{??|^G?????f?^N??,?h }?? ??!?0????ӕ?	p??\n?-?U3UvO?qԫ}??\'?rݮU(???????)?YA?4?P?????5ck??z??:l:?'??}?\?3h/Ğ?????d\0(\0?X??~?5!?\r??\"?2?$y`)?D?????wtH2B?H5??*?f???????_??q?R ????e?c-`xKP?s!?bmT!q?#??T?a????\\t)?}j\ry??\Zic	??$S?l??M?㮽?W???u?܇?s?ƀ`-???>!o? ɤ????9?d??%?4?K-v)p7dֳ?\"8kę?U????ʙJ????`|?$ܖ?\'??R\\?\'??A?d>??MFw?+?g4??t??ّm(>?\Z?F?C?i?e,>??RW0@?7^?5????^?SS?/q??.?UC?zx???~P?$C?*?K?Pv??C9??Ry?&??Z<??tf?nmwYx~?^2??:?$??學Cި|\"??ƸǬ???v??b;?d??$??(n?l?it? eJ4??u?h???V?CPȳ\Z?i??!?5Ը;?l?̚??q?zt\r???7ܿ? #??~?%ϫ%??+/z??RX??~F?_?}URv?$|{\'҉<f?????U(?ы?]?o<?$??\'??\\??X???K.? ?????@nb?W??3}?????????????^?j?i??Q???Z??+??,?K%??r2???F?Zk+v??aXJ#?1d)??O??k??/??????Zw?????o???,'48e85428f3929d7b87920073e41d66c5'),(26,'2015-10-27 14:29:43',4,'News',8,'x??W??}/?X?h?\\??(Q??DIL?K)?NP?e?8??>?EQ4\rZ??2-Ք??,?_ҙ??%??H???g.Zٖƭ/??n?z?ڷ4+W??+??G??????M+W?;p?ݒ?ӹV?<???????E????\r+????????C.M7?T?ʉ?č???X?H??񐉕X?'????|\"F?????1bb?s??+?}\r????!????A??uj?(?">???`??H0?? ???????s?$?n?=/????An???????Q7?>?[v???/\\?q????? 1a??H{:??V????~Mn?m??j?<??jjY????????f?F???j???"v?@???v?KniE.w[?????Y??J]%>?h??%???/??pq?'$???$??L\\???Oe	?\"DW?\0??!<\\?.Ŝ?] X???^QxI!??-?H?AгT???X???????????w?*????c?M\'M??gw?????1??ڏl????\r?U??@??e???HT?\\?\"??<`)fH?7?s\nN?\Z~??2#?U??2??ʌ???h|???\'~?e?VU?ڱ??`x?P?&?\"m?X!I?C?Ba???|??r???8???@#m-!\\^??Hb??[k{Q?A???? ??Q?C??Y? ?xd?O??@?Q??9?|?]?}&[iH??ZL(??????n??eWYH????BE?E??2b???F$?/???(??qC?`?5??ĚjW??74%Np?M?\Zb??????s???|?<&???\%?????EuDz?X???,H?˄`?F;?Ζ??j?????M9D?r?T^?0ʎ?_?P?5}o??]???Z2???(!L?????=9??:?$\'??ʛ?CްB$+??p?I????쪡?`;???y?????????>h<=`?????Ͽ-AA?M?Sv????\Z?C??s@Ȯ䬉??׀???{??r??^k????u	b???aXp??%fK\"??:???$?????\n????.n?7??ɒ?u??\\L????+*?I????}???\'4\\a?^???H???O???b????/s%????f???_,)en????????݁??ū_?)b','d21a7a8922e689edf5cf82af455303b2'),(27,'2015-10-28 05:49:15',11,'GroupRights',7,'x?=?\n? F?\n????J(??????>83Z\\???1?wd<???=???}?Q5???eԠ???w?C9????Rd??\"?','ce91e118c9469d6a9d6142d8efd66363'),(28,'2015-10-28 06:11:07',9,'ContentTexts',9,'x?K?2??.?2?R?Q?.?2?R??VJ????acmj?T?Y??\nb?X)]Xta?ƋM?]??Z\\?_????_???????\n?nR	TX?ZQb\Z?[)?????X???\"Jֵ\0??6s','bbaafdecee3491cdccafa2be71ffc0c9'),(29,'2015-10-28 06:12:44',9,'ContentTexts',9,'x?K?2??.?2?R?Q?.?2?R??VJ????acmj?T?Y??\nUraх?/6??&@?Ԋ????.PK/??0???{/컰???nK?ˁ?.l??.?\"ҫ?˅0gM@s?]???b?£?i\n??@|av?8?aPhۅ?{.l?٪?q???=l?$??:\nf?Ϲ??? n???U?]/?0k702?00\Zb`a????뼤??PR??\0P?ͨ','ffe94804e7c3d011ab54225da6412d85'),(30,'2015-10-29 08:56:40',6,'ContentTexts',8,'x??]kA}????j???#K(?&[D?Z??4O????d???w?????M}E???3眹w?????u??W?????????l?????????A??X???&?\"{?W?)L???????m?N?????re.??{m???{n\0ہ=*\\?!f?=L???rYF?I?`ϼ\nٞ=?BW?ԝS??n{??Ö?e?=V??3?Jl?P???o\\R?@Z!+P \Zh°???Dm?????Zbړ?Y??\\??Ҽh?*??:6?I?^?F??lc?o?!ep??@潒?DzN?y??H???A֪)?U?R?Ks?~N?I???C?0Q?J???v???%?\"?_\\?!Oα7U???RJ?0????Y?֭??[??{U{?#/?mo?2]??hh/~?Ѽ?n[?lr?#?@B?.??z\\z?~???^`??o)??/?S???F?????6?>?Z\n???ACP?????p?1??p{?j??L?+?\r??J?]?Hȇn j??\n?c?N???l^j???Kz??^R?>??:??.?百?ڡz??1t7?Z?????','1a5f1598b2bbe788fe429722090a18b2'),(31,'2015-10-29 09:05:14',7,'ContentTexts',8,'x??T?Q}???\n???3#?A/?A!??ET}(???P?$???9??}?ȵ?q?EB?̜??k?}.?M?UՊ?w?????????}9>?lM?W????p?<(???-۰5ۤ?R?iH1??+???Z*??_8?Ja/?C]{???=Ј??$?aa??TJ?R[\'C=2E{\r?IC	?;= 4?b?d??r?	?a%8کV??Ą4b1(0.?j?\'ݓ?R?n??`e????S?3(&X?@??@?4?b??????r??0j<sg2w]??w\"v??x,??x??1OJY?d?i?*a????j!??i?fJ??{???????\"<DI??V?C??h?IH?τm??\"????\Z?d\"??,?Vx?Ok?ئ[??(i???C9??;????6???9O_V;?]g??s?۪f[E???nAi,??ĨT?M?:???%?y????;//?)??H7i?&???z^]_?2???#??q','da658acf2d61b4e4014dd90014dbb6d1'),(32,'2015-10-29 09:05:25',7,'ContentTexts',8,'x??T?A???Q0?/??(?.?? ???Q<?(?k\'?f??~???|U???&3??????U%5???U?(?)??Q??{ť????n??k?==?|z$c??lkQJ1u(?,pk????b4?ő?0?:5??m?S??J]?NHxxh?|*%M????&????????b{J?u??-??\\?϶?U?WJŀ+!1!?X\n?ԓZM?/d??\Z??X٪?\Z???)?,N ?r??]?G??H??8b-v?\0U??3?????w\"v??x,????`̓R\"??JکJؤ?~??????J????~???\"?I??V?~C??hl?JH?τm?Ӟ#?????\"ƫ?,?V??k?ؚ[??(??s?=?^J͗?????\"??????6F??????"X6٭?Q?????;r???????2џYG?#-?Ě/ؙ?????-','508ffdfbf50322a82891a88bf3ad35b5'),(33,'2015-10-29 09:06:13',7,'ContentTexts',8,'x??]K?}_??<?]??Y?ɏeEW?? ???W?e????Nk?i?L??L?~A(i2sϝ{Ι?Ɋ?W?55????PS3????w?w?????7?5~??V>]??M[?-?(??sl????f?_??ji=?M{\nd?T????S???#K+?????\Z<?X$%M?m??.??=G}?IC	??n\ZH-[???j??X7!?X?i$???ݐ?N???A?????i?\0?b??????0ڥy{N?D\r\r?WX?C??c?&?#;u?>?q96???0??c????D????ˀ?##??W0?=7??/}v;??Z?T??lS\Zx?%,Y??BF?Ǆ=??]{????ٻJ\'bo??D*??/m6䙇?Hl˵D_?>????6[g/???????\\=i?Hz??;Y?A???Ge?\r???6?"f??F=?\nւW???@??d????R)?5???#-\'????|??=V?H??C','5286fc447009a8c49b36cf5ac5c35dfe'),(34,'2015-10-29 09:07:49',7,'ContentTexts',8,'x??]kA}???.?iKe??ͦYL2k?)\Z??R??B? ??IS?I6??p?y?7???a?;s?=????_??m?ө????ǶyP???{?߻??a??#ۤ3JeG?d??4??&sl8??`[y?r?	r?C=?@?\r?a4??\n߿?@?J????0??$3?h&۔ҀRK~B??)%?t??? Gw?[p]\09?(B,?-??TM???N?*s??%O6P?h??A?,?Z?ņV??)M??8RnL??O3??R???\\M?\Z??]X?m?Y???t(Ҥ?@?X?D!8d??r?seϹb???q9?*?FO?ڳEic+`IX?R8^???	{c????Rd?H?({;???ڟ?̦?Y???+????X???\'\\O?u??J5??$??!?Ţ??7EX?VP??????_?ިx?Z???%???? j?Y??Jê???6?+??G????ݓ?}v]g??I?+??%?,:?a7?Ya?֥????5+?o??Q??Z??]0+???f?֤??\"u??5?{??&????`','5af03dee0f3fb84694ddb869f09885c9'),(35,'2015-10-29 09:19:34',10,'ContentTexts',8,'x??J???}?!??iZ?u??j?6???,?\"^XPPPE??Qk}?3o??\Z?.Z???s?Z??????"????Z???????f?q?[%?=??@?\\$ӱZ?;z?s?/UK??һ????Rs?t?\\M?9o>r??:d?؏1??W	?? ~?ҭ?V??9ũh???_??A?????T\ZՕԲ????????|?????ڣ{???F????	uUGm1ڦ.v??j?j?ݣ??3?_۾??]??}??NV??إ?mnÜ?[{\0k{?j?????Yr?|??/??o??\Z?A?ztp9C?U?5????????\\?(-?8?\rd?O1{v?w۰?\rD??9?F?#VJ~*? *M6xq<`ͯ(\nD??h???&?\n?P?d?????<o?o#u?Zk3u?G/̴>?????0&????????h+??:Skx?\\??Ʊ?\r?????y\r?','486393fd053269cc90bf7487d9bd2466'),(36,'2015-10-29 09:21:23',11,'ContentTexts',8,'x??T?jA?_????4Ц{w?K?<?D,?mlSD?K??Q??Zc??\0??פM_a?|??-F?A?????v?o????N???)?E#?6??v;??ݏ?????nv?bC}?1MhD????{?֟u%Ș0????i?ۤ????\nG?)??}????n8P?:?ݳ?m??\\?????[Ow??%?????:?V7???.?8??Eׂ??j{?\Z?!۷J?R\0?DF.{`_**]ޖ?x?k???/?r?*|ΐ:|vs??q\Z	??????? ??t.???9j??????N?;???O9a?E?־YYx׊#\r̠???:?y\r?C?[o?_?hHC$??P+?rD\'t???RJ?|?wP??~(@?i?!˻???^\nl/V?{???epm?Əe\0a\Z(S~~?*??R??z?,iQ?VtJ߁}@??i ???C6???S&}U?e?VmZUt????/]?R???))-??tL??S????.2\\???(\r???R/`?Zˡ	+*?պYպ??(%q]?(?(?|P?ʐ????j:??\\\n1E ???Y>cnRvH??'\rsu?g???-???:B?,'9da98740fe8600dae0fa1a61f3ff8c2a'),(37,'2015-10-29 09:21:35',11,'ContentTexts',8,'x??T?A?/??\r?6;?p?????MAa7??#?	?Zc??\0??۴M^?+?$?{\'?a?;s???9?6B>?K???Ы??yQ?????}g?C/?9?????C_iBS\ZSF?)???A????^?ٮ??;?}?]?A??SBW?\r?3?(?@?`??k_????9???ܪ7O??%?4?=A?\n????????[?h.x)NĶ??1]9d?V	P??I??c????L?mɋ??v?E?KT??????W?D?3\'?C??\\хD?43?娽{?7-^J??-????L??CU)i??w?;?j?[ێ?????U24????%?4B??o??.?s???:??\\ _??<R?P`j?H\'?<팥C?C?U??+骮ypm?ŏe\0aj(S~~???4?`?XiS)W?yI?z???3?4???????(??\n,|??????7???4??UJ???a3?b??I??8???e??!???AiP?5]?\0F??????\r?sQx?R\"?\\????0?????<?2????yO??S2y>^?????e???r?WgF_R?\??_?0[?,'71386196af970926062a62a4f9c6631b'),(38,'2015-10-29 09:21:43',11,'ContentTexts',8,'x??T?A?/??\r?6;?p?????MAa7??#?	?Zc??\0??۴M^?+?$?{\'?a?;s???9?6B>?K???Ы??yQ?????}g?C/?9?????C_iBS\ZSF?)???A????^?ٮ?\n\n;?}?]?A??SBW?\r?3?(?@?`??k_????9???ܪ7O??%?4?=A?\n????????[?h.x)NĶ??1]9d?V	P??I??c????L?mɋ??v?E?KT??????W?D?3\'?C??\\хD?43?娽{?7-^J??-????L??CU)i??w?;?j?[ێ?????U24????%?4B??o??.?s???:??\\ _??<R?P`j?H\'?<팥C?C?U??+骮ypm?ŏe\0aj(S~~???4?`?XiS)W?yI?z???3?4???????(??\n,|??????7???4??UJ???a3?b??I??8???e??!???AiP?5]?\0F??????\r?sQx?R\"?\\????0?????<?2????yO??S2y>^?????e???r?WgF_R?\??_?D)?,'66451a38917c62c453e40e62d1f03301'),(39,'2015-10-29 13:09:26',13,'ContentTexts',8,'x?ŒKJA???w(f??g???D0??`???\"B??nDЅ??\'??????????#???E5?]U?????*??ڶ???SVVu??l???L?????s???>xB????;?H??\"}.?>?<??NP?r?\nN	??\"??|?Nź?]??D<?#:???F??u??5?C?????O?-?V??vo??D??Ն_^????{`?&?!???k?B|\'c05???kW?????c9????SV?ch???~??g֌???$za?s???5|?)??0???l??9s?j?^??o?%??U??????}??Φ5<YV????W\0-?U~K?ϗ?vm}?(\r?0???w?~,?????'?`?~??q??L??','d7d52a27c247e85a6600a687e9a50bae'),(40,'2015-10-29 13:09:45',13,'ContentTexts',8,'x?Œ?+A?????"????????`n??k40??d????.D}??D??T??O⩎?2?wu??u甆:i???\Z{?oד????????Zw?e?K?n\ZA?f?\?Nx?^??O?.9\"??\n?H_??????I9?N	z?>a%??b???f)/uH???????;?\rǫ*+????n???;?????????N;h???J????,n?D|}?v??e???H???k?\r?Q?p©??????&?N???????&???<2??eˤ#??*??\0Ԙ#X???CY???<????????\Z?L?t?#c,?~M??p?;,?u??\n6m???2y!?^??`?<}#?5????D?h,?&d?ij???ρ?%?NfP)?\0~??X???N?','28216aa0aaa953d0fbbb782510f28831'),(41,'2015-10-29 13:10:26',13,'ContentTexts',8,'x???#A??åYu?;????H?#a|????}?t!??tzͫ{~?/̗xnE7.?.nq??s????[???|㸞8Ue5?:?????,.)+h???????<#???<?;?L??\"}.?!?<??#NГr?N	?Ⱦ ??}\n??b?-?	%O?D??]??Q`h8???r??????r?????|???T???c?????O?W?N?C#?	t? 7[#?,@\'??????c?[ʈ???u?t???r??pm?'???LŸ࿊\\B\Zac?@?\Z???>?:Ca͓?,???4?~\0?>???X???ߛ????wrK?*XcV??/d]?ė?ߨg@?rƑ?Ф?/`!F?h#2?M!?`8U??8J╝%ȕb	3,`?=??X??Q?','f21c6552ebe95f9674394814462f8c15'),(42,'2015-10-29 13:10:41',13,'ContentTexts',8,'x?Œ?+A?????"????????`n??k40??d????.D}??D??T??O⩎?2?wu??u甆:i???\Z{?oד????????Zw?e?K?n\ZA?f?\?Nx?^??O?.9\"??\n?H_??????I9?N	z?>a%??b???f)/uH???????;?\rǫ*+????n???;?????????N;h???J????,n?D|}?v??e???H???k?\r?Q?p©??????&?N???????&???<2??eˤ#??*??\0Ԙ#X???CY???<????????\Z?L?t?#c,?~M??p?;,?u??\n6m???2y!?^??`?<}#?5????D?h,?&d?ij???ρ?%?NfP)?\0~??X???N?','28216aa0aaa953d0fbbb782510f28831'),(43,'2015-11-02 07:00:28',15,'ContentTexts',8,'x??RMj??z?A????4?D???\r??FJ)?Bl9???h!Ĥ???Ա#?\n3W???Q??td!i??{o4-?o\"?i??hP?m?m???|Z?׍??o????n6??2??E?[y??S???*?c?̸???s????????(D.C^?%	??$?$?????y????J\'??%??>PfO?????\is?A?J`Y=\"??ӌWx?:&??Uj?eKo????v{?(zRyy0@?k??A??q?2O8??F$Cr????7V?/8ӛ?汆?????d<?ϔSH?xM&G0=?҂/Ue??\r?x????????d?j??M?sbB??N??????\n?.?\??	?QY	w?h??????IPaE??,ak???ר??Ui???N??u\'s????0??26ӕ?N~???r{f3\'x?]\"??,'05e5d405b55a219bf0d0bed439ce9807'),(44,'2015-11-02 07:00:46',15,'ContentTexts',8,'x??S?Q}??a?M?????6M1Y?[Dh??\n-j??H???1?4鮿0?~??}?hۅݝ?3wΙ3?6Mݼ	ͺq:[??FճƦqڻ????^5N?=???۲v?a>?!Oy???????ω\'r?P\"֙r???q?=9O??s??c#|??K?		_???Pu??^G??qJ??/?#?X?????5_~??\ZV᝚;E?@3e?q*1?e???????׬??u?@??q???a?????T:???+??<?!ɀ??U0?_9?cy?f\n?Z?Gx??tr??-????q??z(????+?:?s??\084?k?q????r?ؑQ?\ZW??194wt??3?(7,\nC?ߣϴ?S?/81??o????i7h6?n?^&?gU?6????\Z?{٠??k?rS?ȽK1?.???Y??\0cN:','ff4550798fc6475082c59ef0d33a77f9'),(45,'2015-11-02 07:01:16',15,'ContentTexts',8,'x??S?Q}??a????~?D??l?[Dh??\n-?\n? Ҡ????i???/?%?;[??օݝ?3wΙ3?6Mݼ	??6_??g?\r??{??b?j???{Ɖ:Q?e??|*C??ײ??W?ω\'r?P\"֙r???q?=9O??s???2??W???Il?????	㔺??U-?#??0?`k???Yjn~??\ZV᭚??b	?f??bX????My?o?Y??u?@??q??t?a????ׇ?n*??~?*??<?!ɀ?r?U0???cy?f\n??f?#?Pw?:???-????y??z(????+?:?s??\084?k??0Ne\0???#?B5>S??194wt??3?(7,\nC???/??Q?o81??o????i7h6?n?^&?gU??S???\Zɱ?lPQ????^???7??????o?N8','f1d2ba9cc37535a0adad4d99347bd82e'),(46,'2015-11-02 07:01:33',15,'ContentTexts',8,'x??S???/x???%6?????v??%A???LP??!???R[?%?9????\'??8????????y???:?\Z^`????ѽ*??i??q?^?X??˘?5?9??Έ??y?T&G֙s?I?\\p?3%??K????2??????)$?P>`;Oe??qj?$?j??V??]?>pk??nE?\r?\Zm????8??&?????I?K\n???i}??=?9????5????T??#??Ѓ~;????Fo?Xy??OeL2\"wǸ?jE^f??+?m2w?!?+??Ğq?I>????(8?%??\'???V?M?R`M?\0???\\r?F??S??2?T?\n?F?????:~?v???=?D??5????^???? ?f͖?m?ur?6?`?:??*????w*?M2Am??????|?-\\ ???9?X?','07a8ff06497236aa1a418a2b89b246d2'),(47,'2015-11-02 07:03:13',15,'ContentTexts',8,'x??S]n?~G?#??!v??=Ji?Bbb!UHMT$<TU??쐈4??f??I?v\\)P\"?jU?3;;????????????ƨ)???󸣬??e???v??,>???????sL<\'??8???q???G8?q?;Op?3???"|=??s1??Iud???m???S?V?zO?T.?B?=?c\ZO}???????_	????????????5???XW??Ԏ?;?)\':???H?@?ф??f?u??X?/R?+????G?Fl????R????{??????????mъ?:?"?\'rR_?l??@?FB?Ğp?N>!?$?WPp?F2>?L??5??*SI1&?r?C?n4??????7_\"?ɡ??jޞ@?a^?\Z}?M?F????X\n?f$???\*ەj?l?U1??K???ߙ??=Bn\"??w)??~?2???o?d','aa870b0426fd3397c3e01904a9cfab60'),(48,'2015-11-02 07:04:28',8,'ContentTexts',8,'x??Q?????&?^?ؒV??lˎ?????R????CHi!$?z?ܨu?}??ȓdv????}????Z???#np͕?˵?o??/lɿε??C3(??\"???G?qF???3???L?TJ??8	%s,?g?S?%????R?,???KN!????N?Z???J7?+Ή.?\\rR`&?~???׀?T&\'??O1?t1?5????U?1?	0?3?T?ᑩ~?e?ǌ???????Z???O????\"?T9?9?w%??$yyݥ???H?T???D?S?sLcɫȝM???N?????K6\\?#y?U6?>«g?Tס?ʫ/?c?B]95?8S??u`?0?E?o?ns4(ߒ4???͕?Z??k-?\\?2\'t???[^???u?????a7?֝[?????AN?????瘭v<5??x\0?'?','4d84dbbe64e2dc0765b4e331a50a69df'),(49,'2015-11-02 07:08:11',16,'ContentTexts',8,'x??Q?Q}????4???y??%??s&g? ?t????z?}@???匿????sF|?(z?g?k??Yz\"\'?ږak`XF????F^?+?k~??p?$??????\'򘇀c???y*?g???2\09?=1??1?c$????/?<B?I-C?r?X\\A????N>U??0?????*\\S??lx??ywFO?]?B???^M???%?(?(??Ф??S???m?????9?+n??v?j?~???C?M???P????Li?5???M???&??i?<ET}??73$4???FU;}??}`A????4????%???r??p??k??F?{??C??rY&????2ر????u??,'349bbdea1e1416980bc8785ec975269e'),(50,'2015-11-02 07:10:21',17,'ContentTexts',8,'x??R?A?|?????????>?Dc &?V?YQ???W?o?ݤ\r?I?}?o^?\'???J\nU$???9???????????\r?P??v???|??{?俩????;??P?3?????????Va^Kr?/L??8S?\'?$??.x)?!.????/??L.l??K+bj????jԺit????k?'q4x?đ?ZUq?????H???k??M?Q?A5??V<19?3? c?E?^dKgM{ƥ?[䫝߮{??=췓?m?`????G?ۀ?^?Č??ZZ)?xB?O??d?w??j????yr1|?y???WmI:\Z?V?k?؁?\0w??????d	Xd? ?,??s?VL?¼[??*޾:y}??|??]???x???0.~A?\\?	?^?@o??W?4o??N????h?]5?????@?"?0????M???dN?zdZ','2dd54f98edb9f77af4b7c846433bcac6'),(51,'2015-11-02 07:12:46',18,'ContentTexts',8,'x??S?????>ɉ~?Y?	n??\"?B??\n)??hO?!yٍ???̾B??߬L???i?fv???K5??<eu???n A????ڭ?e???????f???=???r?r?p?9qA<՟P??$???P?q?=K?b/???<??Y?<Gm?3B?????:???I?I???o?Z\'	?ܪ7?IIXk????\nM=?/??G?`3ìD?? r?I|ʅ>1kR??$?>n???^?Zq???8@ގ???????.??G?Sr???"?s???N?????կx%։(<0y?:?????`?Z??X??̮???\0c?S?(2U?R3%??V?=??????t???6m۴c??=y????&P64??\0	?w??t2????3?\Z?.6???$7ljn???)n?ēC?h?CRa???y?\\??\o??[\"?????7?','ffa074b4fe454c52e4843d9689fc0c91'),(52,'2015-11-02 07:20:10',19,'ContentTexts',8,'x??R]KA}??y?̯ҝ?1a$\"?n?B??F=?\Z??nJ????{?B??{G??]??????g*??O::?U?@??e?j??[???G+????^??F??Nq?RL#??\Z??b??Q???r?<K\\P?|D?s????a&E???w%?R\r?R5??ۭfM?t!B?%[Z?k3?C????i?ew????G???2??l,d2?c??????Hn???P@?٬=9?????*Y8b#o21??\"B??3w0<??ǒ??l???)B?b??&?E??????"?K8|???C???ߣ}_','c7faf9240bd3ddf16769fcc4b7bd5656'),(53,'2015-11-02 07:41:14',4,'ContentTexts',8,'x??O?\n???!\\?V4t?$????`ND?XX?X(?u??GD?a???U??ݙv??P?D?2?:	??p2?Ɲ???IBEjз??C???Kh?wp?WK?,??????????\r??t????0??n?\ZW??v? E??mS????l????ωr?q??*?!s?Q???L???,'ca8472eaf2b02e74bb66a0575a6131f5'),(54,'2015-11-02 07:44:29',4,'ContentTexts',8,'x????jA?{?w8???PO?]?a?)???@5E??)\"k	?,???F????????F??ٖb4*?-)b?=)?V?ۿr?cW\n;??????_?p~??q3&c?Yvz??0????????U???G???Ra[-?g#?K?μf?B?????oc?O|?????{???/rK????%??7\"?8??9??tdIӎNt??ej~K??','da8d93676ea73a9cbf83d63e2be8b555'),(55,'2015-11-02 07:46:53',4,'ContentTexts',8,'x??U?W???8?J%?f?>Z`m-??7?U	cZR%???Q?@\"?\\?6???>I??s????gfv????????????)5???)??T?k?c?/z??\Z??va????w)?4?E?}cg???H?\?̅Q?6W?J???UQ?h?:??vT??n??l?<???r???(G&DI]oM???5䶂?????a??s?\?X\\)????Z?????S(??[Xu?\'?w?*6?FW??nD????u3?V6??͹???t???o墺?%?-E??O#\Z?H} ???????K????7t??0??z?R??y?@?????$aL?w?#F??\nS_?h?_p)E?0??9\'M?r?9?D??c???[??,??Ss?V???t?v?<?\r]?>ܬ?0\r\rT?O?ήw$?+??B??????.R?M?mQO??ʼN?sF\' ??\nQ	7Ʃ??)?tS??	?\n?8?????,??">???l?}2u`n??^??O??)??rcB???צD??~.???$Cs?\\C?<\\??4A?)yʏ?X??@8>?Z?L7?f?/d?*E???Lq??&yE??3?2??hFT?)	\Zݱj??????????^M?:?y?_?=>q?Q?q???T/?*4\'??	?6?jBԱ? ^?̗? \'d?ЉY?T?3T¬|???shU21??/,?@?:?þ?$>͉iO=?l??Ƈ;???~?2??????mΛ%fn??w?1tݞ ?[ą?\\XĖ???7??ӈ+N	????^?}??rEǠ:iXbй??Z??????\r?9??%?Ig?\v?ƛ???پ???<}??7?????i6V????o???g?\0??^?,'83d29285d30af11d8914bb84722988ce'),(56,'2015-11-02 07:47:03',4,'ContentTexts',8,'x??U?\Zg????ą?&??m????a????u??d?[?J?I?*͏?\Zk?ׯ0??zf??V???~ffgΜ93?%???m????t삝)??4???j.???	??w??#?????\"}@??>??!?H?f???A???*??m???:߬|??*;???m??=???;[??N?????N????Z??o?m?Y???v?v?$Ѷr??fjj{???I&Q??]5?ܮ[?\?}???+??B??Yv6???v=?/7?Ս|?Tw?V?mYk?\'[?\Z&??7??j??1Y?Mc?[b^??9??????\"e?^*??(???????	]?}?S????\"i??]?wH!O\n񧺇_#v\r)R?<]!x\n_?(T?0?S??4#??i,y4?a????s.???F?PY????<o????e?${?V????????S?t4Qt%h????4????b?v} Cq^??\'ŏ????`/??o?F?-PVpJ?:4T???1N\rn?"Mw?0?????z?p\ZEb?Y?'3u?ͤO??`ެ?????(? ?I??v?&?Q(??\n???t?????g?Pk׿*??<??܈E?@8>?Z?7???X???aη?6???$?&#??????%QɦDh??????]???~?s~??ݳ}?`???G۝֒????v-U?9?\r? ?)oS??\0???<9!??N?KD?D%?tr??????ռ?}?E?Qq??a_???/<?l???Ƈ;?i?qr??krk?6??ĩ6W?fn?\'w?1ݑ ?%[ą?\\X?<n?o?\Z+??3?? Dz\Zb_y?????MA\r???`p?;??<3?j?C?????\'?:	???,??w???f;/!???<~C=?_ǽ???E?Q?\n????,S???zyH','eb590014b7f110d39b7a6b8932afd66e'),(57,'2015-11-02 07:50:52',21,'ContentTexts',8,'x??QMK?????Co?tN??dmօvKmӢa΃^=?(?C&??#?N?w,$????q_???i@/???8ev???#??>??x?7Xظoj?Zx\"7?$scI,??g??????Y??(?c?Q?9l??~?!?}??7|?{???ɠ??w(?,???4???ز??????%?`??С?Bȼ?&<?#?fs=ӷ?(?Au?????DT????p\rx7wլƠ????./?f\r??Tf	???iD??w?,'9f1522cfc2c36c1d7a363e18ea1ed8a1'),(58,'2015-11-02 07:56:02',7,'ContentTexts',8,'x??????B?E???)????U?M?p????%?)-?\n?*?S˶,??uf?>??????????????i?֫??????B?^Φ????=F?M??]ّGЇ	?0??lۈc?c??*^\\\r*q?B~D?????n???fȊU??^T??n2?&?r?n???2H??B???DV?6?u$G?o	??\0?L??^\\B?<??2?	%O?hZ}??q?bW?CR? )?i?jKe?,????A??I?Be?5???\\????R??M*?ȁ?R??*c%?Zu???O(7?t????7Y??[y;?#?ˤ???e?x???Ҝ????jD??}^cц?m?A???????-????h\Z?0j?ky????B??Ql?H?_3?&?\'OД?*?\?S^FH+S???p))?[????-?GE?\r?\ZG??Ur?g????p%?%?(??f|\rh;?m_?"mǿ#???\r???ß???M???#?I|??ґ?|??Ʒ?U!B??????պ?Ӂ?Xyy1??0Qk?<??Τ?Q|eԇo??<\\??????s?]?ʜ?GF?Z[B,???ޘ????D?n?+aBW???ǋ????	??','7c888951d73612a2f1d6e0da24821aa6'),(59,'2015-11-02 08:46:10',5,'ContentTexts',8,'x??T??}/?=??Av?4aE??ȱ???Z?P?Lz!?ЗJiIZ??\?N$???????A?rf?̙?rM??䪴????&?uc7??u???cץ?|x??K?~?????䅠???k}H?#??7?~?A???8c??RZ?@9????ཪ??*???????????x?U?\0lV??Si)?3??wg???i|?J	?B???@3?????:?o?s??\0|\0p?R?K?ŗ??s??@?I???=Gw??)???!?h??!?|Yٳ\'F?Z???g???B?Ş1??M\0???i?.0???[@.???7????????Lǜ?,x_??l+?3?\0Ǣ???0?x9??*??.h???_????9?6?I7\\??̨??(h?3?E??4K??~?#Ŗ?^???A??W?n!??S?f4z???99??????CN??N#\n?|g9{?\0yBh','5cf5f355a2e5c487f304897f03372f21'),(60,'2015-11-02 08:46:50',5,'ContentTexts',8,'x??T]KQ}/?.??\'K?P??"	?$???W??7h[ė\n??X????Fw??#?.&Q??p?\??sf????:zA;\r?;???e>W?Sk?փ??E>??c\Z??}iQ;tjw??芢yE	\r?O7v?.q????_tF璂t???BӸ?Rm??c6??????q??V7Z?WV?\rW}ix?????(E?j???_.e???O/??q?I?j???w???\"?`ґ??!%???bwlh_L??O\0??/%b?{c??~Ӆ?o?}?Qc?\\?????	?uQ!?!h??E?$??(?fd??D???X??ܿB8?????.???V&י#??n-zb=뻝??'??!??&?????+??:? ?^?v???????cg?????vSCS??~??0????le<p??nE1???d?l_?D??p?U;??\Z?~e??????R|?-?c/?7?~\0?>','88996c3770c85ed17507e1b7af7e196a'),(61,'2015-11-02 08:47:53',5,'ContentTexts',8,'x??T??}/?=???v?4aE????J???P\n?Lz!?ЗJiI[??\?N$???????ٝa?3gFv?ӕϥ廖ݕMi??s]Z??/o??\?????ʲ???k=?sJ?	?LC??t?sD7??}?_?!?{;??/???N+?W???/Tv??%Esm-ڱŶ搜덆?6???-?T8=ަ?Ź?H???Ⓐ??LX&?Z\\jme?}Z??;?w??????\n??:N?~7????S_/\0s??C?2?H?>V???{a??7?Nq}N??'??C?Ȇ#|yճ??Ei)????HC?>??`?z???????	s?a?*??D?9???w???/p۴?\0?x?)????\n?H/ox>\Z?Ē????\0a9oĘ?>?K}?X?]??o?0???闠?3;9??Nn??+???ٕ(+0?V<~?5g3??Z?~Hc?ߛ6?g? ??R???????????ST<','5ec36313e07a2d09faefe25a0a958fbd'),(62,'2015-11-02 08:48:52',5,'ContentTexts',8,'x??T??}/?=???v?tE????N???P\n?Lz!?ЗJiIZ??\?N$????????????g?֑+?W>???vW֥?뚴ZQ??]????????????K=?SJ	?LC:׻t?uDW?F?>???Gp?T??<?V??l?;?読????(????????\Zn??襁k??٭;Q?X???Tp????ˁD3?\\/*`?"ˀE?yPi)??n??[3?&vML)?????\'??ez[??W???+?ho4??-?9t?+??!7???0?????1FmF???ѭ?\r??y?@Ht??????}????(F{?~?4??~ĔS?^_ǋ?	c??(?μ>>?0N??f$??k??3f1P?;:????1?!?yof ??gx?????r????:+4Π?>?|?wX??_?c???)???m??3ވ???El?˜ǋJY??Hd??b?wb?d????U~??0?????','8aef30f8c6e366f114ae01fc651b42b1'),(63,'2015-11-02 10:15:02',116,'Modules',4,'x??NK\n????\Z??L?$4AmS?t%B???A.??&7rR=????'1Ó?r?7?Ԑ;\\??{??>?BO?zЋ&z?.?c????\n?k??RU??0S??!?`<??k????/?\Z?1ܠ????ҳ??????'D:?3?????E???|???eNr?','ccf32979a07ce7b6417f4b4f18d21f22'),(64,'2015-11-02 10:15:22',117,'Modules',4,'x??????[????qӃ-??;??/yA???!?5??|?f>ؙM0ă?B??LAdq΁???ޮ??4P?a?'?\Zw??8??h?P????e??NM???`?M]???&o?ӵ4??????P\Z?+?5\n0\\\"촔jDS???????u??M??m??It?','af5ad34924bd18dfcd1577869f6b3786'),(65,'2015-11-02 10:15:45',118,'Modules',4,'x?5????[	W??a?$?=H??'??/?ڀ(	??0ב{Q?vvf?\"\niii@?0E?????/?v???-hu???B?h??r;???G???$??E?u?Zo?I?8?{?ў?Y??̣??sq?+j??{???YS????=?Mbf?ҭ????\"e?gI3U&z??VR?','d9d75100f3f49a49c2fadcfed531ba18'),(66,'2015-11-02 10:16:06',118,'Modules',4,'x?5?K\n?D????????̠??L???r?+Q~?Ps#{]????:?????$?#C=?:\Z?(t?(ǁOG??n?w??ww???*\\?????????8?#??RQ+c??q6w?Ѭq????̣??????p??[\\?O$fZJ??:,?$?хn????@??Q????=Qr','441cf199300629432241110b09844f75'),(67,'2015-11-02 12:27:49',5,'ContentTexts',8,'x??]kA}????Ħ??o?\r?&???E?tC?????*>??۴??w??g?MԆ4????̜???3?????PZ?k?Y?֚ץՌ??uzՌk??\n<??E_?]??R?PF#\Zйޣ?C?B4???ނ??b?푴J????<?ہ????v??-%E?^?l?wUK??J?6??????p??}????ˁD??^T?V+E??$P?T??{\\P??OM???q??F\'?M??\'???*??zzO	4???R???????c???X1/??@G8??\Zp)[D?\'>?w\'?c??Q?AST1\\??#?B?cP?a??*%???c|????\r?S???????:^?a\Z3?n?|uf??.?q?\Z??C??}?g?1PQ#;:A?#>e??np?Z\rĊ@??>??k1?kw1?냿?!?g`h7?????3p???Llk??x#???V?6{?hQ*?踉L?6D,?N,?r????G5??7?qβ_?II?,'0709cf08cf1501bdee38c9aea479c253'),(68,'2015-11-02 12:31:42',5,'ContentTexts',8,'x?????#?+r\"rB[\Z?ų oKN??҂?RG??Tq?B???	u?y??bvl?\0\r!\rH???;??c?/???r???W????Z7\Z??]????r?Oh{y??må?)$?d0?>??]8?u\0Wh\r??/pDG???X?>?ɓ???????ǗVS???䬺?\ZlZ??g?JE{-;l??\'??ݑ?u(?Q,bu?tDX?V+E?\0? ???!??w(???M??h?d??]?K?<??l0??ѲY3kf$?r???̧M?e??Ά?Nˏ?x	6{O?4a?b?ϰ?|?\n2??b?G?/?m??9?xi??Ie?7?⿻????j]k<??\0??.\"$*F?M??U??c| E1???W?????Q??B????F?q?bvw??.?s?4?S?5?[#*?????\r}V?V?+3,<???P-???\\??_??0?n?3dh\'??$???G???)??X???pA?imĴ?R?????{^-<+??L???\'?????uc???b????&?,'1433666ff34200f14a583034c649beef'),(69,'2015-11-02 12:33:00',22,'ContentTexts',8,'x??T?Q?7?Nz???Jv㳘?.t?ۅ?Ƥ??*$^??\0Kii??\ns^?\'??Z?\"l???g??߶??G?\n/6?v+?>7?va??B???U?)M?h?h?hFc\Z?g?K(???^C??:?b???????ׁ?^?????_턑Sn{?]??????|??w}l?;*7[^???|???ݍھo?/?p????ߺ??\\o???u?]CdI????9\"?bȺ?a,?fzW???{???3|?\Zg??,w7???%n]?}?8TIP?údWc???????\'????S*?tɤJle?M-罦???&??͉???A`?78&]):???G?Ζ?<?ur`??@??[ u30#{\0?'PIEE?\"?WNDX?VG????0PO?订??8?3????_??*k?姥????V??X???n??.:???l??q?I?TgZ?<???l2/!???%\0?Eoso?e?e?|??H?b?????\Zt&B?4??r.	y?V???*1.?D???????1|?OͿܩt??~????#?BF?\0?܌??????pllL?GYD???D???7b?'??<Q?Sc|L؛%?$1h\03?H38??\r)???O	?o','bf318e772097fe2c6143617119fd917b'),(70,'2015-11-02 13:15:18',1,'AdmPeople',8,'x?=OA\n??J?ku??\"Z5Lh??????HQ?6?r??????q?+?=SE.Ɛ	L3?)?H`?#Ѕj???+??7?\'}????=Ft?????C?APR[s???#??Mo{`???Kj???k? ?=*?2B.????*W5??\"?*P\\????Q3i? ?6WS?)?*??S?_?vg','f8904ea01d8da48348fd6bbf11b0a807'),(71,'2015-11-02 13:16:32',2,'AdmPeople',8,'x?=?M\n???R???z?P???&?DP?z\0o A??^ar#\'U\\?yyy?3?.4vLY????\Z????????܆OEw?nЙT{q ??nGW?Гl?PR/?6??????5??SQݴk?v?\"??УR(#?[!??????7%0f+??b?f&????\'???J?\r?B?#','c5bd7e7d1e0f1ee882f1b86194c5e376'),(72,'2015-11-03 04:29:38',3,'AdmPeople',8,'x?U?MA??\"uA?\\A?Aotg??D?'??,ݡ#Ĉ?+???jcc??꫗??????˳????*NR??iլ3??+|X?|??3ʽH?3\n<P?9???E?4?/??;?o????????GVa??i????Sz\ZWU?o&e?61eU???T\\???PɌs=3???X??vR??.>???','01fd5ce945f695c1de0cf1cc1b131fc1'),(73,'2015-11-03 04:30:20',4,'AdmPeople',8,'x?=?Kn?????Z&?A?j؊?B\"T??n?M??T??W?}#?u?|?\'Ϙ?????????r?n9e?*MRe&|??k?q??_??]?=.hp@?k܇???b2ںP?}?????????Jӈ??????*J;??qJ/¨?q(????\Z??)??????o?+䞹??9???????','01859805e6e1cea7853311e374b66708'),(74,'2015-11-03 04:31:39',5,'AdmPeople',8,'x?=?M\n???\"9Ak-jz?P??:?@???A)???̴̍?//_??08E?E???AB%#?5)5	?ɝ;?+??5?W\\r;???kw????r?_?᷻q-h#?]?,?ܬ\nҖ?[B?#??J?S?} \ra???fS??N?v?[e?r??^?','18842b11405780e036bf7c1ae0225cbf'),(75,'2015-11-03 04:34:30',6,'AdmPeople',8,'x?=?A\n?E?Rrk?jz[k\\8Cg\\? nܸp?+H??gHodfZ\\?'??,p?{?[dٜRHG??aE\n$?b~???~r?+???WW?7\\??{A+c]?BYp????????8Ug????Y?-??\r\\#??J?????n??FCAR?!??V? ?lt??j??8??s?m','e0378970ac046a9b0a93a1e9aac95fbd'),(76,'2015-11-03 04:35:10',7,'AdmPeople',8,'x?=?O1Ư\"?2?\\A???Z+?`???r&D2????|bկߟ_??xa9frE?TF???1??&?N?\'??J^~+7?4?O??Ư`?r??R?z??uAF] ?????A?~??S????Sz?&S8?P?^?=???R????????I?????????+n?','8ad6207c1a5c5c0934de444d280f1684'),(77,'2015-11-03 04:35:16',7,'AdmPeople',8,'x?M?A\n?E?Rr?j??[5S???vQ.u-x??*Z??F??(?f?????ƴ?\'!#1?#?9\"?L????͐?I?%\r?$R9o?_l?7??o??ŵ???WX??8?ܐD?R?e?$Z$??[??'?H4??xT?Y¨mf?ZF???21R??x`HmT???????H','7609938b43ce7c503303f2e76a28d544'),(78,'2015-11-03 04:36:04',8,'AdmPeople',8,'x?=?M\n???\"s????B[u6&4q%u??ޠ?B??+Ln???_2S???Ve?Sa?L??B?7?????7=>?????\r?ֺm??????????\Z`n?>?c??4???%???d??S??\0??E?z?T?@AH??*???~(?TV6?d??=f?','b16ad90a7e78444224d00d6e31f3e053'),(79,'2015-11-03 04:36:10',8,'AdmPeople',8,'x?M?M\n???\"s????Dl?LH?u??ޠ?B??+Ln??\"Y??Ǜ1p?EP%v??????j?۪Wa??0U:f??NTӝ\ZzЋ.Tw?O~<ٯ?Y6?s ?f??P%gK;?r??[???6?++7???\0f*絉=?? ???]hK','a5d4c6d517456a54b442e7287c18dfbe'),(80,'2015-11-03 04:36:53',9,'AdmPeople',8,'x?=?A\n?E?\"9Ak+???B[5g???@oP?BQ?dnd?7???Gf?)?NlU?9?ƙ?aI\n???r?~?j3?7???p?凫?????he?oǁ n???$??s?;?]\"?YT?-?????	???)?9??SK?R<?Jmu???J????̲?\rd?,'487e2d8b390e842a6af121cea7e2cac2'),(81,'2015-11-03 04:37:19',10,'AdmPeople',8,'x?-?A\n?E?\"s???X?w?n\"?j6&4q%?\n?r?/ E(D??Fδ????7??Ǹu8B?YNu??w? ,?q?M?p???Е?3??j????5΋?#^?ӗ?p??^ԆC8ʛRE???^??DL?????W?{J??,f??ިzjY????9?\'?2?2??1??m%]?','d08b513247c77c29185b8227ef91e62b'),(82,'2015-11-03 04:38:05',11,'AdmPeople',8,'x?-?[\n?E?\"?k}N??Dl???/|?௸wPł?Lv?#d??2?/,w?\\?e?R???X????V?I?R?????????p?~#O)\0r?????????:@p?[?G?^??@?CS@u??	?bJ3;ʕqJ??3??aR?6?????J)?5?I?*?????3?8?_f????d?$2u','485e4bdacc673880a52bfb574bf865d4'),(83,'2015-11-03 04:45:07',12,'AdmPeople',8,'x?-??r??W?<A???\n?r!QN?.H?\0&DEigp6?8??{O????F0UY梀L`?iL?BS?\"Ѕ????[zSM?;|k???%;d?Ԧ????;r?q\'??	?szrc?ۊR/*????^\n?1B?տ,?2t?Ŭ?)?C?w?*?U?׹=????4??Y???j','3ee4af77244a7756221d75363959dd61'),(84,'2015-11-03 04:45:41',12,'AdmPeople',8,'x?M??\r?@E[!S??D?1FP??`=/^??h^?\0?F\"B\r???M<????yě?&Ӹ~??i?굙t???w?d?i]ő8!?\i???L8?ܐ{??????9z??\"ߨ%???N??ڶ?S?Kg?P?????l??P7;?I?|??l?*c?^???2?????%l???^??\0?k?,'79bce714d07661461837be75641f4cb0'),(85,'2015-11-03 04:46:11',13,'AdmPeople',8,'x?-?QN1?????Tg??aW????????>\Z?HP\\?1e}??~??-??Ŷi&????\nl??#M?&|???V8???7?	{y????D??Y^?Rv\\1yb?f??O?S??W??愭???줓UF˒?n´?>Z??+??:?????mOY.?vCej?i??[??'}?v????w???w?','bd396396e643a013581bbf98ef3daf6e'),(86,'2015-11-03 04:46:48',14,'AdmPeople',8,'x?-?A\n?E?R??mQ?w?nEl?Lh????y	??H?\n?9I݄????f?8ƍ??i??c?0X?]ݞ,??>t\'э?t??.??\r?\'u!ӑ?m.+???iΠ3???#?\"???-???A?j=k?2B??#?m?6R?=c??_??I??3?"ɠO-\Z?Ve?=??R\Z>sRl?s?','99891968bcdf147b366bb8c372f5841f'),(87,'2015-11-03 04:47:21',15,'AdmPeople',8,'x?-?[\n?E?Rf????\"?j~Lh???܀+(b???0ّ?F?ssr??0?\Z{??Td????H??"Ѕjz??s?2?3=??[???:QI7O2Ñ{?PR7F1?N,?ٝ=2x솾?8?ғj??[??!B??!?r?B?Ah#?k???????}?????i!*?9ۣ?Lͤ???W?L','cebc25dd8fe73d26e643f146ec9032d1'),(88,'2015-11-03 04:47:59',16,'AdmPeople',8,'x?-?M?0F?B? ?:?+#???֕1M?ε0???Lo?????;??5L?? %\ZC????)?Й*zRc??5Tytu?=:q??Kf\Z??}????ڸ?Yt?/???????\0!????t#??B??|>[???A??Ѕ ???r????Si?_???fi?','b4b47aeb98465afe99752fe153b8f281'),(89,'2015-11-03 04:48:27',17,'AdmPeople',8,'x?-?A\n?E?\"s??Z?w?n\"?j6&4q%?v?W@p?B?X?0??????????q?1A0eQLE??8?!,?V????\'>5?z@Wj홞N^?s?=u?y?AIm???їG.?Rc?rY\"䅞?B!?ⶻb??Tn????%0L?;9x&??n??L??0???7?d???d?,'1b22b8310aa1aeeaecacf56d937529b5'),(90,'2015-11-03 05:12:08',24,'ContentTexts',8,'x?m??N??w$?򐍚?![,???8qDCL?bhXy?H???BE??=??sd?C???"?d\0?tp?a^W???9??{#e!Wl?0???W????????=H??oo??$|???ݛάݥ???#`?7k?\ZM?n=Z\nr7?{?m?^?l???m?R4!???je?YR?HQ??_^\\].?Uތ??"?i?S\'???	be??'?\"?|??~4??9??D??h,ݍtG? y?b???,'6e477e7dde7b8c16e6d83174fb8cfc19'),(91,'2015-11-03 05:13:19',25,'ContentTexts',8,'x?K?2??.?2?R?Q?3?LA+???҂x?????1?6?R*???5?R?0??[.l??O?Å\r??9?A?@??%`?VJj9%?j???بpa΅%??????\\py??뼤?k?@F?BFQj??Zai>PEYfJj?~niNIfv&Dlϔ[/6]l????(??3\rb??u-\0_gj?','a99302e61fd99402ead8fa3508deb1c5'),(92,'2015-11-03 05:13:51',24,'ContentTexts',8,'x?m??N??w$?????s?N??8?\ZVFF^#R<??F??h???2?~???a?@2??8???܌?CϾ?2?+6h!??ü??Z?џzcu??a?Ң?7?>w2I??k?Rw@?	?k?\ZM?vZrՂ{???^?t?7e???1BJ???&b??,??2?????Z^???\r?)yZт????$?Ċ?%??<?|????r?g\\N???h,ݎtK? y?f:??','ab0eab6b1f492697546dcc462994e2f2'),(93,'2015-11-03 05:14:03',24,'ContentTexts',8,'x?m??N??w$???T?*6X?? \'q√?? ??22?Z?*??\"NBE??=??sd?C?Xc?"?d\0?t??0??^??????Pk6h??7?l>????????????xkE??1????ݸK??G??nl?h4?A:????%???\nxŲ?w۔}?R??i?ge???͒R MU??u~y?:˴?\r?EVQ?@]%???	b\"f)?t?*>YO??rV?\MrE??h,ݍtG? y?f:??','2f1bfe19c13af689fcdd7b49dc5917a6'),(94,'2015-11-03 05:14:18',24,'ContentTexts',8,'x?m??N??w$?򐭍ڦ???a`ĉ?&?I.?\n1?????F?\n??\'iE??}w??3??	?!??zVL???-<?????]??̫?2of?w?S????V??S???81P???fc?Ro?ޟ?Q?k?c=nk:???????K?P???0$r͜?2?????nUU?UVB?~??n?W?31????_GU?h\r?-2????w?BY????XP??<??? ???Q.cq`?y???x???U2?/?IG?\':<\Z?Oûm?cɎ??%L_??p?x','92346d5493722cefb95857aa853f5d1e'),(95,'2015-11-05 06:09:27',4,'ContentTexts',8,'x??U?W???8?J%?f?>Z`m-??7?U	cZR%???Q?@\"?\\?6???>I??s????gfv????????????)5???)??T?k?c?/z??\Z??va????w)?4?E?}cg???H?\?̅Q?6W?J???UQ?h?:??vT??n??l?<???r???(G&DI]oM???5䶂?????a??s?\?X\\)????Z?????S(??[Xu?\'?w?*6?FW??nD????u3?V6??͹???t???o墺?%?-E??O#\Z?H} ???????K????7t??0??z?R??y?@?????$aL?w?#F??\nS_?h?_p)E?0??9\'M?r?9?D??c???[??,??Ss?V???t?v?<?\r]?>ܬ?0\r\rT?O?ήw$?+??B??????.R?M?mQO??ʼN?sF\' ??\nQ	7Ʃ??)?tS??	?\n?8?????,??">???l?}2u`n??^??O??)??rcB???צD??~.???$Cs?\\C?<\\??4A?)yʏ?X??@8>?Z?L7?f?/d?*E???Lq??&yE??3?2??hFT?)	\Zݱj??????????^M?:?y?_?=>q?Q?q???T/?*4\'??	?6?jBԱ? ^?̗? \'d?ЉY?T?3T¬|???shU21??/,?@?:?þ?$>͉iO=?l??Ƈ;???~?2??????mΛ%fn??w?1tݞ ?[ą?\\XĖ???7??ӈ+N	????^?}??rEǠ:iXbй??Z??????\r?9??%?Ig?\v?ƛ???پ???<}??7?????i6V????o???g?\0??^?,'83d29285d30af11d8914bb84722988ce'),(96,'2015-11-05 06:09:41',4,'ContentTexts',8,'x??U?????8?j%?IL???p??Y?tU??e?]m????j??b??Đ%??W?'?s?CP.?b{f<?w?{n?.r7l媑[rse?V?\???????????}?w`??tKQ?i?;??G???e???[Y^ssa\\m?(>????U????q?~?????C|?[W??E???(???F?6???ϋ??M?x6ޚ??v???+Խ0??R?R(U*kou?VY?????ե?b?\\??%????????6/?o?\Zl???֬u??Y???s!???^??~Q?+?J??4?!]?[????G<\'??`@$u?J??Q???3?]?]=J?O???p>J?$L??uň?a\ZH?.???S.???K<\\q?)g??T??-p?????R1?d??o?Q\r=t_??t?v???\r]???.0?T?U_?ή%?\'??B????1???3?-<??/P?eQ?Թ?s?A=?????ah???ܔƊ??8???z/[?"????f}2u`n???m?X?EYK??5?C????$\n?s?f???0J2D1\'?????????4%/?u~`? ?A-?E?	gs\"d?*E??????)yE???g?????9Q٤?h?????;wr??\n,?L?v????}?h???\'Qc???R]???М???ڈ??Q\'??@x?q?|\n?B???Q?8G%??tz????E?2???E?T????t???b:3????#??N???8?????????E?x?????f????c=Fw,?q!?m?[?-\ZE??g?HO=???٢P?,????e,??????\r?Y???$?Igwlv>???/3}????y?=7_???bӫ??l??JT?????????mY','e9c4d42806a6185120c97289806ee7db'),(97,'2015-11-05 06:09:51',4,'ContentTexts',8,'x??U?\Zg????ą?&??m????a????u??d?[?J?I?*͏?\Zk?ׯ0??zf??V???~ffgΜ93?%???m????t삝)??4???j.???	??w??#?????\"}@??>??!?H?f???A???*??m???:߬|??*;???m??=???;[??N?????N????Z??o?m?Y???v?v?$Ѷr??fjj{???I&Q??]5?ܮ[?\?}???+??B??Yv6???v=?/7?Ս|?Tw?V?mYk?\'[?\Z&??7??j??1Y?Mc?[b^??9??????\"e?^*??(???????	]?}?S????\"i??]?wH!O\n񧺇_#v\r)R?<]!x\n_?(T?0?S??4#??i,y4?a????s.???F?PY????<o????e?${?V????????S?t4Qt%h????4????b?v} Cq^??\'ŏ????`/??o?F?-PVpJ?:4T???1N\rn?"Mw?0?????z?p\ZEb?Y?'3u?ͤO??`ެ?????(? ?I??v?&?Q(??\n???t?????g?Pk׿*??<??܈E?@8>?Z?7???X???aη?6???$?&#??????%QɦDh??????]???~?s~??ݳ}?`???G۝֒????v-U?9?\r? ?)oS??\0???<9!??N?KD?D%?tr??????ռ?}?E?Qq??a_???/<?l???Ƈ;?i?qr??krk?6??ĩ6W?fn?\'w?1ݑ ?%[ą?\\X?<n?o?\Z+??3?? Dz\Zb_y?????MA\r???`p?;??<3?j?C?????\'?:	???,??w???f;/!???<~C=?_ǽ???E?Q?\n????,S???zyH','eb590014b7f110d39b7a6b8932afd66e'),(98,'2015-11-05 06:11:05',4,'ContentTexts',8,'x???\ZW???8?j%??Q??Â7]\n?VU??N?(???Q~Z9???_a????Y?U?T?Uo?gfv??3?E盶c;??)????)?d?^skf.???~x?l????X?????;????X????Y	?s????߭?J?_?|??????m???}ﱂ;[\Zn?\r?Z???v?x&?귛????Q???v??$юr????;???L?4w?b?]?껹?^k??ϕr?Ri??l????e??ʆek^??-{?????n??Ax3?c?\Z?????????ۘs)I9??O??sw?????গ??\r)?????F4?1]B?P/???=??\"???]?wH?񧺋?!?+???<?/?)I???i??4?<}??0???s.??c}??r?Q=n??y????QRu?3ezG?J`́禢??+A3???L?*???ή$` ??L??????R??vi(PZeU??sAg ?\nQ1Ʃ?MrC?E\'L0?4U????b?F????L?3???sSX?7?&o?~ei?-M???v$\n?-?b?????g?Pk\Z?N?#29???Y5!?j1?$1?7??B?s??7)}$y/$??0m1x?Q???-?J\'%F?F-׼?5?ݥ?;?g`?':1?-???{???7??]?????ǐڄ??QG??@xY??eB\'ɨ?\"\\?f??ܱ??F%S?L5?O?@}?Ur???t??k?bz??Ǣ#??????8?????N??do??	?W?!fn??{?1ݑ ??S?a?0?ݤ??5Q???|??i?y?;?[t????\0???ڡ??U}n:P?ܠ?I??f???Tv?a?`??????鼄<??????~U?Ԫ0\n?)?6?\"??????e???b?','c964444fdf0907d13b71082260825802'),(99,'2015-11-05 06:11:19',4,'ContentTexts',8,'x??U?\Zg????ą?&??m????a????u??d?[?J?I?*͏?\Zk?ׯ0??zf??V???~ffgΜ93?%???m????t삝)??4???j.???	??w??#?????\"}@??>??!?H?f???A???*??m???:߬|??*;???m??=???;[??N?????N????Z??o?m?Y???v?v?$Ѷr??fjj{???I&Q??]5?ܮ[?\?}???+??B??Yv6???v=?/7?Ս|?Tw?V?mYk?\'[?\Z&??7??j??1Y?Mc?[b^??9??????\"e?^*??(???????	]?}?S????\"i??]?wH!O\n񧺇_#v\r)R?<]!x\n_?(T?0?S??4#??i,y4?a????s.???F?PY????<o????e?${?V????????S?t4Qt%h????4????b?v} Cq^??\'ŏ????`/??o?F?-PVpJ?:4T???1N\rn?"Mw?0?????z?p\ZEb?Y?'3u?ͤO??`ެ?????(? ?I??v?&?Q(??\n???t?????g?Pk׿*??<??܈E?@8>?Z?7???X???aη?6???$?&#??????%QɦDh??????]???~?s~??ݳ}?`???G۝֒????v-U?9?\r? ?)oS??\0???<9!??N?KD?D%?tr??????ռ?}?E?Qq??a_???/<?l???Ƈ;?i?qr??krk?6??ĩ6W?fn?\'w?1ݑ ?%[ą?\\X?<n?o?\Z+??3?? Dz\Zb_y?????MA\r???`p?;??<3?j?C?????\'?:	???,??w???f;/!???<~C=?_ǽ???E?Q?\n????,S???zyH','eb590014b7f110d39b7a6b8932afd66e'),(100,'2015-11-05 06:11:28',4,'ContentTexts',8,'x??U?\ZW???8?j%`?\r^??ְ?ׁ??VU??N?(???TU?9???_a????Y?U??fff??7??]?l?x?L%?v????i??{???y??v&??gF?]w???ƺ??}???D??$????????V\Za??݆??N|??^3?<?;N?m??=???;[??N?????? ?]_??j?V???]??I?????93???j3??\0?(??\ZCn׭yN?????r?\?\\?;??y??]?k??j)?/???f??????[\r??Û?{?pǘ?¦?-5oXƜKI?]_~q͜?۪<?Z??RY\0?hH1?tWѯ4?)????Ф???}?(I}E???C??????<\r??X?t??|?INaP_?H?	??????9?????KN\Z?e?8?D?x?0??????FIվr*?????EcEW?f7+?L?*?(?g?0??R??^?W)v?^?4(m????Sι?3?A?????9??鎢&pc?*z/P?1\nN?????2S7???????F?????4b??&a7h?;??S??T1??d?b??ٳ[?5???\'??yΟ?'X!?\Z?p|\n???n??Лc!??R?9_???>???WT??<?}?????D??????k??????g?+??????ww???;??,?k?\nͱLp?Mx?:u$??????nYF!t??Z*?*aV???;?ިd*b????\\(???Jι???qMVLo?d?t?0^ܑ>?ս\'???!??v??>>?A<?j2??t???;???? ???[??&??ӔO\\\"5\r0?<|ǼWe???Ӱ???;??<3??????ɲ???H:	?????w??f:/!???<?C=?_\'????????H????>GY???????,'b82906b834443dd1e698f47a165cb0e9'),(101,'2015-11-05 06:11:40',4,'ContentTexts',8,'x??U?Q?7?NzA4??]\n?6>Y`[j??cB)?FC??\r???Ҳ?W??f?Rb?Ao?33;?7???l?I-?????Y??????????DP|?;0?']כ?r???/??3?@? qs????e??Gy???}?V?=u?zP?SK???d??({????I?&DI]oM???ּ???*????2?\\*?????bnae??Ngf?????vf???~?x??d??~p>??J?jMNf?ZW?ri5?t?kNŽ????\Zv???K??7?S?)?D]?????S?n[?9????`@$???c?6)d????W?\"???????B%	C:??M-1\"?????E}?\Z?):??N8i?7?3?w???[??I\'?죒?}?h?????G????SAӅ???????ꈹ??????_???????^PQ?uJU?L+?:?2??qc?\Zܘ\"M?????ў@=???8??o??ⓙ:??'S??o??ҙq???aA;G?Z?(???8a?d?b?٫?????#D??G?8???7????????1a6?桡R?9???ޒ?ǒWT?<?s??EG?????U??\rww??2|,??}{T?k??n޺????=????G?Z???Q?r?@x3_????IB\'f?NP	??/??U??[?ڔ??PD=e?\\r?J7Y??4\'?9???\':B?o???????[???w[??G8X?9m??????ft[?po?af?_{????8&Dzjc_y??????j??@몷?#kyhoU??;????{?K:	???,?Z????}???E?>7o???bӫ~i6T??*???7?e????h|','a2395f9b579cde2bdd597aae417b0f80'),(102,'2015-11-05 06:11:57',4,'ContentTexts',8,'x??UmO[?n?8??	???l?!lK?"?]?L(?\Z{??/1\n\Z??KۅJ????9[Jn???K?;3g??3??Y??e-U??97???M?k??????TX	??;0?????????~?3?@?I(q??	?u??Oe??V?^?;??X?WO?{?t??????R???/?&D???o????[`Ywr??j\r?\r???????\\???\nKoq?TXZ[)e???Ź?l6_??9\'??g?,߹W-?^^L????[??[???R^O\"?ǚ3I?!??s>??j?J?:?o?p??SO7?C=\ZR?NA9??m????(ImE??m??=????벫C??t??|?Ia?[?H???????9????SN\Z??r??j1??????e??AIՁr??G?J`w?????3AӃ?u?????늹???t??_??????.^P?k???&Pfp?\'t2??sa?\ZܘK?n(:`?7???}?zg?Qp\ZE_b?Y?3u?ͤN??raޜ??-ds?(kH#:I?h?v?&??!Q?P?h??Q?q%Cs?]B?m<\\??i?Hs??X?\Z?p|??n\\bL???yd?a???9??w$?&-?J????)Qɤ?t˪???;ur?????s??w?l??\i7}c?ΟKUh?e?cHm????#?@ ?L?wAV?\n?3j????Y?DW?gߪd(b???m?\X(???2?\\?J?X??5+?5q??/:B/???????ːKk??{[??#,?Gڜ5C??L?c??A8L??/?a???_g???MC?qB??????^?-:??+??uOmW???67(?nP??? ?H*?d???0^M??Ev:O!?????^_??M??o????/?R9g?|?(K????','86c039403face599b1e9374f556996c0'),(103,'2015-11-05 06:14:42',4,'ContentTexts',8,'x??U?Q?7?NzA4??]\n?6>Y`[j??cB)?FC??\r???Ҳ?W??f?Rb?Ao?33;?7???l?I-?????Y??????????DP|?;0?']כ?r???/??3?@? qs????e??Gy???}?V?=u?zP?SK???d??({????I?&DI]oM???ּ???*????2?\\*?????bnae??Ngf?????vf???~?x??d??~p>??J?jMNf?ZW?ri5?t?kNŽ????\Zv???K??7?S?)?D]?????S?n[?9????`@$???c?6)d????W?\"???????B%	C:??M-1\"?????E}?\Z?):??N8i?7?3?w???[??I\'?죒?}?h?????G????SAӅ???????ꈹ??????_???????^PQ?uJU?L+?:?2??qc?\Zܘ\"M?????ў@=???8??o??ⓙ:??'S??o??ҙq???aA;G?Z?(???8a?d?b?٫?????#D??G?8???7????????1a6?桡R?9???ޒ?ǒWT?<?s??EG?????U??\rww??2|,??}{T?k??n޺????=????G?Z???Q?r?@x3_????IB\'f?NP	??/??U??[?ڔ??PD=e?\\r?J7Y??4\'?9???\':B?o???????[???w[??G8X?9m??????ft[?po?af?_{????8&Dzjc_y??????j??@몷?#kyhoU??;????{?K:	???,?Z????}???E?>7o???bӫ~i6T??*???7?e????h|','a2395f9b579cde2bdd597aae417b0f80'),(104,'2015-11-05 06:15:05',4,'ContentTexts',8,'x??U?g?????????y?؋?	?wi??JӒ*Q?jE?iE?kc{??fy??^!O???Z??\ ???Μ9sf??Ώ?c;9????N?????????ļ?+N.??6????%z?????}??,\"?\ZI\\?srATi,ԣ\n???\Z?ax??Ty.m?????OR?\n???35?l6??????u???F?rw??????2?I$?M?,w?j?m???^s/_ȗ?y??6???M?,???%?nzU{?????{\Zu??r?????h˘???ny?-3???????sE??ݨ<?????NQ?\Z趢?@c\Z????`*]???E?`@$u?I?P̓C??n??]=J?O??s>??$???uň??`\ZH?.???.???s??उ>Pv??T??[8?_)?`-!?%].ȩ?:Q?o\n?????.?0n?`?F)Tb_?ή?%?\'??\\??????.3?-?mS_?4ʢN?sN? ?z\nQ	7Ʃ?MZ??関c&p\Z+?(P?0\nN?????L]g3듩scX?7?:o?Vae-D/kC®???$\n?3??v1?0J2D1??\rԚ???JSD?%?q~7c??O??Ӎ\"?	?92OS*E??????.yE?و?3?2????NT?)	\Z?j??????????ӱ9???پ?w??7Ku??Bs\"?@j#ަD?\0??y\nrB??????p?J???t|?>\Z??E??ռ??E?Ti??a_?????l??Ƈ;??????W2?Z???-?#,?\'?\L???????ct??p?m?a??????~7???驇}?;?Wt???%F\0ݻ???婹U]:P?ܠ?I??d???tv?a?`???ߧ????<?e??r??U???5\n?(?&?bU?W??7?e???\0i?}{','b9571361add50dfc8072a3a76e613942'),(105,'2015-11-06 06:26:14',116,'Modules',6,'x?m?M?0F?b???f??W \rm?	??2&????ĸ D=?FN?????/#p?\'???\\#?~?Dht?)???j;{???;??B???\r4җ?KM[g??B???"??e?Cp?겭?B?????Y?"{q????)B8j)Wk??C?J?=ۦ??IȘ???\"??>?\0??pV','9a7d7bbe336609c1814014075886e6ba'),(106,'2015-11-06 06:26:26',116,'Modules',6,'x?m?]\n?@F?wjir?[q?\Z?G?\"??????$?5?Qw??z:???L?!?zJ@?q?ກ5?QM&??\\????Ofo:\Z?\\i??t???????3kk?D?-??a??p?ۺl??H????6Ѝ??9????SBH?V?A?P?Z5j?M??k^?6?q??Rk?6??p?','2efd1b1c38d89968aeced0ac99677a67'),(107,'2015-11-06 06:48:18',117,'Modules',6,'x?-?A?0E?b??8?+Bm?PX??x.Q???S`??L?????????8\"4?ɥ??^??????&\Z?[?RQTRWKjǥ?.????\\?ʴXnB׼?N??????Cd????F?.J?\n???*mT???`?-?hs??Y&????\0?c8','d7dec8d5fff4c2cffb40604e8b45e175'),(108,'2015-11-06 06:49:01',118,'Modules',6,'x?5?M????????+HH??d??Q??K?^AQ?jn???EU??r?I?4??\n?S????\Z0?m??	?\Z??z??b?p?o<p??>?c??\n?|Z?????bW???bjlr??)??E<o6?ńj???\\?`?^ߊ>?????\"??????i?07i????x???o?','b4fd6a60ebd8804fd55453a763540f82'),(109,'2015-11-06 06:58:26',5,'News',10,'x??X?W???8?????lXޡ?P?Q?(?RU	?$?%??TI?DU{c{??W8?F???ǰ!?E?wv?73??P????tws??i? ?փR?R]^??-?L?\Z??%(n??̊???؆v7m?m?>2??ٙ=7v??Q|j?^?>?]y꓾??w?6­I|?????e????ٞ????؈b3???Q??l\\\rJ;;?w??q˾????})/???????ׁ#bo3>?8?]c_?H?h?9?lj??\"?/8???eU~ݺ??wk??,ou?Q?\?@????t&2?H??!?????\Z??c?ꩊb̻tAn?\n0????\3??uGq?,ª^???ȩI?L\Z??8\0?\0??P$qf??L??!ng??΅?z?ׇ6??\r?RD???O?H?x??~㛇?????3?eBRA?i	?m?OD????a?\Z̲q???	?J??y?????HةA?0??\'\r?????Pa)L?Ec߉#)?V?o?hN???H\n<???Q,=q????s??OE,*H???ꕘ5?t?9?BuÏ?"g??g<s?\rczΧt??????????O~????3?[??y??3K0?&??\r?4p&?ɟ???t?օk??$CΆ+q??????y쵐?^?C㔸??OOQt??X?PI$?Ғ???????2??R??Ǒ??/F6??}????ʇH?n??`i}??)\0oi0??L6??3\0?????\0C.????n>$?}?]???zS܄?gN?F?VOs?̰8?LJ?????`?ӑ4S?i????U???m)?7???7|?2)?l?!?%?S\0?q)????&S?͌C??C?d?ҵ-?d??z#?q????Z??\'?'?)i{??A???0?? ?lAFz????;O?3r??K????b?\*\"?2	?FJ)?xľ?????ano?XwN>#?¾*\0??J?ϊL?;????&??kP???W???a??????K??s?`?N????s???Kգ?gl9G8? ?ߥ?t??#&Y????#ʴh?7\Z??Ł=N?Gr$;???9}??\\?A?N|W??>ԡ???I4?????\n?a)K??S??ȦRLjg???1?3d????񰻳Ձg????iY??????.?II?b.7?n?AGF????Ҿ~rN=O7?????\"???V\r-؜ӑ?|?????SMR?&?5y??^_\0?Q??,i??O[u?b?????V?j?w?{\n?^????k?p]????<׊=??mY?Kw???RL?? -..M???LE??jq??h?X?!1?r?-1?#Z?~5.???̪???? a:????n??Ė??o?,\rJ????$%????+???+`ʅ?t??7\nVq?88??r??Y?\r/?}QjXb#`???\'???7???{??N??^Z^?c?\ZՅFma?q?V?\'?F?RP??U%(???Z?V?WW\Z???}q??To,??j?UHՃ???????ܨ?m???Vܷ??[?N??[????/??n??ƶ??b???\0j)ݢ','febd97c736f2a989aedcabf12a49b1b3'),(110,'2015-11-06 06:59:56',5,'News',10,'x??X]O[G}????????lc??\n%?R????J?!-)N??J\"%??????{?Q????~=??????93?????Qi????r??????u??h??x{??F???kSw??B?T^]*?/U????`M?=??z?Q?j+9?}?pc{?,????????}a\'6??{vf?ё??????O??S;1??ё??@???;?!??????z%???>?;??~=????=(?"0?M=???ޣ?T?.F?8mpB???\'?AE?S??`????F.?P????Q??h???h*????\n8?ߴ?\\?˷;;????V?,o????B????4&4???q???\'05?>??e5P???i?l\n0?	??\7??qGQ?(?U?????ȭtI?\n*]??\0?\0??P$1f??!ꦝN7.?\'?u?ovm,S?\\\Z|????ߧ?Ğ??????????}u?v???n鄐Ph:?j?>?ަ?}?ǔvؑ:?h\\x???R??+r??m?r,\n?vf2?;???????02?+PXr??wr???k+???T??i*D$?|??x,?1????;??NE,?9???Qk????गrō>ʊ??ł1????9??:??????B,?E!???vl5!???E?p\Z??W??҅S9?Q>?S??\\??K?$|{???\n?&\">?{???\"G\'\\?C⌸%?KO?t?˱? ?H???%>y/?w\r1D??˥???+U??lkj????ѣG?q aӨ???\r?\0???v?3?`????rp?Lc?????HvE?d?%?jM~??9?\rZ?<) ????3)?k?ʃ?JG?x`??8/5gHש???????	???????$?X?K?%???.#?\\#	?*J7????V??'⌡?5/5+???O\0S???o????=A??u??Sg?;K?sr??????b?*\"?gbJ\r?R?????ۨy?^C??|F???C\0??t;??ğ7:MyEʫ???+?4?!\'z??+g,?M???<??O??a??\'׎.?0??\"?<?Βs?[rb?]bJ??b?f?`?(???L?Vv9?z?qB??#Y!?%???)?\r[8?W??mZQa ?\Z{?o\\??????$???,*??vFY=>?#9?&?????;Kx&?????Ix??ri]?R???bc??^?9?(??W??wΉ?`?????k[?l?????}:?Ӄ?\?????j??-B/\\??՛???n?%\\ \r????yl\"v????2?B??tN?????Pwq<s\r?????J?????*s?7?L?????Å?(????(n?-cvZOፁoKS?J?A?}??\n4?&??q?ƒ{?W??Ƿ	?Й???&??@lɈ?V?Р4???`?R\nI??7?????\n?r ?-=?ⵜQ\\?????G??EZ????!6V?^?Cx???k???ݕՕ{f?V^?U????Erc????ks??R?P--W+??Z^??֋k?zi?Z[?W????y??6w?F??????,'319693503b7fbb22cff4d854def48130'),(111,'2015-11-06 07:02:02',5,'News',10,'x??X?[G???X?%?1?7?o?????`D??6IH??TI?DU{c|?/?????1????޳gv曙of\\srY?}\'?Z?꾓sR%|?:?ͽ???v?\'??W???vR?l???][ί?\\??\"i۵??\'??&Vt???]k??Ys??=䣹}??D?z?O???R??빾Pz????\'J_k??z????wg????J_?I????}?????l?洊?m?覞??????g?W??\Z?N????????jҿ!}????	?S?\'??+?$ݙV?l9???M???]??U??U??V??\'??D?̶h?x??\"????.?L@\r?/?cZ]??d?lm?0??1????r??K?n??xڙ???	P?[?}E+?4d,:d\0P??\Z ?1s?8?n????????\rdһ?K???a?}?Q???n?a??fU??K;\n?QD?hBP(4B????u?F?)ۡG??2??H?????]?s??)O??0n??????du?`??.W`I????{??aX?S?uɊ?=???????x?????b?S??ι????Ԛ??8???dE?d??????#ا????|_\\???*? K~?;?g??px??0???i?p\Z???5????H?S?.?֕uk?=CL?~??\'\">?{?c??\"?\'???????,=E?6??5\0????Z???!??7?????H??mIm?9???-z??????????\0?e????#΅=C?ۥ?"?	P??y?3n?d???V?Xr%??ۙS?????±}?89??B?????1i?<0??8?$g?nR?eKHϻ?C??ak0?d?&??~?d\\?	X?0???ġ?K?!A\"E???U\\??ᓉ8f(e????????b׷A?S??,Azф??&?Sc?;N?s?ӗӻ?P??BTĬ?	(?J!???\\?/?v?<?j0?Ր??`>c???\0??t8?32??kt?.???U+?#?AV2?????v?X8clF?ب???,?r0?~?״??????np,???s??	??64??a1?2??H??Q?IK?<?z\\㈾`??n)-y?nJ?$?V܂?A\'??^?Iӊ\nI??7?????c\n?T??%*W???J2??????#9]??XF????\?3????????֥/?JA\r?^b!6ff?????\"?Kz?}{?Z&???*????.?%k5???s??\0??f?????p`j?`?+<+\\?J`???m?)L \rXWi;?؄???ĚU.?,??9@g0????xn\Z\\㣅??/?b?s?/\ns?7?SL????Ń?	R?&????-D????\no\\ڶ4B????hٗ)1?@c?v4N?θ???w??r??A?V???? ?pD?V??4????RI??ב??m|	Ly ?-=?╄Q???????}?ER????!?V?^q???d?W??\,?S}RQ?\n?}U????}?"?1Q?Ɨ{???[?t?z?Vu??uVV3??????s{????????>?7>/>?l]N??Fk˼Z̗?V????ۅRV?\"ri\\/?f?ɫ??*g3?9?/????Tάf?q5??_͙???\Z??T?????H','acb884c9309c6190301d7a5a024eef6c'),(112,'2015-11-06 07:02:44',5,'News',10,'x??X?W???8?JU??????r?W1?`D??6IIK\ni?TI?DU{????ξQ??{v??E?w??3??s?{N??62?\'?J???6w[?;???W?d??]ޖ?L!?/.?k*?wJ?/?fm???\'??????׬5?\rÜ!m7ڏ?4_?_?????????J???s?=?K_?=Q?Z?Cݣ/?ҧs8;????Gx????l??ߞ??}?\'L6f2?????]??Z?Զ?[?????߀Z???????wɊxP??sa??E\'??????t???U?\\y	܋???S?????;????N?d<?xA?O??xvDS6f?ؾC?ݯ$?%7?k?>???BX????Pk???TٸQ???C=&}?"\Z?;#??Y?< ??l???'҃?dq?W???%?@????????\\\0+???p\"#@?D?樇<?_??-aG??9?~F?y<?}?ߪ?w?I??????҅|?????\'R?\r???l?I??0ų???'?q??p?~????Y?(????J\\?C?&H#??l]R?q?I??ũ?R\\?j???{Ęɬ?C?֛?΄???e?F??[1???JhL&s$Sٍ?N,Ȕ1?X?Y????+? ?ӓ?x?:??I??0?҄??&\\?&*.??????N?\n̯?T????Y??X?l???Q??Ȝ?zsI\0???ዓ??hAQ >?1????\Z???w??U?\"?\r?6Y?????6????SS??Sd\nd?>i????tZ?? -\"????.\Z?|z&?i?Ysn\"?????K?兼EE\0R?ȕ??9?\r??F?Ss???UUƸ+10?ތ????u+.?S?u&\'=DZ?Ћ?W??G<)\Z??Z?<x?#=??h??p?$\Z???b?[?ؾ?A????e?d???O???+?\'????????s????@=\"??W?0??????,??P>?jjLE????=?f???3???F?\?;F??&D???ȍ?燋@_\"x???Jj?3f2?վ0@?	 q>w?꣄?????le?ʜ{K?s?$7>?Tg?JƁ}?,ZEbV7?X?t/???1i????|??B?H2P??x?)u?.2?y???5HB?)\ZB???̛^???1u????ˆ?5.e.?*??`&??Ej???\r??S>f/6~??LeD!? ?*_??\'\0???{\Z?2!z??a???`?\n?\'O+ܱ?C???ϕ߰R{?L?2NdHJ??ln|\"4(iEGj:ē;6???g?ک\nD3??xy??\"??d?A?????l?Q(tONr???ĉS\Z?ͥ?:?+{G?,2??3sy\Z̑/^??????[!g?:??L/a-??g??Tɤc\"??t?-??h7?*-???????X??i?7?)??\\?D0h?/???\\?f0&?O????Y%?.#?ԡIr???????????\\b????????????\j\'????=Bʕ????<?qRI?????nk{?&?֑rҿ???ۂ!܈??O>C??\\????L?rWԃ??Gj??_???:???Z_??u????????V???/,=n??֗??z?}cy??\\o|V|?????{?-J?V?????WJ9y?q??r???9\'S?????/Urk?yi5?R?Wk?ռ???llԷ3Ն??~?H??','4f249fdd56fdae2cb4e4c525ad1636ba'),(113,'2015-11-06 07:08:50',6,'News',10,'x??XMoG?/????\'?\")????/,??r[?Wb`}D???$2??k.?\r|1l????R?/??ԫ?????d?????^???\r?V??q??OZ???y?\Z^?^??ݯU?????_?J?v??W??}?tm`C{MS???\'???f?qrNsqr?\\???ƺI??Erb???ہ?Ԇl?m???????&c^I??Z2k???!͇?Y?I?VDɩ??(9Kz4?A??*??F?}??5?t??v????:M????????YX?97???[???];??V?3????t?,???M?p\'9#?d?????????N???c?\\??ym섆?|???5?~bh?&?Wz????h7z5?nlm??????????L?\Z?I@???o?\\???N??|???????????y{XXHÌ7?P?O??N??\\@30j?)??Rv??o>??h?i???!3??????s???@\'\'9??ZzwbPp?+¹?2$e;=???\??V|?????c???o\'\r!?`???,b?!(?4???ؗ?Sa?5???l??Y????0?????:????#8?c???D^Zć?L@?)?}!?\r??\rf?J?\nb\ng??6\\)X?>54????0?p(?l??lϘk9\"?C?\n??Ř?8????y?t+???x??L?????TFd? iz?0?\'F?N?{?́?9b3??JC?V??RLd????-\0%??? ?????8??????`H?,XƘ|K?[@?f?Cz?\ZN%??Z?1Y=??\\!????(G^???P\0?"?8W?xO?1lL????Q?????p??05_?i)?f#e??,?Z???\0)bL??gٮʮ?d?8\"#??B?+sۭ??ݐ?c?w.????}s?Gi???q??JHX?#?x &O?1N??A???D\Z?6?*s?Ri?\0WX?F?׹\'/h?̖%bc??\" ??l?4! S?o?x?7?ۥ%?(W???pJ??:J????p 3H?8?????<;hK?is??O9?*?P]?G????????O?k?x㱔9?s:??P???sF??)??V`c?Ѓ?Ė?R?RƊ??p?'??Q?p6??z?B????, ?PM?7???8??^6p%lA?#H?-ڀn(ܐ?D=+h?ޞ?|ht?F0???ZT?e谕?1???n??Z:b?\'??M??˃???>j?????Љ??|?Z?憶?"????????#0??f???:sQ???c??D?k?-y????J?|D|̰???9?f??]|???\r9j?qO???\nѩ?(?л~?1?5??s;??2?C?e5%?x*[߈??????]]!??????#????/n0?/?\'T_qH?a???]????]γ?-<|?t?1?f7?2????r??(i??[t/m,Qv%?Q?P??	s?`??U4]C???t???\'?????Q?????\\Z?Ӏ??`ec?77D??s۠[?????$???9?9\03Z/3??>?4s)n?uZUXB???/0??nYX???Z?Y?v?j??fiD???}?c??\k??=??I?\nQ?z?z???????H?7???|???&??Z?\n?Z,3?ٖ?s<ri?w???V???@X?????N-??\\??]??Zh??????4??N??v\'?^???L?n)7̝?4?????R_?_?h?zh??`c?e?|u?\nk????++Ϟ=?<??=nU????v?6W???ڟ??z?<kov??յ???n???^]?ʃ?E6M?3?@?ꕶZ{?T??j????????P?5????Z???õ?#,kx???k??{U\Z?{??|^???sz{gc??????{G?K?????F?????\0?Id','29bc30c4c76f36870023ffa3b83c7cfd'),(114,'2015-11-06 07:09:22',6,'News',10,'x??Y????L???%?[BW??v?b????Q[?l)~ծU-?	?)??,?%K?????Ci??? 9?s???????;?y??2U????<??????]|{??,O-oת???(O?\nŹ??RIK?<?????\r׳??VqE?????1X0K??^?Hk????=?k?7ҁ??~????? ڏ?YD?w?~E??Q[_ғ?@t??*?ݧˑ?M8Ս???e٩?????ZKf?;?T??ȆG?ڬUVQ?Vё?? :?Z??坜*?y???xK%J??Fekz?Q????5?&bDWd???љҿS??`?vD??\n?Hh??)?,??/ٓ+ݙ??oU6?U?j}???VQ?:?Mh??@?h???Of?=?ǝX??o8?][????q&??T????:5Qv??9??-??[?6@??d;??qG.ƕ?ʔ??\r??=?\r??T????t?P?/jQ1K?O??[;??a ?3x???.?g?l???B??AP???m????\'???aH~?Y?N~?I??͊~Mv{?|.|??Y???{?:p???????4?#?R?Nq?1e?E;_??+?/鰕.?ܤ??/????tA??0x???F?[?%)??|?f\n-`K?q$??䴔Ԙ~D?1??`?Z.:T@??ThB?2?xq?	???[???A?Rr;(\'5???G?hj?\'Q???/t?`?@v??W????ڥ??Ģs?ڃ?K/?v????VI\0??	?l!d??^?m??8/,,oQ?@o2??8?1?1??A*aGZ??lqʇ?[e?d F??&?\"pz???Q??\\?4ĉ????K?J?[??T%o?i\"hO>???_?\nX?,*A???8??f??]??G? S??d?9?????r????8@?P?4???xOi??I5?Pj)?? B?i@?=? u?Dڧ?????z\0?.????q4??أҎ??x?\r	?d?????P??VtJ?6??E\\I~p?\Z?N??\\rĚ? {?5.BN??????I!\\\0?f???6?? ?a?+??;?a$ ?i??GQ4???C??9)?0?S?d?&̃(ڈ?????6???^Ru?KzԔ\\?:8QԬNӗ?G??ഁF???Q3?\\?,?~3??ɡ??-?h?xN?f??B$?z???M?xが[<?`?\"??{gY?????Y6?<?t?̳??t??+??\"?_?{M#?Y??'????y????$?P e%?3r??oxYǎ?rߜ\\??)}?0?O?-?g?=v?I/?\n\\????%i??i??c=[?w?,??]???FHמo}&??M??\0#?q?q?????_?-oM>???f3!J???\r?o??Q	z?W2??0???{?P?AƁ?nҸ?v[???????????f?&y?|???????bE???b?v?fvf?$????S???L??\'??l}#?????????&#??`)???1N&?????B	?e?K5c???o??m@7?????sb?R???????]???*?2=+?S{`?_,Z???Vp?spjY??2,,4?C???C?f\r?m??a)\'b??;?????ܔc??????Ơ??^a????5?(???OD,?R??˻r?;I ޚ\">󷇇&?İ?/3????^?;۷E?]??߬B??p?cܹ5??1=???Z??ʡ_??j)???1C?9?x;P5??TV???8??/2????x?\n/?D?B ???x??n\'???z?k?t?b?r?????D?B?L????w}8?Iode#? :????Ŝ??????????????(???4z????l?&q(?HH?t_\'|?s?/???]]????/?IC4*k??yffoo/?ts?????_?\?????????F??|+??}??f^?+͛?k??????/ȅ?F6??3?*??M?l\n???????Rq!7??_,???fK?s?%?????mc?R/*??B??','3a5bdf1ca01f3f4f4b447396383003ca'),(115,'2015-11-06 07:24:55',7,'News',10,'x??Y[OW~????Oؘ??U????K??VU%?CM?6UU)JӤ???x????3gw????> ?̙???+n????????j?^]͕w????-?????q֝-`}???gU???????*T??Q?ꇧj?(??a??6ե\n???}T5?zrCG}廎z??R;?0?E??<?????騶???S?p??M??\esskos?[.?^??	???Э?$倔??|?Cju??V?.i\r%I??t֣#?t?MR????q?y??m?p??zy{j?^V??????H????`?ɀ???8<W???{.I??e???˯??m|Z???m?h????K\r??9o???]???]&e????d????Nd????? +???[_?oc????L????ې??C\0G???É?p??$??L?7?v ??az?Ur?!y1Q]rQ?!PY?O9?ǎr?A???׎ꒄ???x??=q?|?\'/?[??%;???{?H?????.???\rO??????r????#?)ygR4???dz?pK?????8%ܒixW?K	?A0l??a????9?}???=ږ?ߎ!]???|???:?0-HN?8&?Ҳ??4????Q]? ???_?[?S^\"\rnڋ?*?]@??	?ud? $?,e??`??w??????2?????7?????\0???qx?b?[?\Z??c????ȠQ?;??Q???\'܀ːZ??\\??A?h\0?i?\'y?9?;?b?_?g?Y??ns$6?\Z???M?? ???89?Y?R??r?T??J?(ݯ ??5>??9l?-??\'7?~???o??3?d?E?{?*???5V??XJH\Z???L`>RA??^?T?q?f!??gJ??M?9sC?3l\0U,~JNQn(9?????$DN???s?KbSRa?&B?eUs?r??H-?	??nFڜ?7l??yV?S`?xҜ\Z??z2?]??K.#v?#;\\?{??ԭ?:lJ?uf????&\\?\r???fQ???c?V?nMf?nZ????????\???r e ??\n_?F*??i??7??????$??>zһ??i⭕????W`?<?Yc??????]?y?]?4;?h#A{̕??7?C+???Q?? a?-?s?D?t????Ӆ3?n8?c&??ܤ?6?U??n????r0??}=3jlޘ??N??\0?????b4?	????,bu?x????8???????&?#i?RMN?l????ɕ??$f??wLܡ?????sqG??n8j????eYx??<2?? ?q???ƪ?d??j????Z???????HMQ?B\"},.???4?j????S0)??(p?	???v?]?򢴿W?d???_@?x2?/??JG?]?d???n*????8sCu?|\'J̍???I䖈??3?5Bs?????o3??kB???>y????Ƽ?3p&?$??	??͍M?v?2WM??\\l$Xx??0???h$???v?~ǐ?9mY8?&J??????	%??J?KaQȘ?\"???Z??ֻ?x2?W륓	\r?X???mj??{^?????<p?_HB?\n?KW?????3????^[?????4\\?e~a????????O?????N?0??Ď?&3?5??Ou???(?9???E?H?%??mj?ѣ?@???'p7}?}?S٨:?;+?MQV????;3??????^}?uzekc??????n??b????k??u}tnv^??Wkk??\\?/ȇ??4?????U??S?-???ˋs???\\?/L/.Ε?\nK????<?????\\??ha??W7??U?mT֪Z??5?????W??W???????Q?','546d96ee1416eceecbf58e5f20157ec1'),(116,'2015-11-06 07:25:05',7,'News',10,'x??Y[OW~????Oؘ??}j+\\p.SZU?05?U?(M?????o????????g????>{Μ?|?̦???????n?-???[???:^.???[٩V?Y]ps????b?q?κ??ϓ????7?t{\rO????Q?mj??z????g?ݜz6??*P7???\r??a3l???T?6???G?#??77t??먷???C#	[$?O??Z?!?r???j;?ro9?G??F????\n+?LF?wt_??????Э?$倔??|?Cju??V?.i\r%I??t֣#?t?MR????q?y??]?=U?g????k????$xt?$?L:?<?H<E^x?Ṻ ?Na?I????C??A?~?Mi?d^??h_C{$ǣd\\\Z?x???S?????)CӾf?.\'??u\"SM?ɏ?GY????1|?????6?	?J??lC?E??\'\"7á???$?`0?$?ف???V????u?mĆ@e??;ʍI?;W\\;?K^????????Dn?G?@?#?!?t?.Z\Z?\0g?4`<?ꚓ??Ԫ7?;G\Z?\r?x?,?x?є????9p?tOПl??p?K\n??\\\r?/%\\???K?ŗL?G????y`B3??h[~;?t???B?r?]0???t? 9q?lH?G???`???Gqtɳ??F}9?ڂlA?N]x?4 ?i/???wuA&h֑??????e|?-?????npn\",ް*?>??0^\'??I?ynMj 2??cH??"?F???\\???BĞp.Cj?x?Op??/?3?,????N????f|??\r?Ȃ?j ?snh?s7???????g?JAV??R%³(??t??\\?#??<b#?J?ؓW??hv?Y??bp?̤?1?q??%k?6\r???4?X????|???i?4?0-?@?hgϔ?Xs???#f?0?X??.???rq?I?? ?LS?"?????M??????&?ZV\0/7܌?9?=n?e??6????5<%??b???8m?\\F?\"Fv??$?*??????ؔ?1?????QL?R??͢p??Ǌ*?:?ݚ\":??Yܴ?@uK??{Թt{o??@<0???Я?T??\'o>9?O????$??>zһ??i⭕????W`?<?Yc??????]?y?]?4;?h#A{̕??7?C+???Q?? a?-?s?D?t????Ӆ3?n8?c&??ܤ?6?U??n????r0??}=3jlޘ??N??\0?????b4?	????,bu?x????8???????&?#i?RMN?l????ɕ??$f??wLܡ?????sqG??n8j????eYx???2?? ?q???ƪ?d??j????Z???????HMQ?B\"},.???4?j????S0)??(p?	???v?]?򢴿W?d???_@?x2?/??JG?]?d???n*????8sCu?|\'J̍???I䖈??3?5Bs?????o3??kB???>y????Ƽ?3p&?$??	??͍M?v?2WM??\\l$Xx??0???h$???v?}ǐ?8mY8?&J??????	%??J?JaQȘ?\"???Z??ַ?x2?W룓	\r?X???mj??{^?????<p?_HB?\n?KW???????ur?-?Zz????\Z?b??20?T????ʧ???-?r%\'{?]bGI??К???:??!??ݜ?x??P$??o>?5?<??`??N???j?T6???S?????????O??W?R?^???n<??????Wۏ?\\{?/????}]???׫??z]/????#??Y??$k?~*????Rqayq?X*??K????Ź?a?P\\Z????^[]?n?5?P????','c20e035d8a4ebd924688b1032f170373'),(117,'2015-11-06 07:32:30',8,'News',10,'x??X????Z	 ˒??P?_??X??U?\ndɭSر\Z?E????\nвh?пp?G?3s%>$?Pt?????g????e?w-s??h-?x?*?????s[?zn???>Ʒ͔]?+E^?Mo?P?????~T??S?\Zg??	M???^4?>=E?Ѡ??A7??w????5V??F&ɒ??Öh暆?45???\Z??A??~?3e??v??\"??K0E??z?O?&?24z?	,g?\Z~?H???'?.~=????z!G0??Ҙp\r?]?y?m?A?uMg?l?o?q2?\rN?n????#v????{?Z?4?vA?[???^ƃ?\\???B??Q o??	???1HV0Y? ?3?h\0z?͐???$?e???\Z??????]$?\'?h?????"&B???,??f?n???,??#O?t4???i???J9?V1\"??]??9u$?\"?IzNK\"???WK??????M2Ƞ\rN?????%?_4N?2L?؞??}?=2ѧ\0?!?%? r\r`????kߴ????F?U?2?z?ݪ?K??-??m5KE[?}??b???X?o-L?p?#A?K?^G?R?DH?D	??i??\\ji*l??J?J8??LtaD??\"?+9`?B??,?a??_?&(?'?QoX?FL???Հ?	?A.%???|??cQ??1???8k4Hz????9??????hu??'???@??aY??G?x???q?5#?z	C?D5L?n(\Z\"?K?=?K̍)G?????&`\"????"Y??rM??%%٘???D?R^??"	(??:Fұ?ф??<m?\'6??S5\'!?s???\r?"??N2_4V4????\n??P??T???d??O:3f??V?\'%????\'P?Y?JsG??pь??ӨƉ.??m?(B	?\r`I\"\r&=r?-?uoݣ??\\?࣮????%?t*A~??\"?????i??!?̫R8Lf?.`?7휠S???H??X?-???r?J??N???7aN?Ɗ?????f2?????e???q)??Mǯ????FX??????\ѥ?%?K?	?????????5?y??4?????P?I7ڕ?f?H?Q?p??*v?ibp?o?t?֑(.q4??o???)D?=?5?|v7?ſA?NC\r?????ᮬ;.0?0mD)c&????Z?Ѿ\'S?????rN??pY\\a%????`᳅??3\"?$????ل&?F?)B;?\n?T:)?Z(?\r}?:ft?bJ?݇?\"?݇hy??(???>?????I??O6?6?\Z?????~?Q??p????kϪ+r??E?W?}???????e??un?J???f\nv?a??K????,????=?+K?j??z?׍??-?Ԭ???7??r? s_???y6','faaedcb9e35b97549b1db8da0a70c753'),(118,'2015-11-06 07:38:16',9,'News',10,'x??V?W}???đ??g???P?8Yv-\n% Y?? ?@_BHHZ?,?=????GYk?͌,?r???=?????j??????}?????T?[?*?W5?r????t?uՁԓwF??/???e&C???Ndj?%|%?	tN?3??왑1??0??J??=|??ԏ?p\0?n.?߫?Z?G?g.?-?x?d?0??????|\Z$????=?oe?R`?DBQ??ǰR&r	W???z-??f?a@??s??C?+	???:?????????k?p????Zm?h??б??A???~???Cu۳??B??Z?G6ɟ???!?D???{????>M?e?u~?U??\\ª?\\??????Ky??|? /?|hf:??y????	??\\8\r??????%&? ?;j?fC?\\???F??s??0?>*???F:?Bm	??(0??@?k??dߤ??????Z?K?T@h???4?1??z?ӌ??e?L??L?K!gP{?F܏{?????|[?e?H???Vx????????"J???!?_*??i3(???u??5??e?Ӽ\\??4?nQ?6=??????^Yќy?Q??? ???ep??[O ?1???֕R?P??#-ĥpc??c?r??g????fG?R???K,?}?u@㓚\r?Gb?&?/\ZN?????????¿??B%\n?D???????\".+S??????<0Z\0??D?$?w?ʠMQ???8*/8=;X??N?8???[?_ ޥln???Fe\"I?R?AZ?????8??r?B?????Ծ???\"?9???O#?Rtg???5!?滲3\\ʔ??Q?n?l?{8gM?.RXwQ#?>???	KB??????????>O?x?o??^?+|??^ýx}o;}\\???4o??^m???F{?????r???','f04f77c77b73cbcec160c79144d11281'),(119,'2015-11-06 07:38:28',9,'News',10,'x??V?W}??8??RbCH??N??%c6R????Hd?H}??Tm?<????/?G]k?ό?C*????^{???Պ?s???????????<??7???^????>?u?\n?????>?|?j?u?+??h6??F+?VI?:?NS????䣑????Db??&?ωL?|?/??(?L?s\n??$?gό????J??-=?~????\'ps?VZk???Z/][?????a|+???=??4H	??{{f?0??i?????A?a;?L????\\A?Z\"#78?Àp׳????#V>6҉=??u??????qcs{?֚??m????A??б?o??f?????Cu۳???Z?G6ɟ???!?D???{????^M?e?u~?U??\\ª?\\??????Ky??<?!/???tօ\Z?o1?{???p\ZZ)FK?1?(JLlA?&v???f?$:}?K???S?1aZ}T??+??t?T7Q`?r?v???ȾO??.????ۤ???t????????i??b$??X?5??4?????B Π?V???V??\Z/??w???#??'???v+?\"J?/??!????i3(???u??5??e?Ӽ\\??4?nQ?6=??????^Yќy?Q??? ??G?p?\'??@\"c??#?+??FZ?K?,?[??Q????A3͎?????+?XZ9?????'5??ĸ?L??^4??C\\)???\0s??͡?[?J?6-e]?M>??\".+S??????*0Z\0??D?$?w?ʠMQ???8*/8=;X??N?8??/?/?6?p?? #?2??vY)?AZ?????8??r?B?????Ծ???\"?9???O#?Rtg???5!?滲3\\ʔ??Q?n?????pΚ ,]???t?\n?&,	???;?6*??M|????\Z;;u|??J??ɴ??,'b51feddedc0f50f23abe0a8950d723c4'),(120,'2015-11-06 07:40:09',9,'News',10,'x??V]kG}/??????wLQc??Ȳj?(?????RJB?gy?W^?????jwe?n?????[???n?̓ ?0??a?>:?????xq\\????<v*ս/*????????x;?5????OPnvkͶwX??%?U8?e?h?b?bflf?ϩ?+????6??s??I?^(3??jN??*;?[z?????gps틭??\'?.?=???m?0?7W??{fG????¾e?T}???D\ZAOa;?L?\\?*s?????A????T?8F	?Y?T??N?n3?h]???;???a??E??F/2?????M??c??ߕZ???\"??@?ہ?	)???Zpd#??E?_O\\R\Z٧R?]??&)?5??\\Z&]?R??kX?тV???f???J-????	>$3?u??????8??\9\r??????MBlA?&v?ϭ?d?&:}?K??/S?1aZCT>???Od?RT7`?v???m??L\nfSy?i=???]* ?#?\nb?r̦(?>?\"?J̲TG?'???<?j?ň???????\\?WoY_??I?w??????,??2???+?????#?\"YmB[GQ%?ԞQ?rv|x٢Dl2z??^???ђy?Q??? ????p??[O ?1???֍P?X??#-$?p??S?r??g?!??gG?JԦ??K,-}?u@㓚?Gb?&?\r??W?mv+??v?_r(??RG*M???!W??\n\\/?:<?u_FJ\n ??????6E????????8??7????xײ?}?t?A???e??iE?˘L+p[???rԅ&<???7?????)}?p???K?q????FX%?`???\05#?滱3\\J?K?(s?????=??&K)???]>???	KB?????\nE??????J??ڗ̓?:>j?a%????&','d70ec41a4287993e8af2066b3427c1ac'),(121,'2015-11-06 07:40:35',8,'News',10,'x??X]OW}????J$cl֪?m?1n?U{-U?*??T??V??y???a????Ι??~?\ZU}H|?޻sϜ?9s?e?[f??R???3S???S?f??>???-?(??T>?????.o?0?M֪V????Q6?[U?\\??z?]?+?5?MO?P?????~R??S?\Zg??	-?J??1o\Z??F?4??r:???x?=?Ȝ??3??\"Y???r??\\?????PC??>??[͋U???}???E??*?`?N#7??>-tej?X?5$?\Z??# `?O\0]?z;vI??&?`H]???Z⡺???gz?G9lH??????48ž!???B?????.??V????]P?#8;ƃ???>׬j?P{????}?<Ԭ3\\L?L?$???\Z?^f3d|???+?_?<???&??p${???[4??4\nMx???d?XO3?_???j??r??O?t4???i???J9?V1\"??]??9u$?\"?IzNK\"???WK??????M2Ƞ\rN?/????%?_4O?2L?؞??}?=2ѧ\0??L?0X??????ph?rsc??[?R??Uڥr?ٖUö?????>Q?j?d?_???V8??? ?????#??xP9\"$}??Dx???d??.?46?	?~$??y&?0\"??ӕ0[??|????/U??ը7,I#?ǟ?@??	???Pk?>??(W???i?c<?5\Z$=??pm??i????:??'???@??aY??G?x???q?5#?zC?D5L?n(\Z\"?C?=?K̍)G?????&`\"????"Y??rM??%%٘???D?R^??"	(?:Fұ?ф???l?\'6???jN$Bb?\r!?5???~w9????o7?(?ZB9?R9w????>???\\\'[?CF????2?@\rf??e??3?&kO?\Z\'??.?)w?%47?%?4???? ޺G????G]	!}???????[>o?\'?9?ڇ?0?^H?????q??s?N??"?bI????+?;?ބ8}\Z+V?>W??R?ɼV???e?ӽ???6-?I?zJ?a?Fc?^?g]sE??Ӕ ?/?'?8?*߈???\h?M3Ѹ\"???m&?W???%? 	?@???'U??????.?#Q\\?\n??$?S??z<?uj>????	?????\Z???\'2?Yw\\`z?Y?????Ġe7???@????u?r??\n????>j?????W\rgD??1?kf?	M?i???R?vv??tR?{?Q??\0u?n?Ĕ@?#?D?۽??K0?Ir?-|?jWw9????lnm>5??????{??1AמUW䐅??U????r??+????e??/*?b????X9,k?B?~???zt','76a03714b2d93be252472a53bb63a56a'),(122,'2015-11-06 07:51:06',10,'News',10,'x??V?G?/???0	Xʮ?fE_??6???Ȳc?(Kv??\r-?)??Pr??-{cK??y?~ߙQfWRK??ٳ3g???&??0??n???V?m̓8ڌ?Z=????0RQ-?????ݖ???ҹ??=?3Щy?3s????n?W????????c~?s?K?z???a?Rg??\n͑9S?5??ss???23?????f+?^o???L??q?????m???n????7?ok?^?????%?ԅ??\nx?0??n\\S?9`¾???c\\?lN2(?ߑ#????$\r!8??Jg^??\r?zKl??Ul@? ?x????	x蛘?+????yU???`3?8?_p?{;$\'????n?\nI??;??)a??)?.|{g\\tǸ?N=??.̝?Η??E,??:Al?H?L?G?A_~???ΛӂU[\'?/b<?u?#??j??y??\\H\"?\nB??>-????r=*\'D?rh`l@`?A??J&?@Y?0H{Wn??9??l\\ᶍ?6N?g??IΙ?o?bP???L??f,q&:{? e???C`?`????????k??T???c?1,??d?? ??C`!?? ???.5?S%a?????*u^?]2#>?U?[?#???{?W???AB?Xo?r/%??}???Ȉ???cu?S?L??g	??7\\&j>j?A???j2Z?(???s???\"??Dr?}??䔤?Ő???})??^1l???30?u?????1???J?#?H???l???yq/?[??5???ޔ?m\'?~뛯??????????O?v??????y]eKY????	??WZ?3ŵk??????????o???U\Z?0\\/	m?aA??W	?5??\n?Z?BP?????-?4?~????f\'?ތ??????B?Dm????Q??????????????????n','e696a2fd5feb45e9419426ef3517f20b'),(123,'2015-11-06 07:52:29',10,'News',10,'x??V]kG}?z0	Xʮ?fE~K??\"*ˮ-C?d?64????ʶ??????wF?K-i?Ahv???5qѯ{Q5*?7K\rY?Q?????????zTz?ی{M????A?????P??m????n+n5??? ?ۊ??-pr?v?#ra????鉾?=5:1?tjN??y`^??3??:Q?Z?\'搟?Ɯ??+s??7?ש2(?B?\'\n♾?x?tf??c+5?A??????????.T?Q??x`f?`?Z???}\0-?n? d?o?&f?B??????TH??)3?e~???R?g?\n`+?^cg????N??to??9D?F?????3???)NtV?~???J??9??.?mv\n?r}.x?? ??b?iY??\0	?pu?\0<?F?<??K?/O?e??f*?o?(?u[???i=?????q??/x???C??l ????N$p:?t;sa?d?4G\"v-bY?,?e?	?2?y2??݁(&|??-N?????N[\0/?????\'S!gpg_??\r?c?k??\"9???,6J??(?$?e? ??}9G~*ӣ>l\\ඍ?6N?g?b?$g̊?????qШo?g??ǹ??\\?+?U?=,?-???K??????c???d?ܝ.@B???B???A:Rv1??%a>wӶ????dF????w[?#???{??X????7???n??C?d???:??*???mf??V?Q?\r*?m????nA?n?Co??-?	?/#???G??E?????WBρ?+??S ?\"t???7c r5?H\0E??fS%???[???/?3M^??l?h;V???>^?y??Ż?f?>yډ??ٵ\0E?̫\n[ʲ?V`?<?)\r????]?!?	 51??~|??V{???\\_+??\'??z=X&??V?e???????v???џ?77?x?????/0u \n','7d68c52e98a60c5485b55acf1b5175ac'),(124,'2015-11-06 07:52:57',10,'News',10,'x??V?I}_)??\"vfl???4	^?/i?U$cH???]??? Ey?	?/t?ўS??g???rOwuթS??~????Y????X\n?ݝ?Ά??B??ՠ??v?w-(?=?q?+z?????C?بs]	\n?\r? ???m?????%?~??N???????6???<0?px?߹?)}#?s?}kNp???9?[l_??>?A???_A<Q:1G????>Ϡ?????8?{g??̂?U?)_?LP+\0????a??????F?Sȝ???????\n???>?c???/?*H??ڕ\0??l?խu?\Zݚ>[\n?;??ӽN??3???	d́?g?=????s?(?0?N???s?XY??,??\\???\Z?\\??E!΀$?ա?	]?\'t.??8Ir,+?6cIx?)?}????F ??RH?=?C?????O??9????\'q?;)??????????؍?%??N0??%&?ɠ?????????8?(??q???[M<W?׈???W>??*9?;??l?	k?ocH?[?ˡ?m\'a?AP???I?Pf;\0???s?Oezԃ?Kܶq`?نÑ??C?/??b?\r{s?7?K2?8h?a?3?????+?{?-[??Z<?]q.@?<??|?1<????$??,?k??#fӹ?[g?$?n?f?????<+)??Ks?x???8?r?\0?/H??r?????;)?6?.t?9|??`???????\n??9???[P?????sH??????7?IQ?????\??Űu\ndR?΀?\\\\fa??3\"׳GX?P?Nk6U\"?̼??h???53??^????C??[???/?;\0e?T7?Իns?+l??k?(????Eq-???xR\Z|E9:#\\?ra??L\0??q??????Y?bu??+9?u?U??"???r?\\?X??	?{?7?\\yA??ѷ???u?ћ?W{?\'Y?!N','505b88842d01772b716c5f7ad76300e6'),(125,'2015-11-06 07:59:30',11,'News',10,'x???????^9??????P?8*~?(?8i\ZJ?&iW??PJ?????~??ܑ?????7??{??̝WI[???<7???????-?veK?T?????hz?F}?o?Ђn?1?hJ	?QHSAW??B???????}&?Gc???A?\0;]c6}Js}F?H????,???{???,????R?\"|r??\Z?C9???z]G(??\'B???)q??eg??t??>??K?0\0f<?2???&?]?$+?U????$A?1@O9??{???F\0???MP7A=f=UW?Y???\'ky>???\"??1\"8gH3%???????HpC??@????~?n??ɋB?&0F?p?X??k?\r??uj(?cļ?e???_??澁?0/J?fƗ???b??w???o???????ŌZu???4?]S?m?nm?l??\\??F\0}??F񎡒??@O>???F?@ʴ?\'?!fy??9B1?4????}/?Vӿۅ?n\r}l???]?J?\r??????[???o=?Ee5?N?ǃ????|e?P?o?"?\\>>~?x????ht????TVq??Z??gΛ_<!i?,'fe1ce8e7bb14a883a25f5cadb2d38c06'),(126,'2015-11-06 08:00:29',11,'News',10,'x??????#/?JSO?2??\Z???R?D\"ja?XT??c?4??w??s?q??@Bl?w??c?J?EW???R?PUV???<??RY~W???/֖???ei??[ȼ*UX_\\ӭ{,???Sg	?????\\{~?a\\?\rx?L_雠?n??iA3??B-]?\n?V\n??=??)?i?\\?\0???`?N???R(?R?????}C??????????;=B?7???l?3q(??U\0?zN\'S?t?q??????0?#??	=ب?Hƕr!-???R?j\0s<??l?9̑c??i?kѺ]&3hB\nE?@gܽ??1?%?\0&t?lX?q????У?d???M{>??o(Jq\nh???	:7??????!?[?LXS???n??ϊ|??0D?`=X?4??9`=?.??????ŻʬC^4????XJ0%_ :@?3Y{J??????Y??Nl4Fj??dvUٶ?\'Y?cp?????Z??J?s+?=;y???s?b??,?>??+??nK?f???;Iw???[(??F??{?2dW??ҙA?!?e?????v????S??d++?????????l?OuA?F','e16de4e6c5191ac85bfa5341304adbb5'),(127,'2015-11-06 08:06:47',12,'News',10,'x??V?Q?7?N????P(쾃?`???Bc??16b4Fc4\Z5޺?l??\ns?o?nim/ gϙ?f??n?????K?i7?=7?Ҏ???\'??dx??Z?V?$6鼗?o4????4?}?h?{4?\Zт???P???C\nt?.\r(???\0N??6R8?a??s??@??D)??F?V??ڼ??M??\0C??r??B\'m?? ?n#R???6?|??#nS?????1??0?????~???\r?JO[?M~?T[~c???<??`\nWf?#y???PC???f[l}????l?\Z~?????͎I?Wg????&??/,i \nIqQ??dw???:VȟC?\"?Բd??t_??0?S??|~e]?/??P?Ō??r9?\"?&c?Na?????镒{ءIJ?ز6\\??ҹ?%J߽??+?????6}=5??d??М?B\n?AS???y?e}????r$Z,?+J?x????U^?b?/?n@?˙`??uӹ??}????f??l5$?km?"????I??>??25\r\"????҆?<??????AG?????G?ᐨ?????\Z.CD6???{Ms???=}????X?u)???kˀ>??otDK?	C??????\r1?Y?]??D;????шG&???-Q\Z\'?f??Fm?/?o?H?????]?/???z?,?????ܭ?????Au??Vx+`aƒ???<?y????k.??e??[l>??8y????[??I??&)_?[????????-??@3^?\\???9\'?ͥs?>?w\n?d6????P(8????ew?TK??>*??????1??b?d?7?;??_?h?ֈ??x????{???c4w','857202942b0810b6587bebf27474e9b7'),(128,'2015-11-06 08:07:17',12,'News',10,'x??V]O\ZA}o?0?\'???4T	?P??Iӄ?i4?4m\Z?6m??????p???#??ٙ?yΙ?=?^׽?+m??p?????u????^l?7??^!??ݴK:nj?W??£#V)???^?b/jE^??T??*6?cM?FYL?????w?\rt[?(\Z?M??4#?\'4?(\Z(???n??O?nbզ?7??h0(?????"??\n_??3?L?(??+??e?X?p?F<}?????6N?H9B????80g<\\??僖???\Zb9aK????????E?\\?`*?jH5?\r??Rn?+??>?????e?ZR?/?Y??H???(?g4????		q????n-Wy^??N`?fǸr3?3$??qE3?@w?????p??Tw?h!?t?P???????6??%?=|.??8??\n??????]?\'?\Zr%hEP?G??MC^>?-w<?C????en??\\%?&zM?~?dA?W???B+~ht=6?.h????^?\n??SQ?ւ>A?[??~Z>\0??E?	?/?????B??????!P???&ػl????_b>?b?F`??Y2?<?Z??%\nYt????|?j?R_ːE<???5???K????DzG?ᠨ???0?a\Z??6???{??΢=??????ތ??SP)??}?R?oxD?n??>j?006x?mSf???!a%0?	*\Z?dW3???Ӭ???Q??h??#?iz??\"???w??zc?Z)\n???i???af??$????].??̌%S???m??k?\??jw;_?Epq2????n{?<SG???|?/lˏI??#??K?\Z???X??no!i\'?J\'?F&?q??T:?YOe?l6?$??????]??K?ro?s??','6ec49da05f4e9b49a82a209d38bb786c'),(129,'2015-11-06 08:19:18',13,'News',10,'x??????H?????N\Z????Lc?F?G?H?I?JE$$.??"??K???̾߬\rqK@??xvvv???\'-S???4:??U?J˖F??J???[??U????4???:?P?????+A??0?i\"h!h?F???7<?SL+5?D7X??rG??	-aFX>I?D?c*R??4?X??́\Z?G\Z^??5I&t?S???2?*B#~KASȘ뼺X?^A͜c?\\???C)~?t?D#ˌ&9a[y.?&???_??z?j?K?w?F?>?kmb7??MՑ\Z&-??\0??OH??`??>??|?o?9]?????\\??\?Z!?7b???????0?$Ќ??戹Q?	?????ox?????!?[?gɿ?S??Ԍ\0?Z!\0ēm-1?a??º????ݰ???s?B??????z??]????[??(??N?W?Z?ǭ\Z&?5?w0U?{?Z\\k??3?_\"/ёՔm+??C?E?ʆb?C??Qr???.ħ\'=??e???{	a~N????,i??T?8???r9W???????\n??>?U?i??4?H#?:????ë?i???????^?q?j?_?x?r_?\0D+?','b77cb7f0309a6bf58a603148071e8a3d'),(130,'2015-11-06 08:19:44',13,'News',10,'x???ߎ??M|??^pŲ-,??>??ak?\'???,56nb⍚u??`?n,?W??~sZ???!??:g??s<i??W?WWV?\rG\Z?N???-ihwI\Zǝ?Tc?-??iL?	? M??E?kx?*?i<i?B??x~3Ih&?????G0]???[AuJs?+\Z???>??~?QDK5????К#??0C,?B?????B?iJ?z#??5L?????yK2??u??$X;GEh?!h3?W????q?:??\"?\"3???j(?s??؋?3d??+l+?????,??$S?????????[?P6Q???]k ?	??l???????ڪ{O{-??2?	zGKd??p?u??;::?\0????E?1W8S\nw!?3?????M????4%?x\n?#?????%@<nk??5#?r?????Rlt?N?Y??]?4?K?a?3????)??cT??>??ب???J\r?????\"??45??*?ˋu?5???????(V???bH?;8??o?݅x?$?????&?\\ƵjK[??m3W,????Q??-?\'_St?Q9??O?J??;ۗ????;,?','0d9c33157fa6dafd5bbcab4968b2f658'),(131,'2015-11-06 08:25:34',14,'News',10,'x????}G?V~?@$Ŏ???/ ??(7WBBHM??????x\0??15m.?0?G?Y\'M?B???g?9g???L??\'=i??0????\'-W\ZU?*???e˪?i$q҈8?li??!et?4S??>??&??? hJ??yFsd?_	:?|?N)MЗF??Z{\Z߯???H????w4A?P??܅?I?????:????	:!L?̝v????ZȖ\ZI?Փ???Q\n???><hK?5?\\=G?y1#?&?w=??:q?????.4??E?љ???%Nuf??@?l?=?_]?H?O?F?????ź~m???:`倐j??qq1ژ??i\n?F?Ŋ<cexy?F??db??4[??????qm?z?:m??%????_pI???jW?m?[z%???C??l??Z???Ŝ,bYTk?? ??\n????e?цL?????sԹ?1???W??]8G??b?w7?ր?Ҟ????o???h{Ve׬????>??GmY??g?m?\\?ˎ??Cͱ???=N?r???ZFK?҈?????-?Ѹ֣??N}?ջ??"?^??1?O~?!a','48cc7e79883aaa696dc02f90a3f8f613'),(132,'2015-11-06 08:26:13',14,'News',10,'x????}G?V~?@$Ŏ???L??6	?+!!?&?"?AT??x\0??15?f??3?E?^???sΙl?[??m5v?H????z?uоW???7?v?\'?b?V????Uv|帺b????^????#$7???s?HM\Zɮ?ȥ???C??hj}???!?e?榧hB??J3dOM?):??N)M???u???\n?O?#??96E\'4F?P?,?BC??h?b/ib??q???JS?r?M?tR{?5?\n??I??\'???/j#?G????6}?ԙ=b=eb?N?ꅴ?J?\re???]\n?z??ѹdw$[?Q?3??oG ?k??\n?G?Rf???A?d??7o,u{W{?Rq????O۶?|?50^4Q??V????ݕ?&z͐K???d?׈???/?????Ƣ>璊??rV?L?Z?d$W??难????m;E?>YĒ?T?˗A./$U?\\???G?i??G ~?z?3??!??6???p?????????=C??p\'X?????\r??v?]?b?֒??ooz[A??燁_?M,???°?????\ZΆ????<*\"?','fba90a88c72cea996af7922b4577ce95'),(133,'2015-11-06 08:26:35',12,'News',10,'x??V]oA}7?Lx??????1[?\nXhbbL?hmL1\Z?15\Z5???l???#Ͻ3??j?ٙ?yΙ?|?_4???(??Ӽ?Di?vPd?]??ɿ?bg?Xh???7???O???JE^o?????`\\n??б???\"?n\ZY?????????OMt??xxEC?S????\n\r]??a1?@????B??s4?\r?Da????3??@??D)????Au?X????x???]!ȹB	???r?,??(?+?`??N??mq?(?4?ʖc?c)?g?~???-?T|ޔj?-??Vi?k?f??#@??L?h???@P?0??j?vP@?h`???S&?.?k??z???Qσ??͎I??$?{IEs?@??4???h??Tw?h?t?P???????6??%?}|.??8??\n???\\/???]?\'?r%hEPM????"^?-w}?C㔢?n??R??)&zC?~?`I?\n\"?B+~dt=1?.i??М^?\n??SQ?ւ>E?x[g?~X?D???^bU\n?j??\0XB?h??L?wغ??o?>??ĸc??l9$?+?dy?YO+????/#??????&x\0!o{q5???>??????|?QW??,??\\??6lҙ?oo?q???(?>?j٢?r?3&\Z?????X?K??-????\'????M1??;???\'\n?*??NQѐG&???-Qǘf??|?ZV???KӋ??>?o^4???jI??`L???3c???/і?7?T???ױ?,??r??|/oJ|Z;??r_V{??Ɠ|??ь?s???5??n[?O??ɶ??ZI?aаo$?bMVx??L6?u?<?r??6?frN.?s???????[ċK????85?','7823bca84c0fd5fe32f9e5dadd5e8ebf'),(134,'2015-11-06 08:27:35',14,'News',10,'x??????#/*I??N??L??6	i*!!?6??A??,@??i??w??s?m? ?`?"Ν??:??H;?~???j??N????\Z?A?????@[?zԫ????ʶ????????E?:ۮ?v\Zl????5[Y????\0_zK?9?	]?>-̡?O??:?	????S??^??sd??8\0[???Z???}?9b??3T?f(6A*?\\\??\I????z???K?`k???kT????\'?n o??V????????N?=:h?9֙\0`b^????t?41]H??87?????+?;???\Z?wW??9???N\"&??P?j?rgfX?\"G?n\0Rb??nY7o?x{u??2Ģ<??n?xڶ%k?q?:*ϙ??l???S1E???L?9?0.b?W?!@^?,E?ā?$????f??Z?d4?Aֱrd?ڰ\\L?;E??Ă*W??\0???*????6?p??????f~?????p????????\0??7?s?"?V??܊{{?t?X??????26???Z?vɫU7??\Z??aQ?\?\\????}?٩?mj;|??(s','cb73ceff6e9d86602aa61b4c7a5e57c4'),(135,'2015-11-06 08:37:27',15,'News',10,'x??S????#KD?plǉ?N???;.?{B?R?\0?t?r??v7m???ܙL???e?̙sϹ????=?V?s&xdu\n???^???x>?}???%R?q?\"	?C	k???3X?5T?α?????3(	rn???`+gr?\Zw?\"x{??2PM??r7?B?\"p????\Z?5???,?YkS?\r????e?~?O순K??\Z???k[?N?aߍ\\?Qw1??V???????-?a???с????-z?U?Ϛ???Ĩ?\'?sX??????????B???1??e[??R?W?m,w?+???\'#???Vjw?[*#??ǯk?#?1??3?N????I?dwH?.?????:?_?_<??+?a????????5U????+\nc??????????c;?L???N??E\Z??eN²???7??g͸??Q?v?1???????~4N?\Z???4?D?????M}?>?>R?K-??R??FZ???4??????????????$M?ۣ?o?b?R???L$-','62dd4fe9a02e47a7a1bb869e7c51c788'),(136,'2015-11-06 08:37:46',15,'News',10,'x??SMo??W?XYj??6B?????S?{)??J?\Z%?\\????ZB????3?%?\\{@?߾}??Vp??r^?:mS?\r*Z܉???q?;????I?d?6?S?F????x`X\r??XRp?S???dh=KU?J\rկ#.??5???,?V?Xϱ^?׈?	bg6P0??n?<0x????j???-2?5??K????????nP?j<?}bO?1~,????d?N?d?~?O순+춂5VK=7???þ?Ч??c gM?i????<RF??a쥪=ދU.?7w?LK?}1$#???? ?J=?ÚrC{3?????BA?)?N??3?????qZ?I+?Eг#???{+??U?-?O?~&??{?'#?+5??N????$N?٤<dJd?T???b???MD?k???߽!?????z??֨H1?"ϭ???ye????2<?D??J*#?4\'?˷P??,?d?7i*????]???ԣZ?E\r?F?lu????????Y5??]?i???|?eaww4??c9???}?$%>??\0?%k','24d2698677ee9c747c25bed1abc92f7b'),(137,'2015-11-06 08:41:23',16,'News',10,'x??]kA}?????l2????K\\I??? ??~ -D?"????&????G?;?5M?\"?H?w?{?gv-]???=?w ?~Wˊv??,祛?E!?VU^/k??\Z!?M;??O?0}Z?}A??}???N?3????\"??!???	?f?Fc????????????-?t???L1\0b??#3?f???,\0? <??)?????,uS???!{a?tb?Ͱ?p%??d?\Z=??U????????`????-?#?34N??\\?S3?h?q\r?gV??7???=vǂ??2?X?? \Z?????6t?ԟ??B???????\nݵݼ?V????[W???pc2Y֮+(Y?0?????g?6j???R?%???sp?&???F???%Wh	z?`fUOV\\b?gf1?k<⭍y?l90}mY??2=l?>?s??9Q,?.I%????6?L??????sԥ=?>D\\?~4?S??p??b?w7?ր?7ρ9g??[??n?_?\'?7???򭠴S[6?ک??rͫ?,)UΕ+???%??T???<?vv¦???^?deu?F?A=\\?Ԯ?.???׾?f-?uw????Z?+?,'c76ae0bfaddcb58d65c74c4cb79db5ef'),(138,'2015-11-06 08:41:47',16,'News',10,'x??[??~?C?b[3??i\'?F??o?)\"?م?(?|P|ζ??????Զ??J?s??o2??ғ%i5?/?Q?F??w?.\rA??4N?????,???7?ĸ??B~???O???N?,LzM/he\r?5Nu?Ҁ?????F?V??|g?A?Z??C?F??V?.???%?????V???[\'z\n7$|?D?Pgj?=,?:?ñ#\Z?τ???z5T?8??m\n??ɐ??	????i??\0??:Y ?F?r?????f?x??mw~??8Q/?ݚ?ָ.MC?\'҉??.3j???wp??ǚ???њ?????3[?{ُ3??C?:???jV$???n????_?ҪP+ꋁ?fܖ?????T?????j???R??`Z?\\'?\r?kR	???#e?X^??Ԭ\'?H+J?[???(t?v?kB?j,??mu?????b??,zR1?KRJ7?#:|?F/Ø@????????\"?O_????????????\0?_=Ù+Ꮃ??????+^??a??]?u??-??Ѯ:e??,!?.V?cYܩr.Dv?>j5?@???3--','9ec2edead1213f5c7e9f9643fffbf750'),(139,'2015-11-06 08:50:39',4,'News',10,'x??W?????8?"j%0ƀI??,+?	]?J?RU	H?e?H{??VU??V?8И?W8~?>I?????\\\0?̙????ӭoO,???򉕳R?=?R?n??????ߒ?zѭ?5????犙???	C??????kUZ?W?\Z? \\?i?V?PE???ќ?[)????K9?+????Bn??C9?k9~O??????9r??dp??{\\?"?K?W@!??w????O[/ضi??A???????}?*?????????4?\0??c??y?ʝ??S????~?C?VL?)??(-????0?d_????@\0????\\ɥ\0?#?hE4	R??4??A^??[?򋃯O???:V6{vv?ukZ?4KbY???l??T??c????cwkU\'?????ք?ߋ???\???o5lH??\n?N?9?O?J?`k?`1E??П??0!?_?\0?m??o:????/?4פ ?q??\n2 >?\"s?Psl?????M,?U?Q??Q??????????L?{??mR??<???T????Q;{3???)????ෘ\0.?O??u??u.?w?a?<?fW?}????v|&?ڗs?~Ï/ɹT?a=?	?N?????/#?!??G?V???s	o]My\\j?j9??c^????2?妶?\'߳?n??Wa?V?Q?:$ݍ??r????iCW?Yy3?????\n?pB^??ł=!?m?D??ͮ????\0I???*[?T?#q?P?;*?Dв)Œ9?^?j??\r??r?????G^??;?\r?hJBMX?u??\n?\r???8???\n?\'ǗJ?LXQ|?IO\'L?.3?$Mh???\\???#?\'?I?>??'??ܸ???h????(R\'? ???*????k??????7`?n?G?(\ZC??v?#??\Z??n???F?#??)p?n?q?=}?kr\'Ou?&f?q0¾IL?.R?g??؇?l??^M?A??B\rx?7U???t?`<P?qrh????????еxl	???m^a?u?L??\ny=_JM?????~d??q?R??P???g4?,'c884bb73a4dd00e58b264ff324bc5aae'),(140,'2015-11-06 10:45:03',116,'Modules',4,'x?}?]\n?@F?wjer?[q?\Z?G?\"??????D??Qw???|??1??FA	5?\\׷?E?U?J???jZ??LK??&Ɠz??o??9?f?*??C?EVWr?R??y??????3??i??}???g:|??Z-??O?c?nѤ2??Dj\r?<??m?','13c61a26c4e917958ae09f8fb0b228e6'),(141,'2015-11-06 10:45:12',117,'Modules',4,'x?e?M\n?0??R?F?c??nLhj??l=IoPJ\"?Ln???>B??1^\r?J@b0B`?i?Ш&???0??4ه?O??#\rk??sOG.?J?im?4ӥG??\\?k?iɋ?????G?????M??=?	!?Va?b?Jըei> ??Z??Ly?Ic 9%???5','ec3cae0530410a731a00b5ad454ffe3c'),(142,'2015-11-06 11:02:31',2,'Files',8,'x?M?KR?E?b17?$&@??R4??E?????+p?5???????c?eH[#??@?X=v??h?Ο????K??J?u?晤=-?Yh?*b??\n?`??aVgv4??O?n]7d?;g@?zs??:??g???y?kJZq??????+T??S?)??<???Ԙ??á??X?i?????ih߫?\'?R?ۮ???mQĹ????G7?\'k7<[	\ZT???','c9efbce0f026bae9c1be6d92aa55e696'),(143,'2015-11-09 06:51:12',18,'AdmPeople',10,'x?-??J1?_e?CoŦ[u;y?\"?ĄM<?P?G?\n=y?Q?&o䟬?????%?x>g\n]ӬLM??=?LW?????W???/????^????&???A>????Zbg}H?:???$|#Ǹ??7??3.{?U?Mn?v?6hy????R?|:[&?#?N&?)?¿ʛ??VJ5S???????Ƶ4j?޻??????{@','56c47fa45cb1bda032b3a5a9da8a06ee'),(144,'2015-11-09 06:51:47',19,'AdmPeople',10,'x?-?AN?E?͢??qC??B$#??ج?`???D?*Jz?ɍ?v????Ɨ\\??????\r/????:;g?/?(??N??.?????u,>1=@?/]????!I??wX~??u#{9o?|?xF?	*?\n@U??ָ`???.h7i??m???{?n???|???K??????r???#\r??9<?B?????!??O?u\r?l??\Z?? ??p?','573ee9774bd572ebeca21a9b65686db0'),(145,'2015-11-09 06:52:26',20,'AdmPeople',10,'x?-OKJ1?J????aq?\"&t???PPp?????r#??J??R??>????]???a:???vj&y??t\'??*?6?J??OЏ?<?Z$h?L????]?\n$B8@??/߅???+?ĭӅ\n??iن??h??A?8\Z?频W?0@}#??ᢩ?iYO˹*??$??!:??J???#-?a?.Π.?]??<??|G????_?jlȜ??ޅY','d641a5921ab92e7545d37480cb5ab242'),(146,'2015-11-09 10:35:59',21,'AdmPeople',8,'x?EOK\n???????\"?ָ0??+ԍn?HQ?&7r?\\??7?Lq??CWd???(&?s????@7z???OzQMw*[taX?=???gz???T2Q? ^?$??`?u\r??u?%??????5?R\ZF?!??P????#(봑????\\\nc???@?????>uir?y???مd?c??','e17ec64b598f207b77276c2c77b4df85'),(147,'2015-11-09 10:36:31',12,'AdmPeople',8,'x?5?A?@E????H?F)?3??????Q?l? E	?s#=?Xͯ??????w?TB#/®?,?3nx??????Tq,$b?)?^?	G\\P??0g?<?U??o|??t;1??k?%ia2?$T?i?e???????\0????MN(cIZLse???:Lm?*?6?s?d??T{??\nm)','0892c16be2228ca6eb485b4bc6b6f5a2'),(148,'2015-11-09 10:37:44',22,'AdmPeople',8,'x?-OK\n????4?T?????&?DP7nw??(*??0??????o???s?????\'??K??	?*`?\n:??]?:?kО?t??\0?<???\r9???7??#hel?I?v?0?;z4???????A?!3???RM??]??J??M?wb??U?`??\"??e?|??P{???V??%it?','01f01f5f7ae7e98152e6b880300b3dc1'),(149,'2015-11-09 10:39:33',23,'AdmPeople',8,'x?-?A?1D?2?t???WqF?\'L??AP\\???((?\n?????T???`!?E1?9d?Y@?0?DuZt?=?S?Љj^RM?.???<5?+????Ti:9??W???t嵘Z?\???B^?qi}??#Y??`Ct^7??>|۴,?F?T:94\"5д????a??a~?q?-?fpm','8867ed3c47cf91a75ee4c478a6940813'),(150,'2015-11-09 10:40:16',24,'AdmPeople',8,'x?-?M\n?F?\"s??I?^?????	M\\??]?r%x\0??? ?z?ɍ?i]????\'???\"???\nUB?0????S?!Ѝt????:jGt????=}C-???Q\'??C0??Q??+}???*?|#oa?PVv^+??ce?6?R??????0J???%0???ޘb???2?Ҏ4???e','8223d72cf2a6b2a40c5819447b4bf10a'),(151,'2015-11-09 10:40:50',25,'AdmPeople',8,'x?-?Q\n?D?\"{???x?\"?j~Lh?ZA??7(?U?W????汙?w\Z#?gY\"R?F??0a)$?\n?t??^???SE?-?%}?????=va????AIm?BF]???=?5??˰3???L???zB??.?r?Bw??*w??㋾%?9?/????[??Ӄ?L????<?5','0afca7934f6e763760440e0c6527b87d'),(152,'2015-11-09 10:44:15',26,'AdmPeople',8,'x?-?Mn??????\r09BM\0??VlVU??r?n`ώR???aa???g&<??&W???+??????1?\Z_K#G??<??n??Z_Gr??V?~????d2ں ?U{Tm???T???P??b`Ei?+e??`}0u?0)?[Ƙ?]???/SP/??s?kp?̨?*?2??)?z?u','f6ae5258d3467fa743d036117b78de4d'),(153,'2015-11-09 10:44:41',26,'AdmPeople',8,'x?5???0@???~?1?8n?y2&腋?{??BD????uo?;??9\"????c?4?5m??з?AgI??Ia!???t??Tэχ?t??\r?TӛjSxt?\'??^fo3??A-?v.??Tj?S?ky\n?p??}?9r?x??g????PZȵE=???ȵTvv?]??????}\0u?,'d8ae91b6d92a3156334cd7a6188a820c'),(154,'2015-11-09 10:45:35',27,'AdmPeople',8,'x?-?[\n?E?Rf????[5?&4? ???T????9?~͝˙C???????U?-FC?AR+A?3???cE%=y???+=x)Ջ*^Л.??????Eq??o??@n>t???/y?f!??P?=??q(?/lȞ??????t?0????F???^݋=??X;?`7?+??','e2c727b0a6b73deb47e8fb094f5bc64f'),(155,'2015-11-09 10:46:05',28,'AdmPeople',8,'x?m?;????|?>x???B?h?,$j?(337??*P?n΍pZF??>?????Te??2?i?1FX		?&S?RKw?#?Ћ\Zz??,u??????#(???Q??}?qgZk]??/?R/+???[_1?? ??ʯ???F?73S??j]ɝʇ??O?6?e???j?,'4d9eb44ec14d5f87030a59a567201025'),(156,'2015-11-09 10:47:05',29,'AdmPeople',8,'x?-?=?F??|??????B?h?,$j?(7?**UB?Wpn?Ӱ=;??&x?G0eQd\"?T`?j?6B?@??L}??zBO[QK=u?>?ǈ=??7????\"(?????+u?~x????y?ץPFȽk?=~? ???p???Fnш?<D	xk[ʃ??????-???fx','d64a09b177293f5855c571140d758dfb'),(157,'2015-11-09 10:47:28',30,'AdmPeople',8,'x?-OK?A?ʐ???s? ???nW\"?Ap?^?+?????8?RU???q\Z??ˢ?2???AX??)??z?]?Q??N	??%?E<?????\nMSB?<?ryKxAo?????K??y???Ѻ?J?????L??}??T??\'?\n?*װt߭tI7?0?rQ^???p?,'8b06f986457bfc22a5e24814cf179b86'),(158,'2015-11-09 10:47:54',31,'AdmPeople',8,'x?-?]jA??\"}7?콃W?2/?ag|AW%r?%(C??o??]??????^2Ų(&vN???=YGP?&9ʏܴ?_??n?uG>??w?G{@?W?????Q???1I??Փn???????jP.??U??i^?Yi}??E]??Ct>??l??mY62,?j?ɨm=?n?'m?????8w???p<yt','8c914e3f9e03be91a578fee7c4c260c6'),(159,'2015-11-09 10:48:24',32,'AdmPeople',8,'x?-?A\n?E?\"s??Q??x?\"?j6&4q%????(??\n?9i???͟d?)?rNlU??, ??f?*`5#ГZ互?5?7?96???-}???a3l???D??°c??'?8F(J????Rm??wA\Z?txX???=%Q$!??z!??v:?NC????g??ͬi?','0c7bc57c07368dbdab56c9b976531f3f'),(160,'2015-11-09 10:52:03',33,'AdmPeople',8,'x?-?=????|J?5?A???0!$`aa???;T?J?\n?ވ??%v^??bOy??&?g??4֜?ǎ?\B?3???^?򐗼?Z?䆶??R?%? ]??R?g	\nb?2Y?hU??;|\')?????Q??ё\0K37˵?ڬ??9B?i?F???iV\nZLJ?Q??K㛍??.(z??I??'???&','5b41ef80bdaec808f06270330540385d'),(161,'2015-11-09 10:53:46',34,'AdmPeople',8,'x?5?Mn???????L?\"???B,`??@??B?A?0?Ϥ]???????????A???9VLKmi<d??<????z g??{i???4?)?5??>??H?Ï???+M????\n?M??t???^???0K<??Ǎ??ݷ4?l?NA}P)??Ue66??Of?c??{?x','3a87d330640873e6de5a41aad49c3df9'),(162,'2015-11-09 10:54:18',35,'AdmPeople',8,'x?-O[A????!轃+???????]!??r\0n !???#=?TUWU???s?m??i??	?zlQ!?H??f??|??_?5????????\n??~???e??.@Ւ?^??o????ҷR?>?E?FB??FƑ??????:?~?\\$;Dk?\'?\n?T?q?g?_???ef??|?/???k?,'78af74911569add86852351f58b71313'),(163,'2015-11-09 10:54:42',36,'AdmPeople',8,'x?-?K\n???R??????B[5???*?q??^A??(*^ar#\'?????????0??E??2?Db&?*`?tr?ӕ?*?3????b????z????^?6?ܯ|??\\I_??-o?\ZT???FB??Q!??j???̐????j?lZE??w2h??Ӛj??g???TY??Y?\0??','0f3f0de67139b16d32611e98b5d2c603'),(164,'2015-11-09 10:55:10',37,'AdmPeople',8,'x?-?=?F?R???p?\n?YHԄ	!QX?\0c??T????e?????w\ZcS?*2H~?1BX\n	??=??????GWꨦ֖Tћ^???{?zRc??AIm\\}???=1\\1??]Y??PFȍ1?? ??????1P?ؙ??Q?*??Ü?_????d????','93fb93b3b1d987c0fe276b8e3b7a953a'),(165,'2015-11-09 10:55:49',38,'AdmPeople',8,'x?-?An?E?????N?\"i?m?UU?9\0,?ADI?W??QgH7?????~??L?*˙)(7?s?ӫ?$j2d?-:|??n8????r??*??w8??סVƈ?T>)???h-cm\\Ǎ?%	SQ?Ee\\0?C#i?f2>X????h???S?t\n??Q????\\??̽????ny','7656c5b48dc4f7a35174626dd8e9d0bd'),(166,'2015-11-09 10:56:22',39,'AdmPeople',8,'x?-?A\n?E?Rrkmz?P???3tƕ*??;7??B?Z????I?"??%3?7G??Te?({??a?4?\Z??w?@%??>?&??s???ҝ?l5?S&F[\'?/?}??'?8Z?????\ne???8ݮFP?#W??????2g2?C?Zzm?gz􇙥v??I??ADf?,'1e3b4fa37ab136c5ad6d476bc0654af8'),(167,'2015-11-09 10:56:50',40,'AdmPeople',8,'x?-?M\n???\"s?ֶ??x[5???*?+ݸ???P?\n?9i]囗7?7S??0?di:	?}/? ̅???;}???-?????J5#U??\:v?!???\"??e?ě???K?=?Г\Z?۽??>B??&?r?n?A?????_t.??????Ѓε?ZM:?Ӄ?ZJ?'??k?!','f3827023509ee8526a691efa23d57353'),(168,'2015-11-09 10:57:15',41,'AdmPeople',8,'x?-??r??W?<??݁*D??&?R?pf?RVp6?8X~?????????E??R?b?\Z?VR?d?@z?ʝ??7?????xq<#??}??;?[Z?p?7?2td??[?v??	??fYJm??????J???A?PJb\"?339?ԺT;??>??3?Q?????/hc','8ae3efc2f29ee1c20920ac68e535dc79'),(169,'2015-11-09 10:57:57',42,'AdmPeople',8,'x?-?An?E?? IL?P??m??B\"E??.9\"???6jz??u?????W?fy???ڨ?\n??ƴU?$?&\\???\Z?t??????S?????ڰ??b:?8??????????S?% ?7,??^6?y9?Ul)?a?tJ?!O)?v?~5?????;?غ?q?i?','34e042421155a8b7a17eb69a93de373e'),(170,'2015-11-09 10:58:06',42,'AdmPeople',8,'x?M?M\n???Rr???0\"?j6?4q%?UЅK????^n?Up??o???GM-2}/??]?B?A??{;$L?e?J?BF1??Tn??$p??????\0G??ʮPㅳ?n?M\"?*????6N??T????ě÷?2|?K???^??!s#?/?3?6*wm?,Η???a??','a1bdf533e52eabae8dc4c7dd92e82c75'),(171,'2015-11-09 11:00:45',43,'AdmPeople',8,'x?-OKn??J4\'?q?vr?^!Zoj+vWU%@HlX?aɂD??(?a|?????\Z???<O?B]U3SRaX?³fZ\ZK@?\'&9?n??\\?? ?????By????{?Mߑ39??B???C????_?g???6%le??q?؏???3f2>X7???y??8?F??)?????G??/s?࣯???u?','e4cbe70adeadc708287e45e496b1c615'),(172,'2015-11-09 11:01:11',44,'AdmPeople',8,'x?-O=\n?????6???+?U???I?E7w]?R??\n/7?????S?#???B,1c??*`$?t?????j@Wjݙ?ިv%kV?u	???0\Zq?B-U^v\'z\r\\A_??a???Z?if?????q?4Vi?.??뗽K??H??B@??????????f???j?,'80eaa7f8b1ab428b95e033d2af8fbdf9'),(173,'2015-11-09 11:01:49',45,'AdmPeople',8,'x?-?M\n???\"sk[???????	M\\??(?q)x?\"\n?{??9i݄??yy???S?M?gYW??(???0P\ZD?:??o?K?Й?\Z?เ?7zIbY??????h?c)??+???}?k1=???>\Zif??2N?u?r#e?6~ٺ?Vٯ???֐L\n??b?R?\OL????H;9????Xv?','9d4bcb6f9b3a91d9054d3619333af12f'),(174,'2015-11-09 11:02:25',46,'AdmPeople',8,'x?-?O1Ư\"??1xsW1?n???$X???&b!???|5V?????????L????UE???i?Jb&???????Z?R????^j?????u?\'????7???????lKl+?~?!?\"?,????Xh??Ǥ???????TMKq?2:5\"N?i??2??????v???;p?','f5260b11a1ebd275e5e0c4300ed68a43'),(175,'2015-11-09 11:03:18',47,'AdmPeople',8,'x?-O˭?l%?n	\nlz?????؜??p?\n??	)-?;b?p???f?x??????\n??n9a?)M@??\\?o?I??\\\0?+O?Aב???i??r?2$S&??0??& ??<\"$>??WCh???5????+e??@aA??IY?M?=l?U??f??ԁ4????L:????Ë??M?q','87a921436b4ab4266f35969dede99e46'),(176,'2015-11-09 11:03:38',48,'AdmPeople',8,'x?-?1?E??|B?(??B?@5aBH$fFVF?\n??@??a?l??/???v8@???u?F?R????"??IzSա#???g(???R???5]???1?5??L_?Á5?;?)???Zh?J???v??U??#??1N?Lm?h?yaVv?l??2?0?w\Z??zf?','17aa73056f76401ea94e765fe6b10e61'),(177,'2015-11-09 11:04:03',49,'AdmPeople',8,'x?-?M\n???\"s???N??ت٘???7???)B? ?&7rҸI?{??b??#[?e.?\n????d?@7??5??GWzS??OjݥG?s?g?k!he????w?R?RM/??B ??UR[?V~?\r??J?E<?;?)?I??) ?$??ZTj??z??饲??I???b?','4cae606f7e6b72101ff37f09c62e6451'),(178,'2015-11-09 11:04:43',50,'AdmPeople',8,'x?-?1?E??|??R??B?h?,$jځ?3taDR?J?p?8\rC???g?k?\\\"غ?\nYB.Q?????\nXe	=h?/9?EnFOz?????Ö???.L.?26??t???Qn?o|zB ???R[?N???\ZA\Z?t?*?5eLI?,?9SBY1u???z??飲??M~?X?f?,'9455787ce2f0e10046df6742f815a160'),(179,'2015-11-09 11:12:47',44,'AdmPeople',8,'x?MO?n????_`??#b??BO\"????^=?P)?l??? {??3???7\Z#???$q`???ZM:>D??@0y?yV`1#̅tb??RcwT??\n??=??նd?ʓ*?#??4?C?LIm?Y??T9?=???9fO\r?-U????g?PF?_gm?r}{??/~[߃?e??','a17421c3922b34f424b600efb1dc354d'),(180,'2015-11-09 11:13:31',51,'AdmPeople',8,'x?-?;\n1??\"s????xw?&lb%?Zh#XX[x?EXX|^ar#g?U???G2???|???A?Q?R?m??6????s?IO*???;??e?.R???c????xQ)??5?l???a?Iu؆???7)????bZ?A;o?????\'ԑҘ(13?A??H?n???س???ٹ??a???fm?,'3c9f8d59757466f1e1730a458479a44e');
/*!40000 ALTER TABLE `record_history` ENABLE KEYS */;
UNLOCK TABLES;

--
-- Table structure for table `site_options`
--

DROP TABLE IF EXISTS `site_options`;
/*!40101 SET @saved_cs_client     = @@character_set_client */;
/*!40101 SET character_set_client = utf8 */;
CREATE TABLE `site_options` (
  `id` int(10) unsigned NOT NULL AUTO_INCREMENT,
  `group_id` int(10) unsigned NOT NULL,
  `title` tinytext NOT NULL,
  `description` tinytext NOT NULL,
  `menu_length` varchar(16) NOT NULL,
  `about` text NOT NULL,
  `address` tinytext NOT NULL,
  `coords` tinytext NOT NULL,
  `contacts` text NOT NULL,
  `feedback` varchar(1024) NOT NULL,
  `search_id` int(10) unsigned NOT NULL,
  `counters` text NOT NULL,
  PRIMARY KEY (`id`),
  KEY `group_id` (`group_id`)
) ENGINE=MyISAM AUTO_INCREMENT=2 DEFAULT CHARSET=utf8;
/*!40101 SET character_set_client = @saved_cs_client */;

--
-- Dumping data for table `site_options`
--

LOCK TABLES `site_options` WRITE;
/*!40000 ALTER TABLE `site_options` DISABLE KEYS */;
INSERT INTO `site_options` VALUES (1,3,'МКУ МФЦ МО &quot;город Екатеринбург&quot;','','','','','','','',0,'');
/*!40000 ALTER TABLE `site_options` ENABLE KEYS */;
UNLOCK TABLES;

--
-- Table structure for table `structure`
--

DROP TABLE IF EXISTS `structure`;
/*!40101 SET @saved_cs_client     = @@character_set_client */;
/*!40101 SET character_set_client = utf8 */;
CREATE TABLE `structure` (
  `id` int(10) unsigned NOT NULL AUTO_INCREMENT,
  `group_id` int(10) unsigned NOT NULL,
  `pcod` varchar(64) NOT NULL,
  `level` tinyint(3) unsigned NOT NULL,
  `title` tinytext NOT NULL,
  `menu_title` tinytext NOT NULL,
  `path` varchar(80) NOT NULL,
  `hidden` tinyint(1) unsigned NOT NULL,
  `resp_text` tinytext NOT NULL,
  `resp_link` tinytext NOT NULL,
  `resp_id` int(10) unsigned NOT NULL,
  `resp_date` date NOT NULL,
  `unsafe` tinyint(1) unsigned NOT NULL,
  PRIMARY KEY (`id`),
  KEY `path` (`path`),
  KEY `resp_date` (`resp_date`),
  KEY `group_id` (`group_id`,`pcod`)
) ENGINE=MyISAM AUTO_INCREMENT=30 DEFAULT CHARSET=utf8;
/*!40101 SET character_set_client = @saved_cs_client */;

--
-- Dumping data for table `structure`
--

LOCK TABLES `structure` WRITE;
/*!40000 ALTER TABLE `structure` DISABLE KEYS */;
INSERT INTO `structure` VALUES
(1,3,'0001000000000000000000000000000000000000000000000000000000000000',1,'О МФЦ','','pages',0,'','',0,'0000-00-00',0),
(2,3,'0002000000000000000000000000000000000000000000000000000000000000',1,'Услуги, оказываемые МФЦ','Услуги','services',0,'','',0,'0000-00-00',0),
(3,3,'0003000000000000000000000000000000000000000000000000000000000000',1,'Отделения','','offices',0,'','',0,'0000-00-00',0),
(4,3,'0004000000000000000000000000000000000000000000000000000000000000',1,'Документы и регламенты','Документы','docs',0,'','',0,'0000-00-00',0),
(5,3,'0005000000000000000000000000000000000000000000000000000000000000',1,'Новости','','news',0,'','',0,'0000-00-00',0),
(11,3,'0006000000000000000000000000000000000000000000000000000000000000',1,'Контакты отделений МФЦ','Контакты','contacts',0,'','',0,'0000-00-00',0),
(6,3,'0001000100000000000000000000000000000000000000000000000000000000',2,'История МФЦ','','about',0,'','',0,'2015-10-29',0),
(7,3,'0001000200000000000000000000000000000000000000000000000000000000',2,'Цели и задачи МФЦ','','celi-i-zadachi-mfc',0,'','',0,'0000-00-00',0),
(8,3,'0001000300000000000000000000000000000000000000000000000000000000',2,'Сотрудники','','sotrudniki',0,'','',0,'0000-00-00',0),
(9,3,'0001000400000000000000000000000000000000000000000000000000000000',2,'Руководство','','rukovodstvo',0,'','',0,'0000-00-00',0),
(10,3,'0001000500000000000000000000000000000000000000000000000000000000',2,'Реквизиты','','rekvizity',0,'','',0,'0000-00-00',0),
(12,0,'0007000000000000000000000000000000000000000000000000000000000000',1,'О МФЦ','','o-mfts',0,'','',0,'0000-00-00',0),
(13,0,'0008000000000000000000000000000000000000000000000000000000000000',1,'История','','istoriya',0,'','',0,'0000-00-00',0),
(14,0,'0009000000000000000000000000000000000000000000000000000000000000',1,'История','','istoria',0,'','',0,'0000-00-00',0),
(15,0,'000a000000000000000000000000000000000000000000000000000000000000',1,'История','','istoriya',0,'','',0,'0000-00-00',0),
(16,3,'0003000100000000000000000000000000000000000000000000000000000000',2,'Отдел приема и выдачи документов по Железнодорожному району','','otdel-priema-i-vydachi-dokumentov-po-zheleznodorozhnomu-raionu',0,'','',0,'0000-00-00',0),
(17,3,'0003000b00000000000000000000000000000000000000000000000000000000',2,'Тестовое отделение','','testovoe-otdelenie',0,'','',9,'2015-10-31',0),
(20,3,'0003000500000000000000000000000000000000000000000000000000000000',2,'Отдел приема и выдачи документов по Верх-Исетскому району','','otdel-priema-i-vydachi-dokumentov-po-verkh-isetskomu-raionu',0,'','',0,'0000-00-00',0),
(19,3,'0003000400000000000000000000000000000000000000000000000000000000',2,'Отдел приема и выдачи документов по Орджоникидзевскому району','','otdel-priema-i-vydachi-dokumentov-po-ordzhonikidzevskomu-raionu',0,'','',0,'0000-00-00',0),
(21,3,'0003000600000000000000000000000000000000000000000000000000000000',2,'Отдел приема и выдачи документов по Кировскому району','','otdel-priema-i-vydachi-dokumentov-po-kirovskomu-raionu',0,'','',0,'0000-00-00',0),
(22,3,'0003000700000000000000000000000000000000000000000000000000000000',2,'Отдел приема и выдачи документов по Ленинскому району','','otdel-priema-i-vydachi-dokumentov-po-leninskomu-raionu',0,'','',0,'0000-00-00',0),
(23,3,'0003000800000000000000000000000000000000000000000000000000000000',2,'Отдел приема и выдачи документов по Чкаловскому району','','otdel-priema-i-vydachi-dokumentov-po-chkalovskomu-raionu',0,'','',0,'0000-00-00',0),
(24,3,'0003000900000000000000000000000000000000000000000000000000000000',2,'Отдел приема и выдачи документов по Октябрьскому району','','otdel-priema-i-vydachi-dokumentov-po-oktyabrskomu-raionu',0,'','',0,'0000-00-00',0),
(25,3,'0003000a00000000000000000000000000000000000000000000000000000000',2,'Окна приема и выдачи документов в пос. Малый Исток','','okna-priema-i-vydachi-dokumentov-v-pos-malyi-istok',0,'','',0,'0000-00-00',0),
(26,3,'000b000000000000000000000000000000000000000000000000000000000000',1,'Видео раздел','Видео','video',0,'','',0,'0000-00-00',0),
(27,3,'0002000100000000000000000000000000000000000000000000000000000000',2,'Жилье и недвижимость','','zhile-i-nedvizhimost',0,'','',0,'0000-00-00',0),
(28,3,'0002000100010000000000000000000000000000000000000000000000000000',3,'Предоставление информации об очередности предоставления жилых помещений на условиях социального найма','','predostavlenie-informatsii-ob-ocherednosti-predostavleniya-zhilykh-pomeshchenii-',0,'','',0,'0000-00-00',0),
(29,3,'000b000100000000000000000000000000000000000000000000000000000000',2,'Мультики','','multiki',0,'','',0,'0000-00-00',0);
/*!40000 ALTER TABLE `structure` ENABLE KEYS */;
UNLOCK TABLES;

--
-- Table structure for table `structure_access`
--

DROP TABLE IF EXISTS `structure_access`;
/*!40101 SET @saved_cs_client     = @@character_set_client */;
/*!40101 SET character_set_client = utf8 */;
CREATE TABLE `structure_access` (
  `id` int(10) unsigned NOT NULL AUTO_INCREMENT,
  `user_id` int(10) unsigned NOT NULL,
  `group_id` int(10) unsigned NOT NULL,
  `structure_id` int(10) unsigned NOT NULL,
  `access` tinyint(3) unsigned NOT NULL,
  PRIMARY KEY (`id`),
  KEY `user_id` (`user_id`)
) ENGINE=MyISAM AUTO_INCREMENT=3 DEFAULT CHARSET=utf8;
/*!40101 SET character_set_client = @saved_cs_client */;

--
-- Dumping data for table `structure_access`
--

LOCK TABLES `structure_access` WRITE;
/*!40000 ALTER TABLE `structure_access` DISABLE KEYS */;
INSERT INTO `structure_access` VALUES (2,9,3,2,2);
/*!40000 ALTER TABLE `structure_access` ENABLE KEYS */;
UNLOCK TABLES;

--
-- Table structure for table `structure_gallery_linked`
--

DROP TABLE IF EXISTS `structure_gallery_linked`;
/*!40101 SET @saved_cs_client     = @@character_set_client */;
/*!40101 SET character_set_client = utf8 */;
CREATE TABLE `structure_gallery_linked` (
  `id` int(10) unsigned NOT NULL AUTO_INCREMENT,
  `group_id` int(10) unsigned NOT NULL,
  `structure_id` int(10) unsigned NOT NULL,
  `linked_id` int(10) unsigned NOT NULL,
  PRIMARY KEY (`id`),
  KEY `group_id` (`group_id`,`structure_id`)
) ENGINE=MyISAM AUTO_INCREMENT=4 DEFAULT CHARSET=utf8;
/*!40101 SET character_set_client = @saved_cs_client */;

--
-- Dumping data for table `structure_gallery_linked`
--

LOCK TABLES `structure_gallery_linked` WRITE;
/*!40000 ALTER TABLE `structure_gallery_linked` DISABLE KEYS */;
INSERT INTO `structure_gallery_linked` VALUES (1,3,16,1),(2,3,23,1),(3,3,24,1);
/*!40000 ALTER TABLE `structure_gallery_linked` ENABLE KEYS */;
UNLOCK TABLES;

--
-- Table structure for table `structure_texts_cross`
--

DROP TABLE IF EXISTS `structure_texts_cross`;
/*!40101 SET @saved_cs_client     = @@character_set_client */;
/*!40101 SET character_set_client = utf8 */;
CREATE TABLE `structure_texts_cross` (
  `id` int(10) unsigned NOT NULL AUTO_INCREMENT,
  `structure_id` int(10) unsigned NOT NULL,
  `type` varchar(16) NOT NULL,
  `text_id` int(10) unsigned NOT NULL,
  `text_text` varchar(1024) NOT NULL,
  `order` tinyint(3) unsigned NOT NULL,
  PRIMARY KEY (`id`),
  KEY `structure_id` (`structure_id`),
  KEY `text_id` (`text_id`)
) ENGINE=MyISAM AUTO_INCREMENT=43 DEFAULT CHARSET=utf8;
/*!40101 SET character_set_client = @saved_cs_client */;

--
-- Dumping data for table `structure_texts_cross`
--

LOCK TABLES `structure_texts_cross` WRITE;
/*!40000 ALTER TABLE `structure_texts_cross` DISABLE KEYS */;
INSERT INTO `structure_texts_cross` VALUES (34,1,'inner',21,'',1),(2,12,'inner',1,'',1),(3,13,'inner',2,'',1),(4,13,'news',0,'',2),(5,15,'inner',3,'',1),(6,6,'inner',4,'',2),(7,2,'inner',5,'',2),(16,16,'inner',8,'',1),(13,7,'inner',6,'',1),(36,27,'inner',22,'',1),(17,17,'inner',9,'',1),(19,9,'inner',10,'',1),(21,10,'inner',11,'',1),(24,20,'inner',14,'',1),(23,19,'inner',13,'',1),(25,21,'inner',15,'',1),(27,22,'inner',16,'',1),(28,23,'inner',17,'',1),(29,24,'inner',18,'',1),(30,25,'inner',19,'',1),(31,3,'inner',20,'',1),(35,8,'admtree',0,'',1),(37,28,'inner',23,'',1),(38,29,'inner',24,'',1),(39,26,'inner',25,'',1),(42,11,'inner',26,'',1);
/*!40000 ALTER TABLE `structure_texts_cross` ENABLE KEYS */;
UNLOCK TABLES;

--
-- Table structure for table `tags`
--

DROP TABLE IF EXISTS `tags`;
/*!40101 SET @saved_cs_client     = @@character_set_client */;
/*!40101 SET character_set_client = utf8 */;
CREATE TABLE `tags` (
  `id` int(10) unsigned NOT NULL AUTO_INCREMENT,
  `group_id` int(10) unsigned NOT NULL,
  `title` tinytext NOT NULL,
  `path` varchar(80) NOT NULL,
  `description` tinytext NOT NULL,
  `keywords` tinytext NOT NULL,
  `export_id` int(10) unsigned NOT NULL,
  PRIMARY KEY (`id`),
  KEY `title` (`title`(32)),
  KEY `group_id` (`group_id`),
  KEY `export_id` (`export_id`)
) ENGINE=MyISAM AUTO_INCREMENT=17 DEFAULT CHARSET=utf8;
/*!40101 SET character_set_client = @saved_cs_client */;

--
-- Dumping data for table `tags`
--

LOCK TABLES `tags` WRITE;
/*!40000 ALTER TABLE `tags` DISABLE KEYS */;
INSERT INTO `tags` VALUES (5,3,'александр якоб','','','',0),(6,3,'открытие отделения мфц','','','',0),(8,3,'вадим дударенко','','','',0),(9,3,'александр мирошник','','','',0),(10,3,'наталья змеева','','','',0),(11,3,'есиа','','','',0),(12,3,'муниципальные услуги','','','',0),(13,3,'график работы','','','',0),(14,3,'прием граждан','','','',0),(15,3,'изменения','','','',0),(16,3,'компенсация расходов жку','','','',0);
/*!40000 ALTER TABLE `tags` ENABLE KEYS */;
UNLOCK TABLES;

--
-- Table structure for table `tags_cross`
--

DROP TABLE IF EXISTS `tags_cross`;
/*!40101 SET @saved_cs_client     = @@character_set_client */;
/*!40101 SET character_set_client = utf8 */;
CREATE TABLE `tags_cross` (
  `id` int(10) unsigned NOT NULL AUTO_INCREMENT,
  `tag_id` int(10) unsigned NOT NULL,
  `module` varchar(32) NOT NULL,
  `module_id` int(10) unsigned NOT NULL,
  PRIMARY KEY (`id`),
  KEY `module_id` (`module`,`module_id`),
  KEY `tag_id` (`tag_id`)
) ENGINE=MyISAM AUTO_INCREMENT=26 DEFAULT CHARSET=utf8;
/*!40101 SET character_set_client = @saved_cs_client */;

--
-- Dumping data for table `tags_cross`
--

LOCK TABLES `tags_cross` WRITE;
/*!40000 ALTER TABLE `tags_cross` DISABLE KEYS */;
INSERT INTO `tags_cross` VALUES (1,1,'files',1),(2,2,'files',1),(25,16,'news',4),(24,15,'news',4),(6,5,'news',5),(8,7,'news',5),(9,7,'news',6),(10,8,'news',6),(11,9,'news',6),(12,9,'news',7),(13,10,'news',7),(14,7,'news',7),(15,11,'news',8),(16,12,'news',10),(17,12,'news',9),(18,13,'news',11),(19,7,'news',12),(20,10,'news',14),(21,14,'news',14),(22,10,'news',16),(23,14,'news',16);
/*!40000 ALTER TABLE `tags_cross` ENABLE KEYS */;
UNLOCK TABLES;

--
-- Table structure for table `user_groups`
--

DROP TABLE IF EXISTS `user_groups`;
/*!40101 SET @saved_cs_client     = @@character_set_client */;
/*!40101 SET character_set_client = utf8 */;
CREATE TABLE `user_groups` (
  `id` int(10) unsigned NOT NULL AUTO_INCREMENT,
  `title` varchar(120) NOT NULL,
  `subdomain` varchar(32) NOT NULL,
  `synonym` tinytext NOT NULL,
  `external_ip` varchar(15) NOT NULL,
  `template` varchar(32) NOT NULL,
  `hidden` tinyint(1) unsigned NOT NULL,
  `description` tinytext NOT NULL,
  `issuper` tinyint(1) unsigned NOT NULL,
  `isadmin` tinyint(1) unsigned NOT NULL,
  PRIMARY KEY (`id`),
  KEY `subdomain` (`subdomain`)
) ENGINE=MyISAM AUTO_INCREMENT=5 DEFAULT CHARSET=utf8;
/*!40101 SET character_set_client = @saved_cs_client */;

--
-- Dumping data for table `user_groups`
--

LOCK TABLES `user_groups` WRITE;
/*!40000 ALTER TABLE `user_groups` DISABLE KEYS */;
INSERT INTO `user_groups` VALUES (1,'_Суперпользователи','','','','admin',0,'',1,0),(3,'МФЦ','mfc','mfc-test.web-otdel.com','','mfc',0,'',0,0),(4,'Отказники','mfc','mfc-test.web-otdel.com','','mfc',1,'Отказники',0,0);
/*!40000 ALTER TABLE `user_groups` ENABLE KEYS */;
UNLOCK TABLES;

--
-- Table structure for table `user_groups_cross`
--

DROP TABLE IF EXISTS `user_groups_cross`;
/*!40101 SET @saved_cs_client     = @@character_set_client */;
/*!40101 SET character_set_client = utf8 */;
CREATE TABLE `user_groups_cross` (
  `id` int(10) unsigned NOT NULL AUTO_INCREMENT,
  `user_id` int(10) unsigned NOT NULL,
  `group_id` int(10) unsigned NOT NULL,
  PRIMARY KEY (`id`),
  KEY `user_id` (`user_id`),
  KEY `group_id` (`group_id`)
) ENGINE=MyISAM AUTO_INCREMENT=9 DEFAULT CHARSET=utf8;
/*!40101 SET character_set_client = @saved_cs_client */;

--
-- Dumping data for table `user_groups_cross`
--

LOCK TABLES `user_groups_cross` WRITE;
/*!40000 ALTER TABLE `user_groups_cross` DISABLE KEYS */;
INSERT INTO `user_groups_cross` VALUES (1,4,1),(7,9,3),(3,6,1),(4,7,1),(6,8,3),(8,10,3);
/*!40000 ALTER TABLE `user_groups_cross` ENABLE KEYS */;
UNLOCK TABLES;

--
-- Table structure for table `users`
--

DROP TABLE IF EXISTS `users`;
/*!40101 SET @saved_cs_client     = @@character_set_client */;
/*!40101 SET character_set_client = utf8 */;
CREATE TABLE `users` (
  `id` int(10) unsigned NOT NULL AUTO_INCREMENT,
  `login` varchar(32) NOT NULL,
  `password` varchar(32) NOT NULL,
  `name` tinytext NOT NULL,
  `comment` text NOT NULL,
  PRIMARY KEY (`id`)
) ENGINE=MyISAM AUTO_INCREMENT=11 DEFAULT CHARSET=utf8;
/*!40101 SET character_set_client = @saved_cs_client */;

--
-- Dumping data for table `users`
--

LOCK TABLES `users` WRITE;
/*!40000 ALTER TABLE `users` DISABLE KEYS */;
INSERT INTO `users` VALUES (4,'pan','b26986ceee60f744534aaab928cc12df','massa developer',''),
(5,'mfc@localhost.lo','b26986ceee60f744534aaab928cc12df','mfc',''),
(6,'serge@ekburg.ru','07b61236be20035828a05fad4cad8023','Сергей Лямин',''),
(7,'siluyanova_mp@ekadm.ru','007d41fa9c51164c0b4d9b6fb0e05bb6','Мария Силуянова',''),
(8,'kryazhev_av@ekadm.ru','2a68fad33d3e4e4d87401db29b24e4e2','Алексей',''),
(9,'lyscov@ekadm.ru','0d206681fdd4fdda7d79cd990f4ae6b4','Юрий','Начальник отдела программного обеспечения, МКУ МФЦ МО &quot;город Екатеринбург&quot;, lyscov@ekadm.ru, 10527.'),
(10,'olpot@yandex.ru','3a9e526504c4e0e13d35f8254fce82ae','Олег Потапенко (Веб-отдел)','контент-менеджер, компания Веб-отдел.');
/*!40000 ALTER TABLE `users` ENABLE KEYS */;
UNLOCK TABLES;
/*!40103 SET TIME_ZONE=@OLD_TIME_ZONE */;

/*!40101 SET SQL_MODE=@OLD_SQL_MODE */;
/*!40014 SET FOREIGN_KEY_CHECKS=@OLD_FOREIGN_KEY_CHECKS */;
/*!40014 SET UNIQUE_CHECKS=@OLD_UNIQUE_CHECKS */;
/*!40101 SET CHARACTER_SET_CLIENT=@OLD_CHARACTER_SET_CLIENT */;
/*!40101 SET CHARACTER_SET_RESULTS=@OLD_CHARACTER_SET_RESULTS */;
/*!40101 SET COLLATION_CONNECTION=@OLD_COLLATION_CONNECTION */;
/*!40111 SET SQL_NOTES=@OLD_SQL_NOTES */;

-- Dump completed on 2015-11-09 11:53:15
